<?xml version="1.0" encoding="UTF-8"?>
<kml xmlns="http://www.opengis.net/kml/2.2" xmlns:gx="http://www.google.com/kml/ext/2.2" xmlns:kml="http://www.opengis.net/kml/2.2" xmlns:atom="http://www.w3.org/2005/Atom">
<Document>
	<name>amiktaskin.kml</name>
	<Style id="PolyStyle40">
		<LabelStyle>
			<color>00000000</color>
			<scale>0</scale>
		</LabelStyle>
		<LineStyle>
			<color>7f6e6e6e</color>
			<width>0.4</width>
		</LineStyle>
		<PolyStyle>
			<color>7f0000ff</color>
		</PolyStyle>
	</Style>
	<Folder id="FeatureLayer26">
		<name>amiktaskin</name>
		<Snippet maxLines="0"></Snippet>
		<Placemark id="ID_260000">
			<name>Amik Ovası Taşkın Sahası</name>
			<Snippet maxLines="0"></Snippet>
			<description><![CDATA[<html xmlns:fo="http://www.w3.org/1999/XSL/Format" xmlns:msxsl="urn:schemas-microsoft-com:xslt">

<head>

<META http-equiv="Content-Type" content="text/html">

<meta http-equiv="content-type" content="text/html; charset=UTF-8">

</head>

<body style="margin:0px 0px 0px 0px;overflow:auto;background:#FFFFFF;">

<table style="font-family:Arial,Verdana,Times;font-size:12px;text-align:left;width:100%;border-collapse:collapse;padding:3px 3px 3px 3px">

<tr style="text-align:center;font-weight:bold;background:#9CBCE2">

<td>Amik Ovası Taşkın Sahası</td>

</tr>

<tr>

<td>

<table style="font-family:Arial,Verdana,Times;font-size:12px;text-align:left;width:100%;border-spacing:0px; padding:3px 3px 3px 3px">

<tr>

<td>SHAPE</td>

<td>Polygon</td>

</tr>

<tr bgcolor="#D4E4F3">

<td>Adı</td>

<td>Amik Ovası Taşkın Sahası</td>

</tr>

<tr>

<td>Kot</td>

<td>81,5 metre</td>

</tr>

<tr bgcolor="#D4E4F3">

<td>SHAPE_Length</td>

<td>150453.050543</td>

</tr>

<tr>

<td>SHAPE_Area</td>

<td>198814921.341728</td>

</tr>

</table>

</td>

</tr>

</table>

</body>

</html>]]></description>
			<styleUrl>#PolyStyle40</styleUrl>
			<MultiGeometry>
				<Polygon>
					<outerBoundaryIs>
						<LinearRing>
							<coordinates>
								36.36366227217854,36.38367102255882,0 36.36370553502178,36.3837959921205,0 36.36364693089391,36.38381342568405,0 36.36355623503434,36.38381370179079,0 36.36343328924665,36.38376230999209,0 36.36325661248696,36.38362911841473,0 36.36312805094348,36.38351735040661,0 36.36300520642078,36.38348752631386,0 36.36285568684178,36.38345778420675,0 36.36266892150943,36.38344972400273,0 36.36248753298384,36.38345027384292,0 36.36230614332871,36.38345082428312,0 36.3622151482761,36.38338639327819,0 36.36219328889315,36.3832743000312,0 36.36219286870703,36.38318371110169,0 36.36217080778936,36.38302847980184,0 36.36210117357712,36.38296829696854,0 36.36199136116198,36.38291255073413,0 36.36188839843804,36.38286230016659,0 36.36172065534866,36.38280863502024,0 36.36143440965858,36.38272462888628,0 36.36131224587882,36.3826905182873,0 36.36120408633342,36.38266031762013,0 36.36110789849825,36.38262629797454,0 36.36098700373379,36.38256165478552,0 36.36088849266501,36.38250777874638,0 36.36081002928655,36.3824430073108,0 36.36076284825457,36.3823817537817,0 36.36077132140964,36.38228240943143,0 36.36086948318204,36.38226044348218,0 36.36100351772396,36.38226906748695,0 36.36114844191309,36.38229822450826,0 36.3613995416199,36.38237511416033,0 36.36171474007129,36.38246906382498,0 36.36186463767467,36.3825807695069,0 36.3620785936503,36.38270090863889,0 36.36226030156252,36.38276937839848,0 36.36240442480558,36.38278619709585,0 36.36258583321902,36.38278996025146,0 36.36276736127389,36.38281960593524,0 36.36297552376912,36.3828405424927,0 36.36310915809123,36.38289621654117,0 36.36322686788719,36.3829691931784,0 36.36335566940012,36.38313272760241,0 36.36344694552912,36.38325755010586,0 36.3635545887922,36.3834599725748,0 36.36366227217854,36.38367102255882,0 
							</coordinates>
						</LinearRing>
					</outerBoundaryIs>
				</Polygon>
				<Polygon>
					<outerBoundaryIs>
						<LinearRing>
							<coordinates>
								36.35921919885422,36.38720849053249,0 36.3591100869806,36.38731071092675,0 36.35903926549909,36.38739952614252,0 36.35897402594529,36.38751047589937,0 36.35889758303899,36.38756829723504,0 36.35882087673781,36.38756852771149,0 36.35874386380189,36.38750230714704,0 36.3586281107155,36.38735203003093,0 36.35847410738171,36.38722401962884,0 36.35833692704729,36.38718012943667,0 36.35818341133747,36.38715843928344,0 36.35798620591646,36.38716789051398,0 36.35779433686068,36.38714631526268,0 36.35762982332079,36.38711579750778,0 36.35748154415242,36.38704092913591,0 36.35738801479601,36.3869570363909,0 36.35713522866641,36.38679387790803,0 36.35696525650884,36.38676780589405,0 36.35683371972812,36.3867593379698,0 36.35670216136311,36.38674644071207,0 36.35657602290962,36.38672023661331,0 36.35633993898833,36.38661461855241,0 36.35625655787494,36.38654033525869,0 36.35609394449912,36.38643128889986,0 36.35594021504902,36.38632221560799,0 36.35582897466438,36.38627765706688,0 36.3556396813317,36.38616150669971,0 36.3555213936808,36.38603257596881,0 36.35548755983695,36.38591775871507,0 36.35553614660177,36.38585835900665,0 36.3556047998911,36.38581685640963,0 36.35574671384458,36.38576974784463,0 36.3558508498045,36.38571736543878,0 36.35595491947311,36.38565061835258,0 36.3560612189225,36.38558565996134,0 36.35615187496415,36.38549920099298,0 36.35622472382027,36.38540381727646,0 36.35625107816609,36.38533909687418,0 36.35627028576361,36.38516845813761,0 36.3562695899953,36.38501583423879,0 36.35627114673979,36.38487038635966,0 36.35630179402362,36.3847733324673,0 36.35636346476524,36.38466182115486,0 36.3564319696993,36.3845879979627,0 36.35652922885823,36.38448894942751,0 36.35657319993217,36.38439185615602,0 36.35661263040689,36.38427322893239,0 36.35663218264164,36.3841780038969,0 36.3566471860462,36.38405944946421,0 36.35666216451872,36.38393550864144,0 36.35671697574792,36.38378092346945,0 36.35676084778037,36.38366228277727,0 36.3568114961336,36.38356876107842,0 36.35690406587181,36.38341585816059,0 36.35696807836938,36.38333127432888,0 36.35708955656165,36.38318726312562,0 36.35718905013788,36.38309179903745,0 36.35724853086072,36.38298747659793,0 36.35729247519985,36.382884995681,0 36.35737431448461,36.38276618317898,0 36.35752195792637,36.38270371942698,0 36.35783893299638,36.38252999498378,0 36.35793720526689,36.38245438915281,0 36.35798610819165,36.38236564000953,0 36.3581003693024,36.382192522691,0 36.35824234827117,36.38209020398609,0 36.35851565328863,36.38195205034264,0 36.35863592030271,36.38189409752019,0 36.35884902021807,36.38176941381851,0 36.3589635627437,36.38165831737807,0 36.35908372695123,36.38157821372406,0 36.35919873907572,36.38156900773947,0 36.35934134768623,36.38160401975215,0 36.35941847730565,36.38169682017082,0 36.35947379335148,36.38181183676606,0 36.35956198288228,36.38192675495679,0 36.35969396108114,36.38203268018525,0 36.35979316952528,36.3821608550096,0 36.35989779611923,36.38227572284452,0 36.35994753334231,36.38236860564456,0 36.35997010217211,36.38251030190668,0 36.35995973651003,36.38263880645372,0 36.35988346244085,36.38273206923858,0 36.35972488491036,36.38279899860198,0 36.35955524741066,36.38284381079564,0 36.35942394051553,36.38288407672021,0 36.35924894662424,36.38295548467147,0 36.35914000273981,36.38309314681438,0 36.3590475350331,36.3832396180361,0 36.35903164871225,36.38335927987661,0 36.3589887349901,36.3835587635768,0 36.35894007638408,36.38370067392533,0 36.35879819713272,36.3838251436887,0 36.35866696949574,36.38388312895238,0 36.35851384685237,36.38394561072997,0 36.35836634578264,36.38403908613054,0 36.35831746269045,36.38413226545298,0 36.35824668459548,36.38422994046237,0 36.35820352472874,36.38437626388385,0 36.35820395114089,36.38446929523603,0 36.35825374928742,36.38457546799683,0 36.35835293768525,36.38469921393527,0 36.35850681473109,36.3848006457569,0 36.35861679913826,36.38488891769141,0 36.35868871746772,36.3850393261566,0 36.35867822664807,36.38514125004354,0 36.35866233922447,36.38526091086126,0 36.35860822152663,36.38540726771664,0 36.35858742474772,36.38565098698211,0 36.35863718289884,36.38574829947554,0 36.35872549770588,36.3858897987465,0 36.35891251603067,36.38604872107068,0 36.35920931812465,36.38625161394399,0 36.359385136016,36.38635740815554,0 36.3595063671714,36.38650766784755,0 36.35953987337309,36.38664490067495,0 36.35952421160196,36.38681329235977,0 36.35942624113612,36.38695535118288,0 36.359366461007,36.38706185354636,0 36.35921919885422,36.38720849053249,0 
							</coordinates>
						</LinearRing>
					</outerBoundaryIs>
				</Polygon>
				<Polygon>
					<outerBoundaryIs>
						<LinearRing>
							<coordinates>
								36.4045097493656,36.45023110661181,0 36.4046247951785,36.45042300487781,0 36.404665108673,36.4505470544139,0 36.40464583587087,36.45065528211454,0 36.40454728777312,36.45077579570358,0 36.40445834530845,36.45083618789992,0 36.40437431902502,36.45088855055297,0 36.40415161740499,36.4509734306328,0 36.40407763274903,36.4510497954742,0 36.4040383802194,36.45113004796826,0 36.4039946241949,36.45129844883527,0 36.40395541216889,36.45138671335199,0 36.4038715930388,36.4514791351105,0 36.40370328947969,36.4515357878699,0 36.40358934416319,36.45155620386883,0 36.40326713535416,36.45157732241724,0 36.403113416851,36.45157784231073,0 36.40286071214699,36.45161474951639,0 36.40279147746885,36.45165103670329,0 36.40264313088723,36.45173165759829,0 36.40245505387506,36.45180039360056,0 36.40235102552066,36.45182077470903,0 36.4022419758452,36.45182915353549,0 36.4021128431954,36.45178952894,0 36.40199338064497,36.45170179905287,0 36.40192821570589,36.45156581477729,0 36.40191769828118,36.4514496756186,0 36.40186259524425,36.45134169946627,0 36.40181245169057,36.45123370604151,0 36.40184674834213,36.45115347075245,0 36.40195546617328,36.4510809965718,0 36.40209410070032,36.4510404696015,0 36.40241099762488,36.45095126927512,0 36.40254923825806,36.45083462929811,0 36.40257865920784,36.4507704343256,0 36.40258797573477,36.45065422869015,0 36.40250328678913,36.45057839950921,0 36.40242865968055,36.45053057929008,0 36.4022647983108,36.45048706589779,0 36.40211081290935,36.4504355065525,0 36.40196655937211,36.45034786040279,0 36.40186197464784,36.45026008043094,0 36.40171757659458,36.45014439218895,0 36.40156357200342,36.45008882659913,0 36.40140467136683,36.45004529483404,0 36.40124114206577,36.45006587486159,0 36.40111756981263,36.45014240393193,0 36.40099901833708,36.45023093419557,0 36.40088003320648,36.45023533984966,0 36.40078557271833,36.45018758485879,0 36.4006215896793,36.45012003397243,0 36.40049746041724,36.4500884017078,0 36.40038826952013,36.45006873805906,0 36.40023467752526,36.45009328965363,0 36.40001220047864,36.45022222783084,0 36.39986887380443,36.45031484572606,0 36.39973558845198,36.45043146618929,0 36.39968120891508,36.45046369623795,0 36.39957191479792,36.45042400211655,0 36.39951617796003,36.45019184026964,0 36.39953959444154,36.44992335972302,0 36.39960272024238,36.449662758306,0 36.3997013156788,36.44955026020581,0 36.39979252247074,36.44948071833606,0 36.39994405356336,36.44938933919044,0 36.40023829710084,36.44926555396167,0 36.40052069498373,36.44920320731066,0 36.40068478828782,36.44919037682203,0 36.40104637646982,36.4491572343577,0 36.40127437178103,36.44915646874823,0 36.40153277887762,36.44915805501205,0 36.4017150093263,36.44912551409651,0 36.40184537185206,36.44905630797133,0 36.40193619008836,36.44898232271815,0 36.40210895842016,36.44888350206808,0 36.40226680641229,36.44883876264837,0 36.40249490181114,36.44885764132116,0 36.4026985007056,36.44884221920432,0 36.40282308659636,36.44883197459505,0 36.40297178881561,36.44878235313172,0 36.40308373225205,36.44867882441189,0 36.40314089285308,36.44856319971072,0 36.40319796510364,36.4484303844879,0 36.40327356860431,36.44835399319083,0 36.40341599884066,36.44826755299462,0 36.40361346516499,36.44824232541848,0 36.40371685919561,36.44824934340654,0 36.40379632916615,36.44833257813537,0 36.40382422276336,36.44843563528232,0 36.40380627671451,36.44849218363944,0 36.40376748321143,36.44863230505167,0 36.40373761847465,36.44873555793026,0 36.40369259252148,36.44884622882679,0 36.40365048206475,36.44900016619636,0 36.40361139535229,36.44911246599754,0 36.40368141551161,36.44922840412582,0 36.40393573350805,36.44950395792687,0 36.40404060947225,36.44964781888502,0 36.40429528336298,36.44999147335018,0 36.4045097493656,36.45023110661181,0 
							</coordinates>
						</LinearRing>
					</outerBoundaryIs>
				</Polygon>
				<Polygon>
					<outerBoundaryIs>
						<LinearRing>
							<coordinates>
								36.41173638592811,36.45301440581702,0 36.41164417461422,36.4530056987452,0 36.41154085252565,36.45300831169736,0 36.41140118724854,36.45300428046371,0 36.41136357606528,36.45300124627316,0 36.41134367564779,36.45299964097449,0 36.41126707140338,36.45299346144292,0 36.41116086075301,36.4529780341973,0 36.41108805682148,36.45294218505694,0 36.41100952489146,36.45287928138049,0 36.41103142747379,36.45279572537478,0 36.41113164716943,36.45273446175038,0 36.41123491003658,36.45272056875172,0 36.41136324815361,36.45269530805359,0 36.41145517227893,36.45264986666929,0 36.4114968738653,36.45261362310703,0 36.41157210064718,36.45257952018194,0 36.41162226417546,36.4525590409614,0 36.41166398961751,36.45252731040132,0 36.41178680199359,36.45251334904036,0 36.41188464500782,36.45253106178055,0 36.41194087083185,36.45260081076643,0 36.41199163150716,36.45269314087309,0 36.41203389302259,36.45276293742689,0 36.41204556603757,36.45285765944295,0 36.41199007905973,36.45292779382831,0 36.41188144565183,36.45298231815043,0 36.41173638592811,36.45301440581702,0 
							</coordinates>
						</LinearRing>
					</outerBoundaryIs>
				</Polygon>
				<Polygon>
					<outerBoundaryIs>
						<LinearRing>
							<coordinates>
								36.40419218664608,36.45274481920362,0 36.4040144326416,36.45280889302974,0 36.40388375165488,36.45286011192891,0 36.40376330450495,36.45286475083537,0 36.40349100620803,36.45287836643185,0 36.40338101290432,36.45287873799509,0 36.40321333914871,36.45286660982144,0 36.40309269535069,36.45283316614219,0 36.40294053690453,36.45278290300148,0 36.40274641235296,36.45272008632177,0 36.40255769999789,36.4526911036789,0 36.40245800683039,36.45265758834686,0 36.40225884089676,36.45263287120278,0 36.40196013616829,36.45260425717018,0 36.40171913440278,36.45259237460826,0 36.40147287278855,36.45257627721129,0 36.40137315975719,36.45253853010355,0 36.40132578019441,36.4524921436429,0 36.40129407019933,36.45243724110591,0 36.40130923888043,36.45233140488136,0 36.40134546667506,36.45224665514238,0 36.40140268869405,36.45217029641614,0 36.40148840518823,36.45211866761154,0 36.40152278625953,36.45209795882779,0 36.40178456306429,36.45207592078263,0 36.40226665135207,36.45211661143342,0 36.40250773968909,36.45214541833606,0 36.40283824081818,36.45224585769124,0 36.4030742229797,36.45230006924744,0 36.40333639486896,36.45235419255779,0 36.40354081951919,36.45238312122662,0 36.40378173406345,36.45237807550403,0 36.4039757716573,36.45242396411054,0 36.40417502491492,36.45246560387785,0 36.4044106578296,36.45245211173209,0 36.40473517740655,36.45240869763859,0 36.40499173830066,36.45239090109134,0 36.40521185585458,36.45241554310784,0 36.40530648647325,36.45248292480785,0 36.40535419959867,36.45259277912701,0 36.40534407580337,36.4526605164718,0 36.40520314088879,36.45275408595374,0 36.40502540944656,36.45282239224353,0 36.40484728050788,36.45281453343062,0 36.40473198453131,36.45280223021246,0 36.40454309551183,36.45273939966586,0 36.40431774007291,36.45271477490382,0 36.40419218664608,36.45274481920362,0 
							</coordinates>
						</LinearRing>
					</outerBoundaryIs>
				</Polygon>
				<Polygon>
					<outerBoundaryIs>
						<LinearRing>
							<coordinates>
								36.42979781027852,36.46326823564117,0 36.42977475574273,36.46334416301946,0 36.42963904655269,36.46342428955193,0 36.42953586587617,36.46344362198815,0 36.42942319150964,36.46344402715796,0 36.42924948424604,36.46344465246656,0 36.42913660106627,36.4634071354844,0 36.42899992972783,36.4633128207723,0 36.4288397650264,36.46321479821707,0 36.4287362506484,36.46317345514467,0 36.42860938759824,36.46315495007201,0 36.42851553365606,36.46316287100282,0 36.42840765854868,36.46318221931445,0 36.42835132155381,36.46318242228744,0 36.42821047803185,36.46318292732774,0 36.42810719323364,36.46318329759444,0 36.4280365006744,36.46313425210914,0 36.42804549510438,36.46306216765202,0 36.42811088773596,36.46300125725053,0 36.42819505959404,36.46294027858673,0 36.42823674892745,36.46283773838874,0 36.42821283745066,36.46275818771218,0 36.42819823175905,36.46266343352904,0 36.42817897323099,36.46257628109535,0 36.42821154426306,36.46252307245853,0 36.42832835001898,36.46242026286762,0 36.42842641691209,36.46232510450573,0 36.42851031660562,36.46221482857524,0 36.42858484792725,36.46210837829067,0 36.42867851170219,36.46206632735664,0 36.4288290761971,36.46212646188836,0 36.42906902887945,36.46222040566109,0 36.42918656308348,36.46225032084917,0 36.42935104581765,36.46228006716812,0 36.42949192848155,36.46228714470951,0 36.42963272751764,36.46227905404739,0 36.42977845228151,36.46231265934917,0 36.42978350239611,36.46237710931581,0 36.42974632164586,36.46244550336587,0 36.4296761316538,36.46248747068713,0 36.429620276046,36.46257489409701,0 36.42961620879371,36.46268867577203,0 36.42966854096101,36.46281363169361,0 36.42975805546457,36.46287019269305,0 36.42988062133449,36.46296076522409,0 36.4298997563237,36.46302516449907,0 36.42988608994723,36.46310105897776,0 36.42987232008817,36.46315799162861,0 36.42979781027852,36.46326823564117,0 
							</coordinates>
						</LinearRing>
					</outerBoundaryIs>
				</Polygon>
				<Polygon>
					<outerBoundaryIs>
						<LinearRing>
							<coordinates>
								36.43074286279785,36.45331216448724,0 36.43058814268204,36.45340786675391,0 36.43046042839148,36.45354671936006,0 36.43031149116299,36.45372024538974,0 36.43015739084419,36.45392838879359,0 36.43002484640119,36.4541624017735,0 36.42988118893468,36.4543229349738,0 36.42972185215493,36.45455272022353,0 36.42969613491338,36.45474310058408,0 36.42975088609468,36.45496346548693,0 36.42985391399351,36.45520095521598,0 36.4299941770962,36.45539506330444,0 36.43012294641647,36.45544649621765,0 36.43025233708219,36.45561036983052,0 36.4303012340085,36.45573993531801,0 36.43030730485005,36.45586965607328,0 36.43024970604793,36.45610339923503,0 36.4301540118889,36.4562248368791,0 36.42999448188288,36.45642002460648,0 36.42985696142193,36.45672325152391,0 36.4298097575159,36.45690073611078,0 36.42972013149583,36.45715189314583,0 36.42960316442064,36.45729935513763,0 36.42944348688056,36.45746859455532,0 36.42940144455331,36.45761146228836,0 36.42937558349529,36.45777589507205,0 36.42932295268602,36.4579404250393,0 36.42925959084825,36.4581006680672,0 36.42921214728321,36.45823490518529,0 36.42919701636223,36.45840362479951,0 36.42924070296655,36.45855915785655,0 36.42937585592161,36.45879653190681,0 36.42945663818626,36.45888273626763,0 36.42949461502321,36.45897341928305,0 36.42954915384571,36.45915486182769,0 36.42957149881146,36.45932344548735,0 36.42957214210232,36.45944021092437,0 36.42959991342528,36.45962174982522,0 36.42969195302199,36.45980738283599,0 36.42979427021813,36.45991513219087,0 36.42987495811875,36.45998403745448,0 36.43002536550449,36.46007431567535,0 36.43014341129472,36.46012146199056,0 36.43028280004705,36.46015555737216,0 36.43055651122678,36.46027566319367,0 36.43067460572175,36.46033145844076,0 36.43087360437131,36.4604950797355,0 36.4311105844663,36.46074938333617,0 36.43123434394542,36.46086137946701,0 36.43147072621,36.4610075663054,0 36.43188443434162,36.46126987841733,0 36.43202965973097,36.46139044538966,0 36.43211611322454,36.46153284863649,0 36.43213808066635,36.4616322383418,0 36.43214953311595,36.46176626293789,0 36.43197412653586,36.46199610950861,0 36.43193213406286,36.46214762666036,0 36.43197566084055,36.46227288683311,0 36.43207781734127,36.46235036144577,0 36.43213193250884,36.46245395995944,0 36.43207894501547,36.46255362041409,0 36.4319186628146,36.46261474673039,0 36.43174760063221,36.46266293757881,0 36.43156078852834,36.46276740646182,0 36.43145944691688,36.46283696902222,0 36.43137466972042,36.46299729083803,0 36.43133798248627,36.46314013929911,0 36.43136561553485,36.46329572962625,0 36.43148424119126,36.46344666614894,0 36.43152236674918,36.46356329603815,0 36.43150157383392,36.46367581457201,0 36.43142736069191,36.46381014922598,0 36.43135283509007,36.4638882643222,0 36.431181673583,36.46391915536095,0 36.43092422573406,36.46383791602244,0 36.43081702630001,36.46381667884717,0 36.43064531404473,36.46374810340836,0 36.43052183700045,36.46368800219556,0 36.43050006327349,36.46362321000024,0 36.43060152626522,36.46357527190132,0 36.43077811279891,36.46355733595345,0 36.43092785730837,36.46352652221085,0 36.43101309000067,36.46344836852657,0 36.43108759085537,36.46336592980689,0 36.43111392952802,36.46328799009708,0 36.43109201114855,36.46319724969354,0 36.43095220969113,36.46308963580881,0 36.4308286137994,36.4630079122734,0 36.43071056327752,36.46296076646764,0 36.43056576726995,36.46291804181002,0 36.43051136691464,36.4627625470028,0 36.43050529586117,36.46263282725854,0 36.43061720191145,36.46253727933889,0 36.43078264777339,36.4624415381449,0 36.43086247835277,36.46235475586364,0 36.43093169580444,36.46228531029086,0 36.43094151830803,36.46212525973483,0 36.43086589401639,36.4620044395545,0 36.43087607543387,36.46190925881423,0 36.43099863978342,36.46180502310735,0 36.43107337944466,36.46176583058535,0 36.43108872214233,36.4616360331025,0 36.43103413021063,36.46144594168479,0 36.43094782306375,36.46132948603639,0 36.43078639359406,36.46118302729653,0 36.43078077699963,36.46113547530717,0 36.42998613042574,36.46053600726636,0 36.42955674256314,36.46021771122543,0 36.42901079333158,36.45982307173367,0 36.428564871768,36.45937689525815,0 36.42853995408656,36.45928634660568,0 36.42857075833292,36.459177519631,0 36.42865980258517,36.4590539879519,0 36.42876242420598,36.45895214997503,0 36.42881527873297,36.45877439027417,0 36.42879213073174,36.45864401390939,0 36.42870149100826,36.45847764129336,0 36.4286380681345,36.45836552841154,0 36.42865088877884,36.4582495182766,0 36.42870753227419,36.45810798312579,0 36.42872564746355,36.45797600880596,0 36.4286871822744,36.457834090665,0 36.42866150237003,36.45773271509619,0 36.42864849496179,36.45765158622213,0 36.42871676991106,36.45750421204502,0 36.42877259453923,36.45737717562527,0 36.4288728298809,36.45733115456288,0 36.42891003721644,36.45724477232251,0 36.42892806768816,36.4570975776051,0 36.42892759298636,36.45701133122015,0 36.42904016479012,36.45692467807091,0 36.42912769818724,36.45685333544152,0 36.42918977479227,36.4567212026876,0 36.42920163666148,36.45659432433152,0 36.429181788796,36.45641175200338,0 36.42920607156545,36.45625946201209,0 36.42930568935108,36.45610182716954,0 36.4293301390149,36.45597997687476,0 36.42937945908201,36.45581237612444,0 36.42935344315006,36.45565011935146,0 36.42935277180578,36.45552835942543,0 36.42935240843448,36.45546240617481,0 36.4293892219889,36.45530499759001,0 36.42940761543295,36.45522375598273,0 36.42936912344457,36.45507676519481,0 36.42929989175815,36.45445744588293,0 36.42932242826304,36.45407949541978,0 36.42927099944167,36.45368192316276,0 36.42918193298006,36.45315521508045,0 36.42905110333413,36.45312758751264,0 36.42890417067297,36.45311273762928,0 36.42880884726668,36.45308671687957,0 36.42873234075494,36.4530210843277,0 36.42869378584452,36.45293334650975,0 36.42868730761555,36.45274443444588,0 36.42868658195949,36.45261262256643,0 36.42862878608695,36.45248760609566,0 36.42853878057347,36.45243959659906,0 36.42844633265521,36.45244212520287,0 36.42828611924936,36.45248444211553,0 36.42810968567163,36.4525443917453,0 36.42787063245241,36.45259138364567,0 36.42765325052326,36.45262292000408,0 36.42748505872444,36.45269821717851,0 36.42736588733528,36.45278652104024,0 36.42731190917402,36.45286140890049,0 36.42728512493749,36.45293620010821,0 36.4272886392194,36.45308118438824,0 36.4273273742206,36.45320187623896,0 36.42739342316227,36.45334443929799,0 36.42743763318008,36.45347170214913,0 36.42742196782118,36.45359039156018,0 36.42739509809172,36.45364980470284,0 36.42731917155825,36.45368962107101,0 36.42715308175474,36.45365286731699,0 36.42701673725565,36.45358525084441,0 36.42688556673789,36.45346928378885,0 36.42681458493947,36.45341900845102,0 36.42666729181335,36.45333824949708,0 36.42656661261736,36.453327624643,0 36.42634634008533,36.45332841133077,0 36.42620750650583,36.45330254384424,0 36.42592701012699,36.45323104690635,0 36.4257389751799,36.45315921954244,0 36.42556206948753,36.45313348769823,0 36.4253338310742,36.45316945213742,0 36.42517364999083,36.45321835453738,0 36.42505979448088,36.45328466761095,0 36.42501396000532,36.45335732924361,0 36.42500086576733,36.45344964641829,0 36.42506692267919,36.45359440720869,0 36.42515992286915,36.45369293773481,0 36.42527457144439,36.45377161769331,0 36.42546815474311,36.45386319839,0 36.42563711980446,36.45392850415835,0 36.42587165176673,36.45404849755254,0 36.42595095972381,36.45412950009722,0 36.42598125747228,36.45419969346942,0 36.42603944760192,36.45439720810599,0 36.42609218646469,36.45459254572791,0 36.42613665882216,36.45476814061213,0 36.42618647469428,36.45492614031316,0 36.42630705707533,36.45509487229422,0 36.42633766926027,36.45522218368568,0 36.42635452774716,36.45532098467831,0 36.42633073694393,36.45544629398763,0 36.42628787435628,36.45556508040119,0 36.4261878902832,36.45568187449473,0 36.42605545249503,36.45583173711996,0 36.42594996866883,36.45593756577377,0 36.42589375976356,36.45610253516069,0 36.42587824797652,36.45624978369349,0 36.425914730743,36.45645616324311,0 36.42594245462499,36.45655272842563,0 36.42593761653929,36.45666259182979,0 36.42591886792339,36.45671538440611,0 36.42583756977745,36.45676840069198,0 36.42573443182721,36.45680611641163,0 36.42560128214153,36.4568263633719,0 36.42551452100764,36.45687500491943,0 36.42545505221894,36.45694112401053,0 36.4254255927555,36.45702471173736,0 36.42543727528532,36.45717186400363,0 36.4254270927557,36.45729932066276,0 36.42535541529221,36.45742137720252,0 36.42520205838405,36.45746243447456,0 36.42512367409916,36.45745764931316,0 36.42496051273292,36.45742531585459,0 36.42481269279111,36.45733216090582,0 36.42458960793766,36.45723167850311,0 36.42450485897673,36.45720919286518,0 36.42431692853678,36.45723264820152,0 36.42418546959776,36.45726602972818,0 36.42408239846449,36.45733222581414,0 36.42397943664715,36.45741867704471,0 36.42389845568647,36.45751264527753,0 36.42379586489776,36.45766745690521,0 36.42370590827016,36.45783994624879,0 36.42361891975556,36.45798204280689,0 36.4235597399425,36.45805061403058,0 36.42350047825622,36.45810399470065,0 36.42342228567062,36.45813465507677,0 36.42331901946525,36.45816540462386,0 36.4232030646109,36.4581683477007,0 36.42315288878205,36.45816346224768,0 36.42307119087968,36.45812577253307,0 36.42300821737259,36.45807282540062,0 36.42295775253604,36.45801477073955,0 36.42293519329405,36.45790091430464,0 36.42293468467975,36.45780723469048,0 36.42292170716272,36.45772626005846,0 36.42288680498442,36.45764789399373,0 36.42283947482343,36.45758982770379,0 36.42279538823368,36.45755200503985,0 36.4227012917516,36.45753967871425,0 36.42260421203923,36.45755521395681,0 36.42251667301134,36.45759603434388,0 36.42245112804856,36.45764690482172,0 36.42239502672059,36.45770533713774,0 36.42236085226544,36.45776116100591,0 36.42234557954647,36.45783464054512,0 36.42234287051278,36.45791313937112,0 36.4223558606271,36.4579966468358,0 36.42238789034581,36.45812312903835,0 36.42239474850035,36.45823197688513,0 36.42237640964117,36.45831812751387,0 36.42238328322428,36.45842950730022,0 36.42235250277037,36.45853342484632,0 36.42232157132062,36.45860949142814,0 36.42228112770104,36.45866533659269,0 36.42219355967327,36.45870109376878,0 36.42207452363346,36.45871417398082,0 36.4219019449417,36.45867933729226,0 36.42178552284103,36.45859619600855,0 36.42167843585803,36.45850036133862,0 36.42158706151029,36.45841206721671,0 36.42146141637907,36.45836187237799,0 36.42130747994305,36.45829658630795,0 36.42110952582329,36.45820613539291,0 36.42101841277388,36.45816594614164,0 36.42095849154273,36.45809779589148,0 36.42091743126618,36.45803970671264,0 36.42090767255289,36.45797391093425,0 36.42092902422475,36.45786496372426,0 36.42101605913285,36.45773046504228,0 36.42107810053339,36.45761124642263,0 36.42113372373837,36.45746419903119,0 36.42116128860423,36.45734510104565,0 36.42117030800969,36.45727417579985,0 36.42117301816362,36.45719567703902,0 36.42114108633884,36.45708691700805,0 36.4211030233543,36.45700349820666,0 36.42099268202203,36.45688488743033,0 36.42089523391589,36.45683206081026,0 36.42079151628018,36.45677925626242,0 36.42066587428672,36.4567290606979,0 36.42056199347934,36.4566458731322,0 36.42048935896951,36.45654485226659,0 36.4204419906985,36.45647918941172,0 36.42038181234715,36.45636293368072,0 36.42034080821632,36.45631497105815,0 36.42028411858805,36.45626453232305,0 36.42021810849553,36.45622931865337,0 36.42010507272477,36.45619173776564,0 36.42001097843058,36.45617940939606,0 36.41983863753733,36.45618761139389,0 36.41975409609945,36.45620310011662,0 36.41955981652751,36.45621137869388,0 36.41936560364842,36.45623231643259,0 36.41923712899258,36.45623783187079,0 36.41908043185916,36.4562409141802,0 36.41891735803677,36.45622376316031,0 36.41868839737064,36.45619418364144,0 36.41857548370134,36.45617938751803,0 36.41844069913428,36.45617732843696,0 36.41832473426619,36.45617773498972,0 36.41818696496728,36.45620353710108,0 36.41806816358571,36.45625965575814,0 36.41795569928574,36.45632841088524,0 36.41786501099129,36.45636670737013,0 36.41774287106247,36.45638485863596,0 36.41763614522009,36.45635484912543,0 36.41753872635334,36.4563070827514,0 36.4174661920384,36.4562237835258,0 36.41740607177079,36.45611765315157,0 36.41734277712786,36.45600393850767,0 36.4172730650419,36.45586239492718,0 36.4172158356708,36.45571067973762,0 36.41717469777613,36.45563739800494,0 36.41709870480678,36.45549334443592,0 36.41703562875482,36.45542013916756,0 36.41698198155709,36.45535196423425,0 36.41686563723258,36.4552814771009,0 36.41677450271725,36.45523622101039,0 36.41662390000422,36.45520636351056,0 36.41647023056674,36.45518917673844,0 36.41634481035658,36.45517948629582,0 36.41623518171198,36.45519252839529,0 36.41612876869966,36.45522075037529,0 36.41606007463312,36.45526909679859,0 36.4159760329008,36.45537826217482,0 36.41588576377937,36.45549504420746,0 36.41579835842129,36.45556117859353,0 36.415685676293,36.45558942296267,0 36.41557266991027,36.45555690077057,0 36.41550659548241,36.45550902511438,0 36.41541515046352,36.45540553434636,0 36.41537383886541,36.45529933739018,0 36.41536684208499,36.45516263861691,0 36.41536651801794,36.45510187306794,0 36.41535679134288,36.45504114080519,0 36.41531570974575,36.45497798610283,0 36.41525283733396,36.45494275841483,0 36.41513380633913,36.45495583188548,0 36.41494281128649,36.4549919425001,0 36.4147832662425,36.45504819958896,0 36.41465812895692,36.45509167721178,0 36.41453907062424,36.45509968627938,0 36.41442298534916,36.45507730200755,0 36.41430657687388,36.45499415300599,0 36.41421201393652,36.45489320467252,0 36.41413614715805,36.45477193558715,0 36.41408550319126,36.45467843004794,0 36.41403746836915,36.45448617096275,0 36.4140017013731,36.454243231192,0 36.41396008219004,36.45407880019605,0 36.41391231692813,36.45393717899822,0 36.41384217004616,36.45371208112952,0 36.413788095886,36.45356288510179,0 36.41373756103864,36.45348963462627,0 36.41369341435001,36.45343914936565,0 36.41361151029365,36.45336094406196,0 36.41351404488172,36.45330304705957,0 36.41344179927816,36.45327291453705,0 36.41333832044057,36.45326314520548,0 36.41324124471219,36.45327867297076,0 36.41313159145987,36.45328664851177,0 36.41302527391657,36.45333259105371,0 36.41297523575021,36.45335301950501,0 36.4128529920256,36.45335090983863,0 36.41274293683904,36.45328292907209,0 36.41270800586121,36.45319696476056,0 36.41269193350981,36.45312106275784,0 36.41269149077785,36.4530375111107,0 36.41266254595664,36.45289835521742,0 36.41261785103495,36.45274406279973,0 36.41257042387665,36.45266573674084,0 36.41252006406126,36.4526254004258,0 36.4124352163818,36.45258265135897,0 36.41234075236487,36.45249942407921,0 36.41226497251706,36.45239334537,0 36.41222978737908,36.45225927492749,0 36.41222575584668,36.45208965018035,0 36.41220661677993,36.45202641801439,0 36.41217808841556,36.45196575078104,0 36.41212770349013,36.45192034965324,0 36.41206796909101,36.45188510910933,0 36.41194252701128,36.45187035044782,0 36.41180781717519,36.45188094363721,0 36.41168261591686,36.45191175790261,0 36.41154791886462,36.45192488267742,0 36.41145391093954,36.45192773825277,0 36.41134714017944,36.45188759585033,0 36.41126218660245,36.4518245908396,0 36.4112146014177,36.45171588158858,0 36.41117603098272,36.45153371622441,0 36.41115317059768,36.45135909277141,0 36.41112114975748,36.45123007459937,0 36.41110786552519,36.45108833279393,0 36.41108537882302,36.4509846023497,0 36.41104404951827,36.45087333948431,0 36.41099334508329,36.45076717336126,0 36.41093934579111,36.4506306357632,0 36.41092298158694,36.45049903190925,0 36.41093178163354,36.45038506549545,0 36.41098140521281,36.45028615003898,0 36.41106231382211,36.45017699855045,0 36.41115590523697,36.45009565446688,0 36.41121188859594,36.45001444044022,0 36.41123339912862,36.44993334525698,0 36.41118917660655,36.4498676669353,0 36.41112634988973,36.44984003295826,0 36.41097608099635,36.44987093337215,0 36.41083213249046,36.4499119394803,0 36.41061004760828,36.44999372509952,0 36.41042566449403,36.45009310368388,0 36.4101693586253,36.45022311302979,0 36.41001594072397,36.45025149154738,0 36.40986521798251,36.4501963070566,0 36.40980192502065,36.45008005523117,0 36.40982950488306,36.44996096034472,0 36.40991980379484,36.44984924581983,0 36.41006644647872,36.44972467797721,0 36.41011625698489,36.4496612094001,0 36.41010958851129,36.44958527421497,0 36.41005304434459,36.44956014906907,0 36.40995281206946,36.44957062089839,0 36.40974703705685,36.44977388127978,0 36.40964104133541,36.44988058634857,0 36.40948795650616,36.44997226061658,0 36.40935667670572,36.4500385406432,0 36.40913429733448,36.45006462270611,0 36.40899957657293,36.45007268002845,0 36.40885202845145,36.4500250787282,0 36.40882633210732,36.44990616607081,0 36.40888183935874,36.44973380602111,0 36.40890965965902,36.44966028454703,0 36.40889353816986,36.44957425459559,0 36.40884915877847,36.44947819369487,0 36.40879217636763,36.44936951643022,0 36.40872893901627,36.44926339168431,0 36.40865946169891,36.44916235317877,0 36.40854896375473,36.44900828363915,0 36.40846348544654,36.44884400207458,0 36.40841888082448,36.44870489887129,0 36.40839027766958,36.44862903863292,0 36.40835539279565,36.44855066892799,0 36.40827055192233,36.44850791623868,0 36.40817956269073,36.4484879720506,0 36.40807314263302,36.4485136552124,0 36.40791984688253,36.44856481726351,0 36.40779782304839,36.44860321297072,0 36.4076445003092,36.44864931176912,0 36.40756633733896,36.4486850256778,0 36.40750076435591,36.44873082412917,0 36.40742270768883,36.44878679217143,0 36.40733819793306,36.44880733608738,0 36.40727551928497,36.44880755006071,0 36.40717518140186,36.44879776444733,0 36.40710928906621,36.44878279817527,0 36.40697726867112,36.44870729065296,0 36.40692056679482,36.44865178138839,0 36.40685416046245,36.44853807130855,0 36.40677512511564,36.44840668086891,0 36.40669591794941,36.44824237581177,0 36.40662004473516,36.44811603791353,0 36.40648134720119,36.44796206364374,0 36.40638377509644,36.44788137424003,0 36.40630471465683,36.44774491885153,0 36.40625711210333,36.44763114504991,0 36.40621584435402,36.44753000836479,0 36.40612756856976,36.44742903195076,0 36.40603625029891,36.44734578894018,0 36.40597637806675,36.44728269480893,0 36.40580970324276,36.4471718570239,0 36.40568407212539,36.44711911377354,0 36.40556172019497,36.44709421002712,0 36.40540497533055,36.4470846147147,0 36.40530145316631,36.44706471120676,0 36.40519167604602,36.44704735997013,0 36.40509114290315,36.44699959436749,0 36.40501554954585,36.4469264252239,0 36.40496198418354,36.44687090488436,0 36.40487377633566,36.44678258706243,0 36.40477949876731,36.44673226797297,0 36.4046633890124,36.44670227909952,0 36.40458809750622,36.44668734220101,0 36.40446250824447,36.44664219340325,0 36.40439631624794,36.44656899140814,0 36.40431142696624,36.44651610940639,0 36.40416710061691,36.44648368285586,0 36.40405107070973,36.44646888384074,0 36.403903688763,36.44645165939791,0 36.40384712261539,36.44642146769075,0 36.40381557440729,36.44638106316088,0 36.40379966895544,36.44633554292145,0 36.40381497101533,36.44626459726443,0 36.40388670710592,36.44619852442685,0 36.40391784909291,36.44616044045024,0 36.40397398133173,36.44610707982688,0 36.40399240434052,36.44603359204955,0 36.40398881036694,36.44594498618841,0 36.40395377493644,36.44583623277188,0 36.40394719176451,36.44577548878483,0 36.40394357253185,36.44568182006853,0 36.4039431525317,36.44560079967283,0 36.40396761924409,36.44548424846862,0 36.4039702147775,36.44538043086961,0 36.40397315119845,36.44534244143458,0 36.40393827323779,36.44526407065933,0 36.40385952132694,36.44518584728283,0 36.40374960382459,36.44514064409157,0 36.40362738644546,36.4451410573642,0 36.40344899828214,36.44518723528359,0 36.4032613781643,36.44526635891699,0 36.40312998147368,36.44530984521023,0 36.40287941029468,36.44533601048144,0 36.40272594746162,36.44535425146633,0 36.40243138525663,36.44535777760695,0 36.40229656734121,36.44534557166136,0 36.40208007568534,36.44529566323607,0 36.4019636940782,36.44521250134577,0 36.40184119012211,36.4451572113271,0 36.40167461720559,36.4450640913356,0 36.40149283327629,36.44505963874156,0 36.40135209975952,36.44511581380849,0 36.40128971155009,36.44517172621854,0 36.40128711246815,36.44527554361962,0 36.40126255063148,36.44537437183153,0 36.40129766182167,36.44549831812727,0 36.40138280782553,36.44560184072586,0 36.40150853828617,36.44567484339423,0 36.40163095149969,36.44571241058306,0 36.40181904453865,36.44572443658931,0 36.40190989845578,36.44571906750654,0 36.40207594987974,36.44571091271213,0 36.40221707598143,36.44573069247293,0 36.40233327465767,36.44577840683395,0 36.40242136066301,36.44584394031792,0 36.40246561350198,36.44591721721775,0 36.40246298960982,36.44601597092065,0 36.40236652151106,36.44614795591811,0 36.40226038992608,36.44622933540902,0 36.40215740565313,36.44631323563165,0 36.40209509466806,36.44638433973199,0 36.40202342203746,36.44646307084119,0 36.40197702888695,36.44658222720047,0 36.40191802145869,36.44668623463966,0 36.40180876739763,36.44677015570251,0 36.40167747343741,36.44683389626154,0 36.40154634811214,36.44693055024189,0 36.40144975983395,36.4470397474155,0 36.40135947773279,36.44715651986259,0 36.4013316126835,36.44722244370941,0 36.40131051002129,36.44738455703119,0 36.40127971951188,36.44749100203321,0 36.4011549378008,36.44760282561946,0 36.40096416316579,36.4476794244438,0 36.40079190463289,36.44770025807254,0 36.40060666681571,36.44763504968978,0 36.40045559025589,36.44750896099802,0 36.40033919591487,36.44742326563896,0 36.40021681827401,36.44739329356605,0 36.40011338824794,36.44739110786331,0 36.399819143362,36.44745792428,0 36.39963143598168,36.44752185050836,0 36.39945333751668,36.44762625536181,0 36.39932841126386,36.44771022714866,0 36.39923149468521,36.44775612532395,0 36.39911848013084,36.4477185244363,0 36.39905536174778,36.44763265017276,0 36.39899814862238,36.4474758621705,0 36.39896903621154,36.44729872479955,0 36.39894963704557,36.44718232144518,0 36.39896443720321,36.4470126332258,0 36.39896351706937,36.44683286968017,0 36.39895054090735,36.44674682783313,0 36.398884030168,36.44661032595734,0 36.39882106807642,36.44655483416669,0 36.39871093106999,36.44646658439152,0 36.39855412321613,36.44644432073205,0 36.39842899092319,36.44648778154126,0 36.39835412875709,36.44655639282686,0 36.39831078574367,36.44666034707882,0 36.39828380980266,36.44690096982468,0 36.39828458694212,36.44705288264972,0 36.3982728671368,36.44721243223887,0 36.39826426751696,36.44736944077017,0 36.39826491450216,36.44749603476921,0 36.39825950071296,36.44766315985883,0 36.39825691086809,36.44776950888311,0 36.39812610320525,36.44792945674565,0 36.39798226782877,36.44799323411345,0 36.39775089004807,36.44809781431607,0 36.39759775624461,36.44818187816665,0 36.39746655829998,36.44826586793283,0 36.39729445236914,36.44831707985185,0 36.39706262174195,36.44833304291178,0 36.39691514711228,36.44829808568517,0 36.39680829828696,36.44824020667024,0 36.39672944847667,36.44814172377481,0 36.39664755395675,36.4480609748672,0 36.39653393565227,36.447904373328,0 36.3964646424151,36.44783624096851,0 36.39633577978476,36.4477632430605,0 36.3962102954309,36.44773834068087,0 36.39602205724662,36.4476984550153,0 36.39588103309043,36.44769892197394,0 36.39572707446467,36.44762094323957,0 36.39566087672883,36.44754520481045,0 36.39565991261006,36.44735531404611,0 36.39568107869353,36.44720332880874,0 36.39569896924072,36.44702350290034,0 36.39573263117065,36.44686387932388,0 36.39579804265707,36.44678517316039,0 36.39601391723858,36.44671356379358,0 36.39616410936395,36.44666749009187,0 36.39628591674264,36.44658606447703,0 36.3963609101757,36.44654277245921,0 36.39641071695321,36.44647677717654,0 36.39644482753926,36.44640576994592,0 36.39644123087534,36.44631463326337,0 36.39636243401897,36.4462262776877,0 36.39617102620588,36.44617880585079,0 36.3959422839739,36.44618462856152,0 36.39569810420331,36.44623607729117,0 36.39538196103384,36.44631055013362,0 36.39519122158326,36.44639473523142,0 36.39500049519258,36.44648145189647,0 36.39490976807519,36.44651213531201,0 36.39472480760006,36.44650008748104,0 36.39456774449524,36.44642718109817,0 36.39448260590668,36.44632365394793,0 36.39445716343107,36.44625031192322,0 36.39446614245647,36.44616672835092,0 36.39449389737096,36.44607801943185,0 36.39451221383757,36.44598174569216,0 36.39449302554791,36.44590585186153,0 36.39446122705625,36.44581480755525,0 36.39442631948214,36.44572883783317,0 36.39435071088,36.44565059768482,0 36.39421879625245,36.44559279888651,0 36.39411515078773,36.44554756618221,0 36.39393666623632,36.44557600735087,0 36.39379270356198,36.44561446095557,0 36.39364533860436,36.44559975494802,0 36.39353224070786,36.44554442586325,0 36.39340344838897,36.44548408439265,0 36.39325576427089,36.44540608104828,0 36.39314902384459,36.44536845398134,0 36.39301726473293,36.44534103641721,0 36.39292951914643,36.44534132504361,0 36.39285130209453,36.44536690168147,0 36.39276083106516,36.44544822097231,0 36.39272672878343,36.44552175978046,0 36.39270855194503,36.44564588381036,0 36.39271337020792,36.44598008125334,0 36.39270147304362,36.44610671730328,0 36.3926807611126,36.44634985017316,0 36.39270989681679,36.44653458412935,0 36.39273853509162,36.44662057591108,0 36.39280163327261,36.44670392135651,0 36.39290851591525,36.4467693994097,0 36.39304035439511,36.44681200843622,0 36.39317203892365,36.4468242348157,0 36.39336952170748,36.44683371166758,0 36.39368940405442,36.44687823161154,0 36.39395276251167,36.44690015006914,0 36.39408438362382,36.44689971518072,0 36.39428519323846,36.44694715872009,0 36.39438250909394,36.44697975278691,0 36.39450508737876,36.44705024162011,0 36.39457125778475,36.44712091688035,0 36.39467496950241,36.44717880774561,0 36.39481346206069,36.44729735031987,0 36.39488935525908,36.44743129151699,0 36.39488967600419,36.44749458841523,0 36.39485256981342,36.44759345569493,0 36.39480902980438,36.44765943032507,0 36.39470286278993,36.44773573891543,0 36.39457767381466,36.44776906797207,0 36.39447740225749,36.44777193113463,0 36.39419174532782,36.447679193578,0 36.39406933313955,36.44764161878123,0 36.39389682848268,36.44761433671764,0 36.39376208462472,36.44761731315339,0 36.39363360958215,36.44762026958934,0 36.39352398694177,36.44763329014225,0 36.39340177964202,36.44763622465983,0 36.39330132953252,36.44760364150742,0 36.39321634451462,36.44753049506645,0 36.39313102691271,36.4473915207377,0 36.3930335191496,36.44732094753559,0 36.39292994916648,36.44729090589904,0 36.3928359459543,36.44729374696701,0 36.39272964936806,36.4473447349983,0 36.39267355898288,36.44740821744669,0 36.39264568656606,36.44747413986237,0 36.39264919065435,36.44754755338111,0 36.39267458045378,36.44761076822729,0 36.39270013645945,36.44770689742782,0 36.39269776760284,36.44785882062067,0 36.39267941152416,36.4479474983594,0 36.39263628985252,36.44809702390691,0 36.39263646824805,36.4481324701248,0 36.39267134908114,36.44821337655495,0 36.39277512534878,36.44828392935084,0 36.39293822820484,36.44831124370447,0 36.39320782099805,36.4483255476428,0 36.39338954876581,36.44831735291503,0 36.39354313518477,36.4483219102701,0 36.3938061786175,36.44828053238273,0 36.39403790754088,36.44824432069187,0 36.39426967545802,36.44821570418298,0 36.39454529077905,36.44818187861949,0 36.39473310662456,36.44813821475258,0 36.39492406848709,36.44809707247713,0 36.39505871111953,36.4480738397652,0 36.39521225801311,36.44807079930975,0 36.39534417756418,36.44812859628483,0 36.39541657810663,36.44819165462594,0 36.3954171305235,36.44830052620804,0 36.39537357710992,36.44836396825031,0 36.3952799586848,36.44844276749717,0 36.39520195792733,36.44851138837507,0 36.3951366206007,36.4486052853479,0 36.39509966888705,36.44873453610597,0 36.39519742385856,36.44885321247998,0 36.39526992816584,36.44893652594401,0 36.39542071558875,36.44900692057607,0 36.39559970973925,36.44907722158673,0 36.395941033037,36.44918459333264,0 36.39603693324717,36.44921942633342,0 36.39619793594251,36.44922240729597,0 36.39645004091659,36.44917235819788,0 36.39666309458545,36.44914352868464,0 36.39684554831727,36.44908668004418,0 36.39705004354862,36.44908600000011,0 36.39719799271022,36.4490890228176,0 36.39736796750548,36.44914469997827,0 36.39746440511218,36.44928498470207,0 36.39754378070126,36.44949211465351,0 36.39766684654987,36.44973425124024,0 36.39774568377433,36.44983592818333,0 36.39779410130567,36.44994473634377,0 36.39780799829767,36.45010990331286,0 36.39789548485709,36.45020100527922,0 36.3980785862154,36.45027069827928,0 36.39825260989647,36.45026660276171,0 36.39847429505768,36.45022368079432,0 36.39874359090126,36.45013138732997,0 36.39906488082148,36.44999673736768,0 36.39920003201572,36.4500490129112,0 36.39933135494216,36.45020324110641,0 36.39943236496865,36.45038569141032,0 36.3994633990142,36.45049807281043,0 36.39947688438949,36.45058239078495,0 36.39943391486095,36.45068798927868,0 36.39933001266547,36.45079027656251,0 36.39917812260317,36.45086811843139,0 36.39878692427853,36.45094675940231,0 36.39843472200715,36.45099363262375,0 36.39826084125103,36.45102584943054,0 36.39806943062938,36.45103351853057,0 36.39779966605303,36.45103441755796,0 36.39753838638242,36.45099310654544,0 36.3971769621696,36.45093806667936,0 36.3970027951165,36.4509140404408,0 36.39680209206027,36.45080573717132,0 36.39664488094039,36.45069377471719,0 36.39647454690172,36.45056779518104,0 36.39615196287415,36.45044935026187,0 36.39596904045602,36.45041480585903,0 36.39580801677931,36.45040831013282,0 36.3957080502794,36.45042973214208,0 36.39554741929712,36.45050056778923,0 36.39540881156707,36.45062405712279,0 36.39534406308813,36.45072621159459,0 36.39528807015356,36.45083888186755,0 36.39526246278945,36.45093739106004,0 36.39528917552713,36.45105681872816,0 36.39534188820122,36.45115506800212,0 36.39549474696639,36.45126704707313,0 36.39560386195844,36.45133347371047,0 36.3957695782717,36.45140674263831,0 36.39591771134697,36.45144491786311,0 36.39606584457779,36.45148309290943,0 36.3961751041762,36.45157764011212,0 36.39623648487861,36.45166883041701,0 36.39627612787,36.45176360810913,0 36.39635040027899,36.45182311893328,0 36.39648143457598,36.45192110804687,0 36.39654711262607,36.45200173928708,0 36.3966609396795,36.4521384522288,0 36.39668330361938,36.45225789284862,0 36.39671438765207,36.45238082052754,0 36.3967152645188,36.45255306023411,0 36.39680282542071,36.45265822403367,0 36.39687299867905,36.45276696027323,0 36.39694333361696,36.45290733277417,0 36.39699193060695,36.45305129277187,0 36.39706643835216,36.45315649958867,0 36.39717120709229,36.45322293905315,0 36.39733229030577,36.45323997889894,0 36.39756268716807,36.45319702989274,0 36.3976536317004,36.45311236300815,0 36.39794882899293,36.45297780321594,0 36.39807032088481,36.45291060967224,0 36.39821371155199,36.45287146453251,0 36.39838775745913,36.45287088426345,0 36.39847053809999,36.45289169878181,0 36.39855347981784,36.45294414954052,0 36.39864979900203,36.45305982769899,0 36.39880338551893,36.45331240637086,0 36.39893465905988,36.45345608848265,0 36.39915754250081,36.45364516201062,0 36.39936701275747,36.45376397726856,0 36.39950231443213,36.45384437287859,0 36.39968161600398,36.45401952999558,0 36.39972099400019,36.45406158072076,0 36.39975630851114,36.45415988686874,0 36.39978286754326,36.45424767658377,0 36.3997528591598,36.45433565623105,0 36.3996662678672,36.45442030967105,0 36.39903457384948,36.45485059540411,0 36.3988386632883,36.45508692670749,0 36.39883306067483,36.45553281865347,0 36.39912620166476,36.45580573326178,0 36.39957717014927,36.45610359633404,0 36.39981525228087,36.45640217142877,0 36.40003723775721,36.4566371035056,0 36.39993558467307,36.45680305447006,0 36.39982529458552,36.45682253247184,0 36.3996676297465,36.45682943083024,0 36.39955151928553,36.45681294010129,0 36.39942390378894,36.45687319532511,0 36.39934369701671,36.45698767913733,0 36.39928399508335,36.45716192266666,0 36.39919656897749,36.45733017490219,0 36.39909662434157,36.45744865595558,0 36.39900279902059,36.45757203974281,0 36.39888788385887,36.45774225992214,0 36.39879724339445,36.45789270794724,0 36.39874640212353,36.45807994475618,0 36.39875624899678,36.45821774972459,0 36.39879350650391,36.45835300262975,0 36.39884891986542,36.45846357976142,0 36.398888983785,36.4585520561894,0 36.39888032198184,36.45864561829964,0 36.39883193560277,36.45871716099419,0 36.3986920503185,36.45877177905777,0 36.39855798080917,36.45877222655736,0 36.39840885291337,36.45880718393927,0 36.39832066621977,36.4588419383162,0 36.39822625823947,36.45885209896445,0 36.39811946140001,36.45882291856318,0 36.3980337550531,36.45874690088331,0 36.39792660612605,36.4586488017301,0 36.39782891278455,36.45861220686826,0 36.39775575967256,36.45860752773649,0 36.39765549663677,36.458664474437,0 36.39754907738316,36.45870913345637,0 36.39739993668446,36.45874162889403,0 36.39731169848034,36.45876653620743,0 36.39723577456874,36.45881601691104,0 36.39719657743726,36.45889737390083,0 36.39717246536591,36.45894914328515,0 36.39720669811934,36.45908932891989,0 36.39727753284664,36.45923677697539,0 36.39736051836812,36.45937680072052,0 36.39739124085445,36.45942592646496,0 36.39738574856118,36.45954409123345,0 36.39733733517276,36.45961071099634,0 36.39726435648526,36.45964048989267,0 36.3971606688951,36.45962360544296,0 36.39706905688211,36.45958452814858,0 36.39698652212409,36.45953311349128,0 36.39688885433606,36.45950144009827,0 36.39682449000968,36.45942781149921,0 36.39681182436126,36.45933432125917,0 36.39684183130672,36.45924314937064,0 36.39687181202655,36.45914705520904,0 36.39688973080182,36.45907561537123,0 36.39688007603564,36.45897472944984,0 36.39687331619284,36.45884429815386,0 36.39685123463239,36.45869668731915,0 36.39682033873037,36.45861310311634,0 36.39673764256239,36.45852969063311,0 36.39666427595558,36.45848316774494,0 36.39651489792639,36.45846889587671,0 36.39637183831602,36.45849890735491,0 36.39630496736786,36.45853112799021,0 36.39621380671396,36.4585806584543,0 36.39615015775352,36.45864732726619,0 36.39606243226705,36.45877314985267,0 36.39605666451019,36.45883716542422,0 36.39595365338173,36.45895319295737,0 36.39582621590672,36.45905945564761,0 36.39573217029852,36.4591409934751,0 36.39566870861628,36.45924458282316,0 36.39564163427722,36.45931359196461,0 36.39562396480685,36.45943425843159,0 36.39563044707858,36.45951054060425,0 36.39564006285458,36.45960404185466,0 36.39562229350547,36.45970501847764,0 36.39559825494677,36.45977155508687,0 36.39551032776893,36.45985799568961,0 36.3953918171955,36.45992238457009,0 36.39523380655636,36.46000905732869,0 36.3951121485817,36.46005376523639,0 36.39505755115827,36.46010317401815,0 36.39503040125769,36.46015741448071,0 36.3950429018415,36.46021890803375,0 36.39507982874378,36.4602901664929,0 36.39516554727202,36.46036864692177,0 36.39522687582705,36.46044474709533,0 36.39524542147697,36.46049637515743,0 36.39522444096899,36.46056536404804,0 36.39517284077589,36.4606049174479,0 36.39507540791444,36.46062000868123,0 36.39487732168331,36.46061574085174,0 36.3946791857135,36.46060162823202,0 36.39448412206589,36.46059242748061,0 36.39438353103628,36.46058537591613,0 36.39427973007562,36.46054633572565,0 36.39424280378429,36.46047507794645,0 36.39426073777839,36.46040609929198,0 36.39434876636671,36.46033935042139,0 36.39441255613566,36.46029975724974,0 36.39449154300304,36.46025273001484,0 36.39457049249429,36.46019831802608,0 36.39460984226403,36.46014649904133,0 36.39467325749278,36.46003306501818,0 36.39475193294283,36.45992450294214,0 36.39480327157303,36.45983326132398,0 36.39483956123502,36.45977899072577,0 36.39485741982257,36.45969524435,0 36.39483577749938,36.45963378092088,0 36.39479890087309,36.45957236776509,0 36.39469501502942,36.45951609883851,0 36.39455165333237,36.45948703581713,0 36.39439921417506,36.45947031061177,0 36.39424701122583,36.45950034955837,0 36.3941589327417,36.45955725301088,0 36.39409851484228,36.45966083136556,0 36.39405685261067,36.45985788090392,0 36.39403314794897,36.4599908739986,0 36.39398787813514,36.46007717296527,0 36.39393050690222,36.46018074117767,0 36.39385477813059,36.46026960101207,0 36.3937546591287,36.46035608029226,0 36.39362098634407,36.46043528593978,0 36.39347795934384,36.4604726784392,0 36.39337749256322,36.46049023987712,0 36.39330143951132,36.46051510402893,0 36.39316464319428,36.46057955153157,0 36.39306124148423,36.46061927409363,0 36.39297909348026,36.46064415892908,0 36.39285411364178,36.4606347245365,0 36.39277163028685,36.4605931523894,0 36.39272858598542,36.46051699015241,0 36.39268556758394,36.46044575195437,0 36.39266033393712,36.46027599837449,0 36.39265361948218,36.46015295005799,0 36.39265256434418,36.45994373508972,0 36.3926400904604,36.45988716358777,0 36.39260929777509,36.45982326827835,0 36.39254193953379,36.45975949376551,0 36.39245950784905,36.45972776681868,0 36.39235286069552,36.45972811735172,0 36.39224025599014,36.45975556316766,0 36.39211248990197,36.45979782635818,0 36.39198172574685,36.45984994563046,0 36.39189957941606,36.45987482886731,0 36.3918234771394,36.45988984763402,0 36.39172899328834,36.45988523457455,0 36.39162507127681,36.45982157923611,0 36.3915332758942,36.4597455770318,0 36.39145063384091,36.45967200642267,0 36.39133151392269,36.45961578445468,0 36.39122786496854,36.45960627868266,0 36.39111823236082,36.4596189449807,0 36.39097229519057,36.45968341984376,0 36.39083554788313,36.45975771000835,0 36.39070178610898,36.45981968225752,0 36.39060749939576,36.45985445059403,0 36.39045227176524,36.45988941856471,0 36.39034267558552,36.45990946791003,0 36.39019677416896,36.45998132555473,0 36.39011476241482,36.46003328289849,0 36.3900512792041,36.46013440822787,0 36.39003045515473,36.46023539363584,0 36.39003131770863,36.46040768850681,0 36.39001357775904,36.4605160477622,0 36.38999560313025,36.46057764184388,0 36.38995023027653,36.46064424749457,0 36.38985308025506,36.46071594582001,0 36.38973156576294,36.46079018407986,0 36.38957943237284,36.46083498624252,0 36.38946377786769,36.46086243923705,0 36.38931728282753,36.46081615069679,0 36.3892254385518,36.46073030050812,0 36.38917303493872,36.46060986326314,0 36.38913300478134,36.46052630619163,0 36.38905326456812,36.4604231871778,0 36.38897370840097,36.46035698880386,0 36.38885772137945,36.46031798449241,0 36.38875399844103,36.46029370809155,0 36.38855903367185,36.4603041892471,0 36.38840999698917,36.4603588244798,0 36.38828861632803,36.46046013748096,0 36.388173305616,36.46055650657872,0 36.38805801905852,36.46065779866807,0 36.38793952483015,36.46072710292568,0 36.38775704268856,36.46079661525111,0 36.38750452438305,36.46087620033695,0 36.38729749297146,36.46091133170632,0 36.38702021812421,36.46091469261033,0 36.38681297813803,36.46090798024336,0 36.38662080221204,36.46086675921298,0 36.38640402968284,36.46078131213113,0 36.38625731778532,36.46069071550532,0 36.38618405323493,36.46066387699695,0 36.38608354734806,36.46067404751872,0 36.38598027488586,36.46074083997303,0 36.38591375174825,36.46084443334565,0 36.38584112042472,36.46094558562164,0 36.38577746082354,36.46101224933625,0 36.3857045739893,36.4610617124582,0 36.38566505886075,36.46108153160083,0 36.3855920006747,36.46109653645635,0 36.3854547470302,36.46106990445963,0 36.38535079145083,36.46099885911634,0 36.38528626622309,36.46089076560435,0 36.38519423231253,36.46076553121431,0 36.38509922414029,36.46065507498526,0 36.38500143688529,36.46059877820279,0 36.38484568206596,36.46052789992943,0 36.38478149845022,36.4604887252211,0 36.38468383395793,36.460457041959,0 36.38455271171213,36.46043777314498,0 36.38428717795972,36.46035001739533,0 36.38419544891368,36.46028631665241,0 36.38412182130167,36.46018563659151,0 36.38406968133969,36.4601168846713,0 36.3840054984973,36.46007770867153,0 36.38393832886043,36.46005085017359,0 36.38376450009168,36.46002187201656,0 36.38363941193659,36.45999027582084,0 36.38348966967264,36.45990214727971,0 36.38337346898,36.45981883251788,0 36.38325754738419,36.45979212978649,0 36.38315094779044,36.45980231736627,0 36.38305058872076,36.45984202221343,0 36.38296255042479,36.45990876235295,0 36.3828655641649,36.46001491379734,0 36.38283554181417,36.46010608151018,0 36.38279323360995,36.46017759754644,0 36.38275154144599,36.46037464373087,0 36.38272775817364,36.46049532784904,0 36.3826520758145,36.46059648866892,0 36.38243062943401,36.46079903315184,0 36.3823181275224,36.46084862152171,0 36.38218150290675,36.46094997568896,0 36.38209360813789,36.46104625192897,0 36.38203908630959,36.46111288433431,0 36.38199363314769,36.46116471913624,0 36.38187481917505,36.46117002217497,0 36.38178320065752,36.46112847180179,0 36.38172482210483,36.46103020241544,0 36.38166642077353,36.46092700992856,0 36.38155943368182,36.46085843358252,0 36.38146479241525,36.46082181488895,0 36.38133362251693,36.46079269724231,0 36.38124520823524,36.4607831342317,0 36.38118108642331,36.46075626359912,0 36.38115638459205,36.4606898847392,0 36.38124134193282,36.46061577108657,0 36.38133878878345,36.46060315281967,0 36.38151859219113,36.46060750141714,0 36.38165561494241,36.46058737200337,0 36.38181088444708,36.46055979948386,0 36.38189297415616,36.46052261650797,0 36.38198410952163,36.46046571281665,0 36.38205072282394,36.46037935000945,0 36.38208368518215,36.46026602066102,0 36.38209246488115,36.46019215034671,0 36.38209198111102,36.46009369545375,0 36.38204267254015,36.45998062955764,0 36.38198740302337,36.45989465746554,0 36.38189871179198,36.45982848287919,0 36.38179784461459,36.45976480955937,0 36.38163915664347,36.45971608916535,0 36.38142557279721,36.4596576980102,0 36.38123642547878,36.45961153570169,0 36.38101069020583,36.45956056729451,0 36.38080941647051,36.45952674999596,0 36.38070263709213,36.45950001574357,0 36.38048621117842,36.45948347538073,0 36.38033991645168,36.45947655820566,0 36.38022704389979,36.45944984201167,0 36.38015666126661,36.45938853123978,0 36.3800983230463,36.45929764493807,0 36.38007350166177,36.45920665218002,0 36.38005759348491,36.45906886455369,0 36.38003874698504,36.45895323876017,0 36.38003505188073,36.45882033555164,0 36.38003164423172,36.4587465041209,0 36.38000380085951,36.45866044414328,0 36.37994548728094,36.45857447998402,0 36.37985678732184,36.45850584334729,0 36.37977438548997,36.45847903005691,0 36.37963724649568,36.4584745437564,0 36.3795701995171,36.45847229569387,0 36.37940890004233,36.45851219071296,0 36.37925688445753,36.45858159331443,0 36.37918710198084,36.45864334956082,0 36.37912656977669,36.45872722988192,0 36.37905990598641,36.45880374478541,0 36.3790239166056,36.4589220068095,0 36.37899698424204,36.45902300902982,0 36.37894561611781,36.45911178247835,0 36.37887580900841,36.45916861631341,0 36.37883335455091,36.45921059495704,0 36.37874820458261,36.45924532479384,0 36.3785897106755,36.45923598251293,0 36.37847375499237,36.45920189056162,0 36.37837904576728,36.45915050116608,0 36.37831163955135,36.45907441133853,0 36.3782929755834,36.45899570590407,0 36.37828349889509,36.45892681683455,0 36.37828623512239,36.45886281146174,0 36.37832228627106,36.45875685746443,0 36.37833105623565,36.45868052597587,0 36.37834292109556,36.45861403104851,0 36.37831819845862,36.45854272860949,0 36.37829647541745,36.45846157125245,0 36.37828393960412,36.45839023025777,0 36.37828974685565,36.45833113834871,0 36.37830167243355,36.45827694938181,0 36.3783226789423,36.45821042557362,0 36.37840460069059,36.45813878508894,0 36.37849565205569,36.45806465410117,0 36.37856832553884,36.45797089027718,0 36.37862287284174,36.45790918257952,0 36.37866508797085,36.45781797662043,0 36.37868604519389,36.45774160650927,0 36.37869475603434,36.45765296904832,0 36.37863609739656,36.45749562570904,0 36.37859303299948,36.45741207431451,0 36.37853481730293,36.45734580103348,0 36.37840655745693,36.45728713399994,0 36.37824791151179,36.45724579308065,0 36.37805896396484,36.45723900720838,0 36.37790356800309,36.45723949982381,0 36.37771760820512,36.45722039696017,0 36.37757732816082,36.45719622739635,0 36.37740037708584,36.45715001995613,0 36.37729050754535,36.45711344623412,0 36.3771807332036,36.45709656388662,0 36.377077100872,36.45708950663235,0 36.37698270517308,36.45710211197788,0 36.37685795743999,36.45713942684093,0 36.37669060082224,36.45718672206328,0 36.37647749196771,36.45722431555073,0 36.37635868402536,36.45722961242121,0 36.37628246226728,36.45722000757714,0 36.37619999201733,36.45717842354373,0 36.37614192084973,36.45714168592358,0 36.37609274128944,36.4570532297912,0 36.37610776271295,36.45700887769743,0 36.37612271187729,36.45694975720474,0 36.37617399857997,36.45684375509887,0 36.37619169838514,36.4567230908844,0 36.37616380064731,36.45662472245685,0 36.37612366687656,36.45651654703389,0 36.37608978274687,36.45644035077136,0 36.37601597854192,36.45630028326515,0 36.37595164789284,36.45622910488341,0 36.37586601318268,36.45616291747957,0 36.37574986200177,36.45608697952909,0 36.3756825331168,36.45602565588527,0 36.37561195587895,36.45592249910293,0 36.37556882338633,36.45582417926847,0 36.37554699729918,36.45572086851832,0 36.37554658177549,36.45563472161864,0 36.37555527104266,36.4555411604786,0 36.37557927877221,36.45546478145084,0 36.37560015641969,36.45537118296056,0 36.37561812901971,36.45530712986757,0 36.37559630185428,36.45520381909715,0 36.37555943083576,36.45513993910031,0 36.37547376212218,36.45506636682998,0 36.37538217803552,36.45502973321617,0 36.37521749159394,36.45499825289185,0 36.3750983547846,36.45493463076483,0 36.37503713336557,36.45487575015404,0 36.37500933222648,36.45479707207227,0 36.37499651605589,36.45466665826494,0 36.37502934489214,36.4545237934733,0 36.37505928023459,36.45441293649768,0 36.37505897164217,36.45434894080523,0 36.37505254633699,36.4542800420449,0 36.37502482812416,36.45421859388246,0 36.37493924364895,36.45416225119342,0 36.37479875744145,36.45409377260081,0 36.37478857745205,36.45409056364475,0 36.37468279936531,36.45405721576741,0 36.37442966260663,36.45400632065792,0 36.37419803153225,36.45399227876967,0 36.37397253008608,36.45398560112259,0 36.37363094175937,36.45391529004276,0 36.37351192573225,36.45387628007198,0 36.37333798483538,36.45382021219862,0 36.37323736802578,36.45380575853412,0 36.3730878734312,36.45376438171298,0 36.37294164836689,36.45376976180106,0 36.37283218670906,36.45381687039816,0 36.37278064871279,36.45387118217116,0 36.37276267420786,36.45393523476903,0 36.37276600449604,36.45399429781928,0 36.37284875163415,36.45409495745627,0 36.37291601784509,36.45414397484771,0 36.37300456546674,36.45418308043537,0 36.3730901131413,36.45423204163046,0 36.37323362151184,36.45429558959664,0 36.37331005290467,36.45434950136009,0 36.37335292055256,36.45439367239286,0 36.37337159153954,36.45447483997607,0 36.37334442899883,36.45452907591459,0 36.37324094183754,36.45455155218738,0 36.37299412224731,36.45454740070727,0 36.3728631182647,36.45455027159199,0 36.37275979662657,36.45460720635426,0 36.37270528255193,36.4546762959314,0 36.37268423714789,36.4547354358041,0 36.37272729376209,36.45481898905047,0 36.37277026820582,36.45488531238956,0 36.3728439348428,36.45499830645709,0 36.37286861618659,36.45506222609504,0 36.37286295803306,36.45515331585934,0 36.37282970177362,36.45520757065823,0 36.372750777398,36.4552693515793,0 36.3726231493448,36.45534113135425,0 36.37251677822585,36.45539807530985,0 36.37239238473581,36.45550922639814,0 36.37226794505429,36.45561053210037,0 36.37214635048966,36.45566998554,0 36.37200321588353,36.45568520011862,0 36.37188710457459,36.45561664230191,0 36.37183187283917,36.45553558820456,0 36.37180402790249,36.45544706424195,0 36.37181894478318,36.4553805597728,0 36.37188554196402,36.45528928070398,0 36.37192476303334,36.45520793208807,0 36.37196385613991,36.45509950832842,0 36.37198759631732,36.45496651918717,0 36.37198713783061,36.45487052535948,0 36.37198642129481,36.45472038212535,0 36.37199517327166,36.45463912910766,0 36.37200994905108,36.45454308789841,0 36.37206735818161,36.45444199184954,0 36.37214303564858,36.45433837733024,0 36.37221571282019,36.45424461659526,0 36.3723065419438,36.45412372465273,0 36.37237620793701,36.45403735883085,0 36.37240606459893,36.45390927276494,0 36.37238408934566,36.45377396422765,0 36.37232572904236,36.45367568995639,0 36.3721912217868,36.45358257581115,0 36.37194406418988,36.4535070429543,0 36.37166351022457,36.4534562273929,0 36.37147433656195,36.45340020420517,0 36.3713888142704,36.45335616500467,0 36.37115365800499,36.45324121076386,0 36.37086965983855,36.45310671584426,0 36.37066807857378,36.45300396356705,0 36.37050014135783,36.45292818138415,0 36.37035380111692,36.45290894385539,0 36.37024108096212,36.45291175535581,0 36.37011627891464,36.45293675652991,0 36.37004331947013,36.45297144167683,0 36.36999178128261,36.4530257531199,0 36.36991898500081,36.45309489793544,0 36.36987076198854,36.45320580990019,0 36.36981339882021,36.45331675101267,0 36.36973768331446,36.45341298024211,0 36.36965272269822,36.4534870856258,0 36.36946727560752,36.45357380928535,0 36.3692541369259,36.45360400547367,0 36.36907742185173,36.45360455183256,0 36.36887005027381,36.45356580994501,0 36.36869008950023,36.45352452256018,0 36.36847061377666,36.45350304745408,0 36.36828786184815,36.45351591907689,0 36.36807779326952,36.45355102594644,0 36.36793162776797,36.45356870669944,0 36.36772150091556,36.45359150704652,0 36.36753558582051,36.45357977240129,0 36.36738918736719,36.45354822533471,0 36.36724568446435,36.45348466964917,0 36.36718143488373,36.45342825526387,0 36.36714447797011,36.45334468154869,0 36.36716526076501,36.45322893196961,0 36.36719840417857,36.45315006439959,0 36.36721939525617,36.45307861975301,0 36.36720675557778,36.45298266354494,0 36.36713934362328,36.45290164494019,0 36.36702019277446,36.45283309202018,0 36.36688600602812,36.45280642916043,0 36.36669404637473,36.45280455723383,0 36.36643801161172,36.45278319058087,0 36.36623998111834,36.45278626055838,0 36.36602068045413,36.45280170134798,0 36.36591407766191,36.45280941228497,0 36.36577399460603,36.45282461023645,0 36.36555804053149,36.4529040362421,0 36.36539686085619,36.45296852692567,0 36.3652721266136,36.45300829036338,0 36.36503149723296,36.45302379532784,0 36.36491866198373,36.453001987346,0 36.36479960621185,36.45295312367173,0 36.36471085633143,36.452869707283,0 36.36464021619612,36.45274931392837,0 36.36456068817541,36.4526830994178,0 36.36448418433906,36.45261195161096,0 36.36441084253053,36.45256540891078,0 36.3642917647946,36.45251162170023,0 36.3641301464443,36.45248257777478,0 36.36393202506155,36.45246595258581,0 36.36372163554474,36.45243213429404,0 36.36349904794508,36.45239589115696,0 36.36331898897753,36.45233244297066,0 36.3631572110862,36.45226893901327,0 36.36301979676519,36.45220289843648,0 36.3629008579512,36.45217864647108,0 36.36275457765786,36.45217170647524,0 36.36259022357042,36.45220912751076,0 36.36248076880101,36.45225868795419,0 36.36237746500197,36.45232053658872,0 36.36231988529496,36.4523871697284,0 36.3622532684999,36.45247598160738,0 36.36220507971112,36.4525967370509,0 36.36216280316746,36.45267809136332,0 36.36210834880586,36.45276194494405,0 36.36203551181478,36.45282370098351,0 36.3619443367347,36.4528732055449,0 36.36185911751223,36.45289315502166,0 36.361740212325,36.4528762855613,0 36.36167294322586,36.45282479975386,0 36.36161165306071,36.45274868197628,0 36.36160514745976,36.45266009070085,0 36.36163517040837,36.4525640052149,0 36.36169269375743,36.45248506658859,0 36.36173509729425,36.45243078660877,0 36.36174385955603,36.45234953383942,0 36.36170077058215,36.45225613100903,0 36.36165174853151,36.45219720622797,0 36.36155098725368,36.45215074475761,0 36.3614258411634,36.45210189535965,0 36.36122150234937,36.45205820911223,0 36.36098979914986,36.45202691113205,0 36.36084343977409,36.45200273990717,0 36.36065455144259,36.45200577218456,0 36.360505225994,36.45199883865846,0 36.36041976872998,36.45196709863566,0 36.36032803466983,36.45189599512812,0 36.36024529396461,36.45179286596586,0 36.36017184202691,36.45172170640342,0 36.36010443754271,36.4516406841222,0 36.3600918635994,36.45155703424603,0 36.36010989433203,36.45150282827423,0 36.36014319267264,36.4514559618998,0 36.36022526148212,36.45141386991756,0 36.36037145926509,36.45140358312604,0 36.36052358035936,36.4513563566576,0 36.36058131994054,36.45132418401152,0 36.36064200402623,36.45126985018982,0 36.3606780633741,36.45116143981085,0 36.36064407158246,36.45105816298448,0 36.36055526015077,36.45095997547302,0 36.36046350547594,36.45088394906897,0 36.36037486610188,36.4508226816946,0 36.36032581072882,36.45075637182184,0 36.3601092317075,36.45070041289574,0 36.36002384415323,36.45068344091816,0 36.35994448125943,36.45065168134904,0 36.35983744871116,36.45056585515154,0 36.3597699661093,36.45046760202383,0 36.35973599732495,36.45036924892164,0 36.3596924238589,36.45017000606637,0 36.3596250325047,36.45009144419792,0 36.35949961768701,36.44998351984822,0 36.35939877101502,36.44991736541265,0 36.35931017890265,36.44986594342857,0 36.35923371670141,36.44980217621288,0 36.35915712883925,36.44971133482311,0 36.3591050747461,36.44965487889279,0 36.3590347405919,36.44959847874934,0 36.35894329476342,36.44958890802941,0 36.35883677421037,36.44961384255863,0 36.35875476329384,36.44966823947885,0 36.35869718269753,36.44973487084877,0 36.35867317203275,36.44981370746798,0 36.35865833477054,36.4498999012268,0 36.35866816559823,36.45005001796966,0 36.35865672702927,36.4502125045482,0 36.35862677049726,36.4503233583919,0 36.35857564392791,36.45046873483526,0 36.35851511743613,36.45055752715241,0 36.35844251734826,36.45067096944261,0 36.35840331782356,36.45075969775298,0 36.35833672076729,36.45085343129313,0 36.35827304504396,36.45092008064948,0 36.35812414000242,36.45100421529779,0 36.358002564434,36.45106857633058,0 36.35789026490778,36.45116244639485,0 36.35781155924948,36.45127344585944,0 36.35775125690671,36.45141146462644,0 36.35766938991173,36.45149785960756,0 36.35753552503716,36.4515401046452,0 36.35745325186244,36.45153788905825,0 36.35734949226101,36.45150127937192,0 36.35728221609147,36.45144732971756,0 36.35720568542029,36.4513687938473,0 36.3571139900423,36.45130507170684,0 36.3570010124596,36.45125125837114,0 36.35685450976353,36.4511950843372,0 36.35668676993309,36.45115866414173,0 36.35654937356721,36.45109507879819,0 36.35647897269314,36.45102390803616,0 36.35644506417685,36.45093785998359,0 36.35642335351297,36.45085423711161,0 36.35638341985745,36.45078297547008,0 36.35631607643445,36.45071425704838,0 36.35621231964951,36.4506776455583,0 36.35612687585962,36.4506483640811,0 36.35601410318784,36.45063885462245,0 36.35587697774486,36.4506343406228,0 36.35577018560704,36.45060019934806,0 36.35568148202692,36.45052416037999,0 36.35564437176397,36.4504036616956,0 36.35568632822029,36.45025093021512,0 36.35572219187014,36.45009821595647,0 36.35570050574579,36.45001951515491,0 36.35566366488472,36.44995809034123,0 36.35557188159559,36.44987467580785,0 36.35545575937838,36.44979871827231,0 36.35529082357644,36.4497081372902,0 36.35517473551842,36.44963956316919,0 36.35511645519115,36.44955358721131,0 36.35511600705873,36.44945513259027,0 36.35515529917153,36.44938609585412,0 36.35518545173602,36.44931708717338,0 36.35518513796772,36.44924816902412,0 36.35513288436364,36.44914740674355,0 36.35502060636713,36.44906190253484,0 36.35499235736808,36.44897985219492,0 36.35497717686241,36.44888716504885,0 36.35496707371722,36.44882890684238,0 36.35490133377999,36.44879598334801,0 36.35481278189132,36.44879492183734,0 36.35474886970467,36.44880306033949,0 36.3546786029429,36.44885625846135,0 36.35462487102324,36.44893987764383,0 36.35452528224667,36.4490355549241,0 36.35446313546554,36.44907150760326,0 36.35437639186863,36.44910753296085,0 36.35425678879314,36.44912908378181,0 36.3540928095742,36.44912824581051,0 36.35398778847827,36.44911133513803,0 36.35389077911664,36.44905333452538,0 36.35382001811052,36.44899790515551,0 36.35369499662882,36.44890951786221,0 36.35360302679926,36.44887799627053,0 36.3535324583535,36.4488649579147,0 36.35344879728616,36.44885725724839,0 36.35336852890152,36.44887471678668,0 36.35330636921034,36.44890801893656,0 36.35326561073104,36.44895980440172,0 36.35324951353716,36.44902608908019,0 36.3532629434099,36.44909493593627,0 36.35325036621413,36.4492142003327,0 36.35324606508267,36.44935066188231,0 36.35324148847189,36.4494261856956,0 36.35326156188123,36.44951355975528,0 36.35329791844705,36.44957571444537,0 36.35334572375846,36.44963121247749,0 36.35344946560622,36.44972761133948,0 36.35351859321312,36.449784370965,0 36.35355977923505,36.44982664062381,0 36.3536355140419,36.44989397857227,0 36.3537015197878,36.44998518975544,0 36.35376569225235,36.45003401478707,0 36.35381675936831,36.45008552853927,0 36.35384650951468,36.45013710561374,0 36.35387624713564,36.45018603277123,0 36.3539422888954,36.45028519262117,0 36.3539573354971,36.45034873634855,0 36.35394290889611,36.4504216398951,0 36.35395137247244,36.450479903252,0 36.35398284651576,36.45055002089798,0 36.35400280701419,36.45061222533796,0 36.35400143153716,36.45067051737213,0 36.35396891338718,36.45073155227806,0 36.35392972107754,36.45076743704767,0 36.35385935577315,36.45079943899295,0 36.35379379552889,36.45080625702822,0 36.35372164591112,36.45080647058919,0 36.35361657459858,36.4507789626152,0 36.35346049665266,36.45071318746314,0 36.35332580701404,36.45066324643699,0 36.3531940000772,36.45062449677811,0 36.35299907053036,36.45060336319347,0 36.35285082543806,36.45050610338947,0 36.35262806540582,36.45027337333914,0 36.35243963477401,36.45020337032547,0 36.35224482886795,36.45020937355833,0 36.35213748295137,36.45024225603914,0 36.35205075868792,36.45037820270861,0 36.35195076938155,36.45055218254453,0 36.35189758712285,36.45067717478013,0 36.35176351444996,36.45074270110162,0 36.35160921384391,36.45079200473911,0 36.35143453720392,36.450792518911,0 36.35125289692052,36.4507387779713,0 36.35105745411115,36.45060366147197,0 36.35088160521109,36.45034365141696,0 36.35074645676907,36.45017036425246,0 36.35059819153279,36.45006767492358,0 36.35043025902928,36.45007359524988,0 36.35030285591547,36.45012824597615,0 36.3501554924778,36.45022637571663,0 36.35003505167924,36.45033528192469,0 36.34992807149988,36.45044957632808,0 36.34983130671534,36.45048792525188,0 36.34972539850824,36.45048823531582,0 36.34959084310009,36.45045901247618,0 36.34951710869467,36.45036708482532,0 36.34944284413743,36.45015668799643,0 36.34936082967993,36.45003516627983,0 36.34926610980101,36.4498050842549,0 36.34914345180354,36.44970342724332,0 36.3490006490205,36.44965119130986,0 36.34883344999133,36.44960889884511,0 36.34852794999032,36.44960979147258,0 36.34802304635517,36.44965404536038,0 36.34762021027031,36.44975065370821,0 36.34741878315821,36.44973646469079,0 36.34728086806494,36.44963621942166,0 36.34716847971716,36.44948036869499,0 36.34701735313223,36.44930727816863,0 36.34677612282785,36.44915874358031,0 36.34653912748775,36.44899631377066,0 36.34629388078158,36.44891026065928,0 36.34605741071206,36.44886582843976,0 36.3458722448282,36.44876571812357,0 36.34579853856765,36.44861322507109,0 36.34577662826663,36.44851611175332,0 36.34571607117004,36.44842258065995,0 36.34558690642546,36.4483570139179,0 36.34541064118499,36.44832628869381,0 36.34520433632587,36.44830259118862,0 36.3450193569061,36.44824412523801,0 36.34490310967927,36.44818546123717,0 36.34482531000153,36.44807809770627,0 36.34482492679029,36.447991333716,0 36.34485037775263,36.44791837758287,0 36.34493172132727,36.44785567155425,0 36.3450689230074,36.44779627524572,0 36.34526626572576,36.44773670407971,0 36.3453947379546,36.44764609714487,0 36.34560892432467,36.44751012321973,0 36.34566013415785,36.44743362234892,0 36.34573681049608,36.44728763430082,0 36.34577507133428,36.44719728797737,0 36.34577447038998,36.44706193629313,0 36.34571804172296,36.44693021714998,0 36.34566607713619,36.44683666183585,0 36.34559702328497,36.44676397912564,0 36.34547639052278,36.44668450415536,0 36.34539029193947,36.44664310598125,0 36.34511055006985,36.44652591492582,0 36.34490839225102,36.44646749913115,0 36.34453858112029,36.44638180171706,0 36.34439664061522,36.44634056384169,0 36.34424178180862,36.44629242223476,0 36.34413831827672,36.44620942584866,0 36.34409918271218,36.44610195026977,0 36.34407702962164,36.44594930804284,0 36.3440462710193,36.4457932198523,0 36.34401146179454,36.4456926719237,0 36.34396387244808,36.44561645662778,0 36.34384750838098,36.44553002655534,0 36.34368846364392,36.44550619015438,0 36.34355536035715,36.44552045590992,0 36.34341372766498,36.44554862775895,0 36.34328479798607,36.44553511640755,0 36.34318374899541,36.44549616401388,0 36.34313958165051,36.44547896079412,0 36.34309057277381,36.44544444156738,0 36.34303316560053,36.44539743071857,0 36.34296851204154,36.44532829717555,0 36.34292061796209,36.4452764449529,0 36.34284408686497,36.44521600954681,0 36.3427676055596,36.44516712811596,0 36.34272698404229,36.44514317508648,0 36.34251798220782,36.44503786939779,0 36.34235666742062,36.44493724063492,0 36.34220718908586,36.4448182856372,0 36.34212100292979,36.44472995688042,0 36.34202752799788,36.44460987832362,0 36.34193528253962,36.4444984609097,0 36.34184316464651,36.44441592539621,0 36.34176315214237,36.44437668085256,0 36.34159731427606,36.44433094266747,0 36.34151387959702,36.44432636784907,0 36.34142102147707,36.44434685173631,0 36.34133777238916,36.44438463799864,0 36.34126410643105,36.44443395007326,0 36.34119033134692,36.44445822971429,0 36.34099785506251,36.4444794606145,0 36.34085548365795,36.44450251109394,0 36.34073418136804,36.44453682425927,0 36.34064085731705,36.44455973497782,0 36.34052874027656,36.44455816822514,0 36.34042344160773,36.44451317966211,0 36.34032287953736,36.4444832733083,0 36.34024781852241,36.44440989310122,0 36.34016787413446,36.44428746339792,0 36.34009055211197,36.44423107229643,0 36.33995721040155,36.44418238932663,0 36.3398660733879,36.4441713266623,0 36.33977501100443,36.44417724662654,0 36.33970270676851,36.44420009724436,0 36.33962117541621,36.4442493923972,0 36.3395281462142,36.44434023475181,0 36.33943971543689,36.44441408049654,0 36.33933027167576,36.44448987369621,0 36.33924640377425,36.44453917504507,0 36.33910870278652,36.44456221043748,0 36.3389778529537,36.44454937261871,0 36.33888894414395,36.44451377147252,0 36.33881161596587,36.44445549313745,0 36.3387574868778,36.44436129456547,0 36.33875479043125,36.44427827232242,0 36.33877763689009,36.44416121077408,0 36.33879833718134,36.44408755788783,0 36.33886083160137,36.44395717467533,0 36.33893278317487,36.44385318320749,0 36.33898613235338,36.44376811538275,0 36.33904878997743,36.44367547212325,0 36.33910211371688,36.44358474302799,0 36.33917192568664,36.44352604650759,0 36.33922771584246,36.44346550238736,0 36.33933962599105,36.44341989518252,0 36.33946336855671,36.44341010811889,0 36.33956385547234,36.44342303155923,0 36.33970413704954,36.44345659921783,0 36.33985388333075,36.44351844578053,0 36.33997798089539,36.4435897996182,0 36.34009271971784,36.44365740640916,0 36.34015124860525,36.44368931914515,0 36.34027529727628,36.44374935120067,0 36.34036427147949,36.44380004752416,0 36.34042749674097,36.44383760832199,0 36.34051638029037,36.44386754711163,0 36.34056779561575,36.44387494883132,0 36.34064949862476,36.44386528045926,0 36.34072631664678,36.44380656255777,0 36.34076818414081,36.44376681511258,0 36.3407888651904,36.44368938794625,0 36.34077685010213,36.44361205383884,0 36.34075530920576,36.44349323179173,0 36.34074558763054,36.44340645521552,0 36.34069150739272,36.44332357986244,0 36.34061180959881,36.4432577606101,0 36.34049480154805,36.44320525796624,0 36.34039417554654,36.44316025551629,0 36.34019529091738,36.44307779330185,0 36.33998237012368,36.44298970861077,0 36.33981629924568,36.44293357069476,0 36.33966425943852,36.44288116564245,0 36.33952614167112,36.44280796401412,0 36.33941596873309,36.44271581251314,0 36.33937127328829,36.44264234478645,0 36.33933122463223,36.44256320287999,0 36.33927950539282,36.4424859816403,0 36.33922080582648,36.44241444107018,0 36.33915280382461,36.44235236140735,0 36.33904032921098,36.44226776464141,0 36.33897218885117,36.44217360600454,0 36.33894390077936,36.44211330073131,0 36.3388803077629,36.44199082399692,0 36.33880716848228,36.44182119804869,0 36.33874134865652,36.4417232590103,0 36.33868489454141,36.44163095430257,0 36.33861220686097,36.44156511350882,0 36.3385137884612,36.4414899115849,0 36.33842707170842,36.44142033660379,0 36.33837540327148,36.44135443651318,0 36.33835408942741,36.44128656314647,0 36.33831618858492,36.44116401318033,0 36.33826689857829,36.44110754164125,0 36.33815688490618,36.4410512427322,0 36.33799346621267,36.44106680145738,0 36.33785127172962,36.44112947601314,0 36.33776972551164,36.44117499616174,0 36.33768107556764,36.44119789087844,0 36.33759930097591,36.44119057463306,0 36.33752208307907,36.44115682593176,0 36.33749845007691,36.44109273360785,0 36.33751923272195,36.4410379500717,0 36.33764743003388,36.44097908937397,0 36.33782007580437,36.44093708667391,0 36.3379928196837,36.44091772668634,0 36.33817956757686,36.44089644025922,0 36.33829395785276,36.4408847945962,0 36.33835916235389,36.44084120760908,0 36.3384032909024,36.44078447090401,0 36.3384286691574,36.44071269153143,0 36.33839335822584,36.440648632624,0 36.33831606726287,36.44059790177315,0 36.33817352184074,36.44057943539432,0 36.3380147096936,36.44057988504129,0 36.33789101155883,36.44059910578292,0 36.33776021662813,36.44059758836104,0 36.33764092776379,36.44055641107259,0 36.33750050633764,36.44048887499681,0 36.33738556919958,36.44037408994567,0 36.33725694803579,36.44021195138274,0 36.33718585440037,36.44011140370298,0 36.33696493137522,36.43996426303303,0 36.33675255250865,36.43987082972821,0 36.33644872143821,36.43977429614029,0 36.33619504252852,36.43974142723718,0 36.33593735258347,36.43974215269979,0 36.33572164365418,36.43984015066805,0 36.33554744012658,36.43992459786785,0 36.33544800673177,36.43999875913955,0 36.33534013106161,36.44004272070448,0 36.33528207303383,36.44007310758779,0 36.33511571921464,36.44005006733521,0 36.33499494003831,36.43999331509124,0 36.33491542221396,36.4398659230633,0 36.33473225549742,36.43979927094873,0 36.33456168832093,36.43976280747361,0 36.33444931055342,36.43972618127172,0 36.33430766497624,36.43964933776416,0 36.3342410197774,36.43961594129575,0 36.33413294199158,36.43961288536337,0 36.33405828720329,36.43965003581776,0 36.33393420196129,36.43979143108607,0 36.33384720757033,36.43985884027989,0 36.33374357307285,36.43992293767752,0 36.33363572438025,36.43997361336674,0 36.33346545991728,36.44000767200398,0 36.33318698637835,36.44000844964124,0 36.33307486684387,36.44003227085559,0 36.33302523474093,36.44008949983119,0 36.33299221373397,36.4401433248922,0 36.33300919781343,36.44022723439159,0 36.333080070159,36.44027741145942,0 36.33322998514657,36.44034415912313,0 36.33342567851388,36.44042421188878,0 36.33358389140994,36.44048757752282,0 36.33367951666462,36.44049402636939,0 36.33377535703873,36.44055084981532,0 36.33383378978745,36.44060777712953,0 36.33385068943287,36.44067153758966,0 36.33381771198758,36.4407354369274,0 36.33374314130924,36.44079273698186,0 36.33366018675527,36.4408332678277,0 36.33355212174169,36.44083356961361,0 36.33345222557374,36.44080026580654,0 36.33336472677387,36.4407501363627,0 36.33322716502186,36.44065648835678,0 36.33308974636506,36.44059642240095,0 36.33295668567793,36.44058336014435,0 36.33283620928686,36.44059712939514,0 36.33267858374237,36.44067145080595,0 36.33252531425277,36.44079277672434,0 36.33244671653364,36.44088031145128,0 36.33237230266354,36.44097455111822,0 36.33226455212064,36.44104873273599,0 36.33219402284867,36.44107915370812,0 36.33207347387052,36.44107613149923,0 36.33198186120583,36.44103608665705,0 36.33193587021351,36.44097240711775,0 36.33192699938471,36.44084145801168,0 36.33191418717965,36.44076089423691,0 36.33191785728491,36.44064670283561,0 36.33190910118933,36.44054261930622,0 36.33187974938693,36.44048225171329,0 36.33180891952529,36.4404421497636,0 36.33171326707805,36.44042898192988,0 36.33161778540929,36.44045611371382,0 36.33155159792519,36.44053017984925,0 36.33146485728661,36.44065803582345,0 36.3313243844477,36.4408565647339,0 36.33123749998206,36.44095083831732,0 36.33112562058388,36.44103174793752,0 36.33100535660193,36.44109588899715,0 36.33090997394316,36.44114652742526,0 36.33080236465138,36.44125429163371,0 36.33071957955163,36.44133512004213,0 36.33059524399787,36.44141942113529,0 36.33015914945313,36.44149786894406,0 36.32783198102824,36.44090685531112,0 36.32582303167112,36.44051610404228,0 36.32493221140096,36.44022364701355,0 36.32490225843316,36.44011002323823,0 36.32491920087505,36.44004743059488,0 36.32497913259869,36.43998124622158,0 36.32503013022111,36.43983516477908,0 36.32506408500589,36.43972735312669,0 36.32504195909088,36.43957799626047,0 36.32495968456474,36.43944270167896,0 36.32484690175752,36.4392101957206,0 36.32475612775575,36.43909924910846,0 36.32466978462523,36.43901956274059,0 36.32460052885801,36.43891203209097,0 36.32448839822713,36.43883589039283,0 36.32435066807903,36.43880846632138,0 36.32423445352158,36.4387844581897,0 36.32410126960255,36.43881609338939,0 36.32401984931882,36.43888581029288,0 36.32397290505357,36.43897280834474,0 36.3239262063627,36.43911887761232,0 36.32387926183807,36.43920587561416,0 36.32381502962441,36.43927207110697,0 36.32370761831302,36.439296686641,0 36.32355281446935,36.43930058117172,0 36.32338480696198,36.43923154010432,0 36.32331989636261,36.43913442081352,0 36.32325495597732,36.43903035143552,0 36.32316864445969,36.43895761410303,0 36.32306093073358,36.43890925868718,0 36.32292314232054,36.43886793379548,0 36.32279827019123,36.43883004841217,0 36.32260017631348,36.43876456234158,0 36.32244932848494,36.43868504889284,0 36.32225126295574,36.43862651137187,0 36.32200600840892,36.43859589956987,0 36.32190272541325,36.4385788044145,0 36.3217606668185,36.43854443896481,0 36.32162720983653,36.43851005017326,0 36.32148923649729,36.43842355166135,0 36.32140286998433,36.43833691398739,0 36.32138553914577,36.4383056865682,0 36.32121320588493,36.43822970504099,0 36.32107110530241,36.43818491421883,0 36.32091197497255,36.43818186696388,0 36.32078300525095,36.43819263859753,0 36.32068846655157,36.43821026669736,0 36.32058541332963,36.43824876611986,0 36.32043082613023,36.43830477869816,0 36.32033197390715,36.43831894262811,0 36.32025463676363,36.43833652417629,0 36.32003951499563,36.43831277757356,0 36.31985441000938,36.43826810158829,0 36.31973809916693,36.43821976546504,0 36.31966469245099,36.43814699025599,0 36.3196644356864,36.4380844445726,0 36.3197243569654,36.43801478750801,0 36.3198015797202,36.43796940801068,0 36.31989598868585,36.43792050773858,0 36.31991706335263,36.43781620696228,0 36.31992952231864,36.43770845377632,0 36.31988177611013,36.43760086209397,0 36.31981261280569,36.43751417720458,0 36.31970910358276,36.43744148275501,0 36.31962721143643,36.43739652979987,0 36.31950232920986,36.43735516565886,0 36.31930439663897,36.43732789717657,0 36.31912386629382,36.43734922890219,0 36.31893034903078,36.43734974569003,0 36.31880552417363,36.43732228087418,0 36.31870195929783,36.43723568646156,0 36.31863271234288,36.43712815179683,0 36.31858932523266,36.437034447315,0 36.31847711812996,36.43693745204381,0 36.31833506425591,36.4369030826899,0 36.31819735319767,36.43687912626538,0 36.31806392814386,36.4368516827501,0 36.31790450293784,36.4367756613836,0 36.3177104636537,36.43664760954658,0 36.31758111243779,36.43656455843151,0 36.31746484815898,36.4365266439129,0 36.31730117971222,36.43646453234626,0 36.31716325858763,36.4363884528447,0 36.31703805391314,36.43626716693606,0 36.31695186348957,36.43622222276557,0 36.31685264574161,36.43614604003392,0 36.31671483761844,36.4360977582754,0 36.31650398002409,36.4360635695629,0 36.31628441076926,36.43600160419499,0 36.31615518922678,36.43594982442915,0 36.31593983599377,36.43586699881113,0 36.31574190882792,36.43583972371555,0 36.31557005181262,36.43587840104707,0 36.31538087968485,36.43588932537132,0 36.3152044691012,36.43586546798071,0 36.31508383568108,36.43581018891071,0 36.31490271773264,36.43568557321355,0 36.31479026434391,36.43552602826752,0 36.31470343096708,36.4353212423404,0 36.31463821137429,36.43514419872923,0 36.31456850952651,36.43492199365532,0 36.31450352927897,36.43480402008664,0 36.31435680125982,36.43467583831846,0 36.31419293005079,36.43456160086806,0 36.31393847466997,36.43437810467545,0 36.31371325325123,36.43418567084236,0 36.3135845470505,36.43407785166131,0 36.31335545526017,36.4339702960474,0 36.31305927819451,36.43382235731033,0 36.31288054361733,36.43375522762153,0 36.31275192969421,36.43366994035883,0 36.3126898788546,36.43349434780993,0 36.31266123475053,36.43330514847041,0 36.31257142564388,36.43316117473723,0 36.31245396702923,36.4330758572756,0 36.31235325699401,36.43299500318767,0 36.3122187797257,36.43283762650462,0 36.3120839768702,36.43259913178424,0 36.31197179008277,36.4324371903402,0 36.3118823265387,36.43237883879547,0 36.31173135393743,36.43228008883015,0 36.31163079004104,36.43223528658367,0 36.31150770265508,36.43213646355143,0 36.31145697114837,36.43200139957423,0 36.31145655778904,36.43189774989954,0 36.31145594471933,36.43174452906353,0 36.31143874639348,36.4316274044777,0 36.31137142895457,36.43152843579834,0 36.31128194841228,36.43146557820008,0 36.31117571899426,36.43139825688792,0 36.31105257928365,36.43128591380586,0 36.31097959582946,36.431164427094,0 36.3108620347013,36.43105206987021,0 36.31068870557026,36.43093985775671,0 36.31049301556001,36.43081418345342,0 36.31036426524301,36.43069284151458,0 36.31029678883166,36.43055331430212,0 36.31024078836921,36.43049487514301,0 36.31012328225602,36.43039603598196,0 36.30999471249672,36.43031975914312,0 36.3098550618267,36.43026153625709,0 36.30974329523414,36.43020324172915,0 36.30963152772956,36.4301449461772,0 36.30956986177579,36.43006398794194,0 36.3095416209126,36.42997393032427,0 36.30945201744643,36.42987952564205,0 36.30936255761413,36.42982117235933,0 36.30930092886013,36.42974922711186,0 36.30922251499219,36.42966380572108,0 36.30915516641217,36.42955582376613,0 36.30912129560504,36.42945226034487,0 36.30909283994131,36.42930812499548,0 36.3090308003587,36.42913253001387,0 36.30894107354476,36.42900657919951,0 36.30877883406966,36.42887630970535,0 36.30862767640844,36.42872798424146,0 36.30852683397045,36.42861107494137,0 36.30845937969581,36.42847605248475,0 36.30840869100984,36.42835000053635,0 36.30841344843105,36.4281426875083,0 36.30841291299894,36.42800749210868,0 36.30845711623202,36.42790372786175,0 36.30846230033939,36.42780457002313,0 36.30840617844511,36.42771458431776,0 36.30829972442328,36.42758867565208,0 36.30821566733876,36.42748524234824,0 36.30818725041657,36.42735011994661,0 36.30819774377122,36.42718335009891,0 36.3082196405589,36.42707964321761,0 36.30817438778362,36.42691752409219,0 36.30808457556018,36.42676904003789,0 36.30805065454169,36.42665195766914,0 36.30806692111715,36.42653474504317,0 36.30812193726602,36.42634532879318,0 36.30814372637657,36.42621458263353,0 36.30811525731738,36.42606593970121,0 36.30803652813189,36.42589940082205,0 36.30792988268141,36.42572392087921,0 36.30775639127892,36.42556663874588,0 36.30758861967114,36.42544539488533,0 36.3074990246741,36.42535098811089,0 36.30745380957176,36.42519788185533,0 36.30742555434966,36.42510331729287,0 36.30733581845695,36.42497285809213,0 36.30722374081742,36.42483344377503,0 36.30713943941304,36.42466691826522,0 36.30710511127686,36.42444618610002,0 36.30711026236092,36.42433801527549,0 36.30710974699726,36.42420732734198,0 36.30716281730408,36.42402901756999,0 36.30713691299673,36.4239260461679,0 36.30707020314511,36.42377130106226,0 36.30677191232734,36.42355838876998,0 36.30624191888608,36.42325525627052,0 36.30596921271421,36.4228232551939,0 36.30558361882881,36.42225799286437,0 36.30560832125848,36.42181454529004,0 36.3055748958145,36.42171847476521,0 36.30527036268528,36.42159638879258,0 36.30491903967939,36.42134087099124,0 36.30493818015924,36.42116453733593,0 36.30528716033022,36.42082175872059,0 36.30542397749235,36.42031392060453,0 36.30529142776819,36.42022344578543,0 36.30499342775268,36.42007997369745,0 36.30437101226713,36.41979843724962,0 36.30389303517864,36.41926545632661,0 36.30346122851378,36.41870564652309,0 36.30284527359857,36.41838134901013,0 36.30230273194349,36.41823849057545,0 36.3020840386844,36.41808946843791,0 36.30166553138439,36.41754564439268,0 36.30151285300181,36.41737508592831,0 36.30084352581521,36.41691736390254,0 36.30037314697366,36.41663008081879,0 36.29974482294242,36.41651947807424,0 36.2991368423211,36.41654237082096,0 36.29847612782271,36.41660278596515,0 36.29789017681753,36.41720255090869,0 36.29693327262682,36.41758955749004,0 36.296331910949,36.41761776142553,0 36.29584274904234,36.41760294815338,0 36.29491663463511,36.4173969017513,0 36.29330780368273,36.41667435456507,0 36.29234759824934,36.416185246681,0 36.29149962402424,36.41565846254261,0 36.29022878651927,36.41516475320326,0 36.28936827341084,36.41481427099824,0 36.28877227502413,36.41450053580803,0 36.28810308635492,36.41405342565552,0 36.28769856739059,36.41368580330956,0 36.28720779837701,36.41322757431373,0 36.28707473127329,36.41298750427203,0 36.2868889501224,36.412790297342,0 36.28679567637863,36.41258752595917,0 36.28667559454204,36.41228332035897,0 36.28658912770417,36.41213395249436,0 36.28646920435485,36.41187248279544,0 36.28632916086463,36.41153093127396,0 36.28616197672947,36.41099713212145,0 36.28603531077265,36.41069828445531,0 36.2857959619591,36.4103088924597,0 36.28566233770097,36.40991390475708,0 36.28552785361568,36.40928387041259,0 36.28538756473974,36.40887287284435,0 36.28534728772537,36.40870202514657,0 36.28509476983486,36.40832334611591,0 36.2848296812174,36.408120983763,0 36.28441257517196,36.40791363936334,0 36.28403525824745,36.40774359421338,0 36.28366449461687,36.40755750565731,0 36.283260554034,36.40733410067294,0 36.28298239161509,36.40716915746889,0 36.28269729232998,36.40691341768072,0 36.28231954045243,36.40662050145318,0 36.2816832486442,36.40610383024065,0 36.28143800116164,36.40590141237418,0 36.28119244724905,36.40561352299442,0 36.28100644822897,36.40534686118593,0 36.28091318006967,36.40513874222899,0 36.28072063228034,36.40488812128481,0 36.28056160791434,36.40477097113182,0 36.27984184104587,36.40409412684982,0 36.27924195592969,36.40329619328764,0 36.2784519162803,36.40208531967753,0 36.27729933823979,36.4013274595078,0 36.27447496226233,36.40077061857274,0 36.27269771275469,36.40071835414697,0 36.27091851191363,36.40010270191161,0 36.27042854999942,36.39948411087863,0 36.27035593621834,36.39863922783089,0 36.27038775458116,36.39776594028374,0 36.27000233975964,36.397147109931,0 36.26923191857009,36.39602211875396,0 36.26801051184301,36.39546150108347,0 36.26525695727186,36.39515779708749,0 36.26337626788074,36.39538730546975,0 36.26125091881261,36.3953919728304,0 36.25957607822229,36.39466324915004,0 36.25856455591688,36.39432742453656,0 36.25682267568222,36.39438751881637,0 36.25584702569341,36.39436144510196,0 36.25584499467444,36.39374174715045,0 36.25542404442062,36.39286943102999,0 36.25475986590397,36.39219481101836,0 36.25458171501115,36.390983953685,0 36.25447370664772,36.3899137886174,0 36.25461058415073,36.38915295257451,0 36.25520164975864,36.38878550347626,0 36.25638200944279,36.3875154020536,0 36.25665793799438,36.38666976034875,0 36.25644585751676,36.38574066133941,0 36.25588642785638,36.385122157669,0 36.25536221099134,36.38461624961729,0 36.25546478699017,36.38402449512304,0 36.2559138807986,36.38286863250812,0 36.25639622421643,36.38123383496126,0 36.25677626554973,36.38027529508914,0 36.25764509728077,36.37965372038432,0 36.25868902138409,36.37931344395754,0 36.25896601728739,36.37880581412956,0 36.25871993778059,36.37813030667272,0 36.25833284961215,36.37694807297926,0 36.25825927165123,36.37576516077056,0 36.2583582080208,36.37565178366088,0 36.25902270276966,36.37489028900833,0 36.26072630600974,36.37392885831095,0 36.26281386982571,36.37322007462456,0 36.26350775256442,36.37240166337809,0 36.26336377385865,36.37102173029251,0 36.26335760224749,36.36919079902254,0 36.2632151512169,36.3682615553009,0 36.26055464003555,36.3672787551173,0 36.25900634946197,36.36718431440761,0 36.25813445565064,36.36683409676846,0 36.25837367284994,36.36603156200434,0 36.25873329821071,36.36507227558218,0 36.25863318634352,36.36405529893773,0 36.25812366639513,36.3635673658898,0 36.25686433124637,36.3630614837773,0 36.25640262087114,36.3623973875532,0 36.25664145784795,36.36147748880689,0 36.25766429812087,36.35933820216193,0 36.25858657232912,36.35788540432422,0 36.25830000776431,36.35654932757475,0 36.25857740656127,36.35511422212752,0 36.25909478500849,36.35312435600679,0 36.2592323370728,36.35206447954946,0 36.25990369155765,36.35144493360159,0 36.26008678909047,36.35095549931716,0 36.25949759140874,36.35052208190724,0 36.25862386584705,36.35037454775325,0 36.25741433107265,36.35024131597341,0 36.25633878698154,36.3499991105292,0 36.25543064410358,36.3495935246312,0 36.25519372868237,36.34903707309914,0 36.25542594090195,36.34815359413916,0 36.2557415756857,36.34710692450986,0 36.2556046629011,36.34631932559414,0 36.25498114432781,36.34564143981883,0 36.25452413855216,36.34452849781328,0 36.25408530464804,36.34383662913402,0 36.25346243482603,36.34334891481559,0 36.25225222847203,36.34297111396185,0 36.25189847475379,36.34261866647395,0 36.25206476702135,36.34211569448935,0 36.2529349173796,36.34119012006251,0 36.2533179854189,36.34022481892554,0 36.25322950261361,36.33882581638835,0 36.25315921957887,36.33786147555023,0 36.25276931357164,36.33670762900819,0 36.25222945115611,36.33590729237889,0 36.25190935185217,36.33556835751024,0 36.25148939030099,36.33550132073479,0 36.25115355260569,36.33548844222967,0 36.25126920509509,36.33490407068972,0 36.25120069446404,36.334483099099,0 36.25089730738814,36.33411695887945,0 36.25042581338664,36.33368324715183,0 36.24978230012786,36.3332375676691,0 36.24970226829055,36.33318213949901,0 36.24953316378135,36.33280212997882,0 36.24948925450111,36.33145705875185,0 36.2487875742279,36.32930338956639,0 36.24797498270139,36.32868040189914,0 36.24685537910872,36.3286202520688,0 36.24419576541686,36.32984383359003,0 36.24304123362075,36.33097060392937,0 36.24165380238804,36.33169179455273,0 36.24065044584589,36.33178752012761,0 36.24007132315538,36.33175745100031,0 36.23983655272951,36.3307272072331,0 36.23975437375986,36.32910321417468,0 36.23974892032158,36.32732289763951,0 36.23916639459201,36.32616841265695,0 36.23804455332959,36.32535857272306,0 36.23572459065574,36.32402011546563,0 36.23363610421315,36.32261869294819,0 36.23173882666448,36.32059218571038,0 36.2309581469005,36.3176264792172,0 36.23075679554675,36.31478458467445,0 36.23159790557131,36.31209684270264,0 36.2321339358377,36.31065904263891,0 36.23374815478065,36.30843828992565,0 36.23408292171365,36.30836820464323,0 36.2346954608233,36.30839242471766,0 36.23538667521737,36.30846732965151,0 36.23631296962891,36.30888441623304,0 36.23782864667898,36.30973333781035,0 36.24105041507819,36.30914118500763,0 36.24414155941605,36.30886868466683,0 36.24676848684036,36.30742566410193,0 36.24794722585667,36.305719369478,0 36.2494527909617,36.30337343501569,0 36.25023672979443,36.30166794030436,0 36.2493775170636,36.30039184261435,0 36.24496297767704,36.29805816547336,0 36.24396204391127,36.2946888831482,0 36.24456381837308,36.29340970539443,0 36.2451488439265,36.29265065393141,0 36.24606389079996,36.29177204127634,0 36.24789551906089,36.29052002892486,0 36.25040680105553,36.2894448851688,0 36.25200208121978,36.28893629770897,0 36.25310329182621,36.28890425165324,0 36.25516051417181,36.28934567619061,0 36.25694106504552,36.28937158328024,0 36.25837257525259,36.28930905894632,0 36.25963863909122,36.28917257723025,0 36.26070299141169,36.28909596256134,0 36.26147321180207,36.28888624245723,0 36.26231888116664,36.2884981641372,0 36.26376744963472,36.28774442293994,0 36.26565826669049,36.28666335430907,0 36.26783173542805,36.28574478666985,0 36.26944378221229,36.2856758988483,0 36.27138099047134,36.28638944055439,0 36.27348185462707,36.28778786507844,0 36.27461070134644,36.28785054331519,0 36.2758976805783,36.28703176053687,0 36.27722389984394,36.28591917788191,0 36.27818790511665,36.28497058753723,0 36.27992049445363,36.28480337990203,0 36.28165729800524,36.28581091946181,0 36.28319025158289,36.28616625932482,0 36.28460360069823,36.28688082563836,0 36.28553506666544,36.28808601865273,0 36.28678628395924,36.28853988356702,0 36.28827720503684,36.28840576707756,0 36.28948644652897,36.28840284550075,0 36.29057452238939,36.28833494074651,0 36.29194402313077,36.28807054251423,0 36.29303306775629,36.28826367533907,0 36.29480993215468,36.28914039362785,0 36.29731202503103,36.28991738484216,0 36.29868712671063,36.29112137037179,0 36.3007864729519,36.2919645596379,0 36.30252118212056,36.29231914382525,0 36.30425223231426,36.29172736201757,0 36.30719573686557,36.29194826498954,0 36.30889042143392,36.29236812439237,0 36.310063028109,36.29327880706069,0 36.31183850724709,36.2937310478634,0 36.31470292688052,36.29431093219039,0 36.31684072995557,36.29463161391785,0 36.32002917582679,36.29556947151285,0 36.32261046341691,36.29588886184834,0 36.32365776085701,36.29569023457471,0 36.32474225350033,36.29474094552204,0 36.32529794027877,36.29265093971697,0 36.32573565364449,36.29127917294355,0 36.32637598325509,36.29016791410652,0 36.32722124262936,36.28987190864714,0 36.32895492647847,36.28996504997651,0 36.33060648238785,36.28969943308157,0 36.33185508007161,36.28946754558771,0 36.33407037463873,36.28906978323128,0 36.33649153100915,36.28968301658119,0 36.33822676914576,36.29013497928091,0 36.33947577536058,36.29000090840345,0 36.341122465799,36.28862564735308,0 36.34329423565095,36.28750991912933,0 36.34651925942247,36.28759851418791,0 36.34817186329663,36.28759371414402,0 36.35002702467683,36.28781672685343,0 36.35103690423976,36.2883032576006,0 36.35213269208855,36.28996430457453,0 36.35406794805096,36.29005648843366,0 36.35588020689728,36.28969214824247,0 36.35821645677934,36.28932621243167,0 36.36107323075132,36.28820810740125,0 36.36368944337026,36.2873843605555,0 36.36634499165993,36.28636463977306,0 36.36856124632936,36.28622729842493,0 36.3696106031713,36.28651775338159,0 36.36938167354575,36.28797714467125,0 36.36948381198025,36.28902597817577,0 36.36963603431582,36.29038940034617,0 36.37004844504892,36.29196184602946,0 36.37011894237904,36.29316814755751,0 36.37049649793825,36.29421612617673,0 36.37072708248226,36.29501538593952,0 36.3708288763941,36.29598553137982,0 36.37109503799804,36.2974535113082,0 36.37118094964441,36.29848927704247,0 36.37091019260284,36.2994736927545,0 36.37021614919983,36.30002664537508,0 36.36965164536192,36.30056607980889,0 36.36886142541185,36.30134226580289,0 36.36847653950915,36.30218276960714,0 36.36813994151766,36.30295755169998,0 36.36788453165728,36.3037714252371,0 36.36801544058222,36.30404642365556,0 36.36871434956284,36.30451638533435,0 36.36956007667153,36.30519571912681,0 36.37022691047927,36.30573134261724,0 36.37055306807596,36.30617621940251,0 36.37044411654085,36.30712078732588,0 36.37062445589746,36.30756611518878,0 36.37077319791724,36.30818202658124,0 36.37080846051105,36.30878517506092,0 36.3705213359069,36.30974341019552,0 36.37034713290404,36.31059638051214,0 36.37054430364871,36.31117279883957,0 36.37070987676302,36.3119198005031,0 36.37089122255279,36.31257495332662,0 36.37124870066989,36.31278367229255,0 36.37154030712442,36.3127696519805,0 36.37186344895236,36.31257193324536,0 36.37223501357447,36.31233471865151,0 36.37275159674035,36.31192656602965,0 36.37307360778034,36.31149278905747,0 36.37299015364975,36.31098159190316,0 36.37305034490574,36.31001094589483,0 36.37343584572248,36.30930156981282,0 36.37364266814215,36.30850095056326,0 36.37380231894595,36.30800210705488,0 36.37394551437081,36.30745085847916,0 36.37418667577781,36.30705667455236,0 36.37415257878066,36.30670269462458,0 36.37415044842535,36.30625681494878,0 36.37431071841134,36.3058891124597,0 36.37445472155408,36.30550834629496,0 36.37429113147351,36.30518100054118,0 36.37419203848322,36.30478788164479,0 36.37425521835612,36.30444671142728,0 36.37475523384043,36.30383923454351,0 36.37505099623972,36.30302242193698,0 36.37518203304968,36.30194151432922,0 36.37417052624439,36.29968606399304,0 36.3743266499754,36.2989470930698,0 36.37457376454448,36.29815860448071,0 36.37533031603417,36.29738697897338,0 36.37627912437412,36.29707629565927,0 36.37936896652418,36.29657874717545,0 36.38277079270228,36.29654063887697,0 36.38590624172932,36.29713041908654,0 36.38819979179986,36.29775012009398,0 36.3922450939669,36.30085883299836,0 36.39433581556784,36.30204634762728,0 36.39591184384389,36.30316978447863,0 36.3969723187794,36.3040648005251,0 36.3972329798182,36.30474331307084,0 36.39725113000643,36.30565274298778,0 36.39711930706012,36.30635447490045,0 36.39675644561751,36.30688164958182,0 36.39570401608622,36.30758643136158,0 36.39521951561028,36.30815783469977,0 36.39534573009518,36.30902307638213,0 36.39515868020104,36.30951679161266,0 36.39497074252297,36.30983518644922,0 36.39428121107317,36.31002374346073,0 36.39337571721742,36.31034450036608,0 36.39173989099716,36.31082105298386,0 36.38932134943569,36.31181514794265,0 36.38641501268275,36.31274502452416,0 36.38487370449267,36.31318830519903,0 36.38505165444552,36.31358220938103,0 36.38597329754057,36.31377647569439,0 36.38736806426295,36.31381579520674,0 36.38816693851712,36.31382416160763,0 36.38925013829728,36.31383159708228,0 36.39061739099503,36.31378330576557,0 36.3910514693347,36.31394625225752,0 36.39088967675707,36.3143030503448,0 36.38788096983753,36.31497450075677,0 36.38611885189101,36.3153980901985,0 36.38564879298388,36.31606125726557,0 36.38535221559464,36.31700245257961,0 36.38561502588481,36.31794184497382,0 36.38739185064217,36.32047822696055,0 36.38847386580047,36.32172836683316,0 36.38830812783304,36.32301737972736,0 36.38676237579505,36.32371886405659,0 36.38496078975322,36.3249086834637,0 36.38421780596969,36.32581479613503,0 36.38621502665738,36.32679583449265,0 36.39107354622274,36.32720324000942,0 36.3944074325232,36.32652725110278,0 36.39627272196451,36.32601726737161,0 36.3977630930427,36.32524652021721,0 36.39892875804866,36.32429546572868,0 36.39942251533849,36.32344740861115,0 36.39941932701196,36.3228226900753,0 36.39901563463643,36.32179625755553,0 36.39898345703811,36.3202382301221,0 36.39905856494416,36.31926611558452,0 36.39930437767661,36.31840681509343,0 36.39971713487702,36.3179177134399,0 36.39993397055797,36.31792622221494,0 36.40008241655978,36.31794880960442,0 36.40017958968608,36.31798542029814,0 36.40025396706833,36.31802672336185,0 36.40029442052986,36.31812815927029,0 36.40032912296041,36.31822038168949,0 36.40042092181504,36.31832164616757,0 36.40057523931688,36.31837653215349,0 36.40074641242337,36.31838057505242,0 36.40092897165798,36.31837996348496,0 36.4010772777812,36.31837484905109,0 36.40123154850787,36.31842049975798,0 36.40138591427294,36.31848461827895,0 36.4015345041939,36.31853490548191,0 36.40166576594792,36.31854369823952,0 36.40181968233389,36.31852009657587,0 36.40202475397479,36.31845938749108,0 36.40224092615974,36.31833862054861,0 36.40233199295145,36.31829676177065,0 36.40250273801007,36.31821769922368,0 36.40266245364441,36.31821254430447,0 36.40285090689445,36.31824884473897,0 36.40296346285282,36.31823949253342,0 36.40306846907672,36.31821239517838,0 36.40312533417492,36.31817087374962,0 36.40324215698291,36.31810483815137,0 36.40333184142981,36.31801944553807,0 36.40341842116187,36.31791461274293,0 36.40347215668163,36.31784878998383,0 36.40348696429027,36.31780741046239,0 36.4035496118597,36.31772210773443,0 36.40360033034486,36.31765386433646,0 36.40366014940646,36.31760260832257,0 36.40372898012603,36.31755132102078,0 36.40378893617405,36.31752680655534,0 36.40386103429015,36.31752656285958,0 36.40393917769947,36.31753359300077,0 36.40401460566006,36.31759654777031,0 36.40409044873763,36.31773973014091,0 36.40413285747277,36.31780765965625,0 36.4041936040768,36.31793630550814,0 36.40420905167445,36.31801891289032,0 36.40417351718115,36.3181187107289,0 36.4041077780858,36.31818700558377,0 36.40401785512532,36.31822620844116,0 36.40387677513973,36.31824856610679,0 36.40370567929178,36.31827588698724,0 36.40356179437406,36.3183371511691,0 36.40345390944853,36.318388570022,0 36.40337306203374,36.31843989785337,0 36.4033045052866,36.31854466904731,0 36.40326885705683,36.31862258598312,0 36.40318198743,36.31867150257134,0 36.40300200260806,36.31872316422557,0 36.40288794643308,36.31874299795494,0 36.40276783095532,36.31875312753004,0 36.40249445499418,36.31875404822669,0 36.40238032284041,36.31875929470012,0 36.40228136203359,36.3187936644927,0 36.40222746266679,36.31882788128125,0 36.40220365400341,36.31887172269601,0 36.40219823299967,36.31898600552285,0 36.40220226135647,36.31918534760894,0 36.40221774432759,36.31927524897743,0 36.40224511837301,36.3193407981956,0 36.40233555580362,36.31940127300188,0 36.4024258801934,36.31943986716247,0 36.40250405101192,36.31945175937466,0 36.40264216686649,36.31943670764711,0 36.40277427474194,36.31942167563975,0 36.40289140011355,36.31941398747646,0 36.40302359448969,36.31941597289004,0 36.40319505674032,36.31945915588794,0 36.40334248627749,36.31950241916726,0 36.40345676934027,36.31952634530664,0 36.40356488179761,36.31951868678618,0 36.40367586007176,36.31948427521729,0 36.40381057120312,36.31939143683876,0 36.40392447817747,36.31934242785977,0 36.404059539304,36.31931766008528,0 36.40415567194992,36.31931733561117,0 36.40426397177006,36.31934614287143,0 36.40435140576515,36.3194066266183,0 36.40440292949567,36.31949397351606,0 36.40442432215919,36.31956440511576,0 36.40439533580024,36.31976872130761,0 36.40439870456989,36.319839213698,0 36.40438436148789,36.31997054483719,0 36.40440894709124,36.32007743245939,0 36.40447545372852,36.32015743605594,0 36.40457200280157,36.32023733802095,0 36.40471959782989,36.32031220417291,0 36.40484004093312,36.32036528167849,0 36.40495736850127,36.3203964898571,0 36.40506252749526,36.3203985643552,0 36.40512564097394,36.32040321238702,0 36.40526668698293,36.32037356046719,0 36.4054254806026,36.32029036235399,0 36.40567105560822,36.32014122885467,0 36.40589870585115,36.32001160362978,0 36.40603946002548,36.31992603554246,0 36.40612323707718,36.31986010959486,0 36.40620109327104,36.31981122136052,0 36.40626400371748,36.31977697130468,0 36.40636302786339,36.31975475399888,0 36.40642314875413,36.31976184367041,0 36.40648338403006,36.31979081213398,0 36.40651071226768,36.31984663662623,0 36.40651109081335,36.31991956957847,0 36.40642189898663,36.32009977905343,0 36.40637727869261,36.32018502137321,0 36.4063539644924,36.32032367724659,0 36.40632768390192,36.3204696365197,0 36.40628308805407,36.32055974073287,0 36.40620834827679,36.32063049910477,0 36.4061094113397,36.32066973307841,0 36.40598016795222,36.32065801660924,0 36.40576060883307,36.32061013927569,0 36.4055833237697,36.32060344720058,0 36.40539426025655,36.32064298701437,0 36.40522050806118,36.32073839127674,0 36.40508295533454,36.32086284704068,0 36.405014463002,36.3209797750032,0 36.40490083131692,36.32108226913125,0 36.40464304564694,36.32119497521578,0 36.40438176672995,36.32131915629055,0 36.40418481811356,36.32144209137574,0 36.40414873449432,36.3215054887639,0 36.40416487178637,36.32159732921604,0 36.40424361243855,36.32167945090117,0 36.40447496852487,36.321742044534,0 36.40482748414937,36.32175986373853,0 36.40510945123089,36.32176524588748,0 36.4052739781866,36.32177736386301,0 36.40537174129459,36.32175168173248,0 36.40545767393521,36.3217101957886,0 36.40550425227274,36.32163081854581,0 36.40555487833176,36.32157677714753,0 36.40564076179856,36.32152578438841,0 36.40571511150387,36.32151602615389,0 36.40579347536325,36.32152526622999,0 36.40590328050547,36.32155658142067,0 36.40603273032929,36.32160050457122,0 36.40612280837255,36.32160336733078,0 36.40624014920279,36.32157761842149,0 36.40635336024889,36.32151068938666,0 36.40648598481864,36.32141200579234,0 36.4065993762858,36.32137993223633,0 36.40677186618566,36.32141737073782,0 36.40685802889566,36.32142024617552,0 36.40707703020541,36.32136563141236,0 36.40732324219791,36.32127289763791,0 36.40748724127835,36.32118361268631,0 36.40766711703954,36.32113546679769,0 36.40777277452825,36.32112243196805,0 36.4078943277927,36.32115370466431,0 36.40797293867351,36.32121047493694,0 36.40805563220668,36.32129891848946,0 36.40815458272402,36.32150138375073,0 36.40822234002031,36.3217293051259,0 36.40825042801875,36.32185912945355,0 36.40832545503394,36.3219792877419,0 36.40847911202101,36.32215938339181,0 36.40853054644034,36.32226060879989,0 36.40853109263355,36.32236517700044,0 36.40851584205924,36.32244444923433,0 36.40845366970955,36.3225365567721,0 36.40831712913382,36.32263525582361,0 36.40819610385196,36.32270538247457,0 36.40807106249889,36.32275650976628,0 36.40797736389168,36.32281069909684,0 36.40793845384211,36.32285836338313,0 36.40791917142633,36.32291546800845,0 36.4079706722225,36.32302936863287,0 36.40807287943775,36.32310507089591,0 36.40832400455474,36.32320244497186,0 36.40840260131041,36.32325604674639,0 36.40845005422479,36.32334461048933,0 36.40846608199244,36.32341426889884,0 36.40841178856701,36.32351585556398,0 36.40830655770314,36.32361127912352,0 36.4081584166517,36.32373853688796,0 36.40808087552343,36.32388773462192,0 36.40803862783862,36.32404631782757,0 36.40796201168499,36.32437296519304,0 36.40792756134964,36.32452518429685,0 36.40786156947512,36.32463631712658,0 36.40776808354452,36.32473170032301,0 36.40759652578321,36.32487488092727,0 36.40760987449357,36.32518220802654,0 36.40773499096473,36.32528184242344,0 36.40791328297279,36.32537966461494,0 36.40822770341619,36.32556409372259,0 36.40836874670571,36.32569611472587,0 36.40847723935352,36.3258661042951,0 36.4085575433749,36.32601347518612,0 36.40867971706457,36.32611527360234,0 36.4087975280366,36.32627765922268,0 36.40881207701883,36.32637603935645,0 36.4088031754879,36.326463143383,0 36.40867758839843,36.3266036464984,0 36.40853295118332,36.32667985652,0 36.40830414054155,36.32676392495029,0 36.4082298973651,36.32688153831131,0 36.40823052840875,36.32700268068448,0 36.40832469114746,36.3271159323511,0 36.40863418362807,36.32725116273456,0 36.40900919610255,36.32738995412507,0 36.4091215003862,36.32739335546009,0 36.40950981795989,36.32739202540198,0 36.40971137054569,36.3274632647565,0 36.40982878954692,36.32754993489471,0 36.40987139185165,36.32764443407103,0 36.40987662515504,36.32775041790494,0 36.40983033599125,36.32784522096614,0 36.40976061391532,36.32793253286183,0 36.4096160937676,36.32803145849768,0 36.40943390744088,36.32808508343548,0 36.40925160235585,36.32811599371543,0 36.40906013704301,36.32818479323502,0 36.40887342966867,36.32826871969056,0 36.4087756345888,36.32835612675596,0 36.40867827398297,36.32852681974119,0 36.40863229917687,36.32868219389481,0 36.40856774732202,36.3288641325218,0 36.40852169245285,36.32900436368643,0 36.40840079959325,36.32914863636173,0 36.40833105427097,36.3292321615523,0 36.40826168499998,36.32938761552481,0 36.40824344434015,36.3294785364326,0 36.4082771031872,36.32965256675931,0 36.40845137959359,36.32987533225441,0 36.4087191513026,36.33008263517454,0 36.40892602154582,36.33027500189721,0 36.40912811609409,36.3304484562534,0 36.40924607300375,36.33063734082874,0 36.40931702647943,36.33078474363745,0 36.40930873880815,36.33098920431526,0 36.40934196524621,36.33107994842008,0 36.40944075257742,36.33118182651437,0 36.40976937486676,36.331392703739,0 36.4101400681543,36.33159586367187,0 36.4103974999941,36.33161390903884,0 36.41055651845321,36.33160200552202,0 36.41077610277788,36.33154067915246,0 36.41094909683226,36.33151736978422,0 36.41103799385149,36.33151706344367,0 36.4110992357434,36.33159635457616,0 36.41110445118819,36.33169855264939,0 36.41101621061722,36.33182378634589,0 36.41090899599928,36.33189987113165,0 36.41081088153771,36.33192670897308,0 36.41063806375264,36.33198408873359,0 36.41051229320797,36.33209052280971,0 36.41048935604344,36.33217767500759,0 36.41044806105733,36.33233303321084,0 36.41040159022308,36.33239376477222,0 36.41030829199506,36.33244708653361,0 36.41020541793026,36.33245879662798,0 36.41011646052226,36.3324477451232,0 36.4099668368085,36.33246718711527,0 36.40980811418539,36.33253587569608,0 36.4096963178142,36.33263090273247,0 36.40949556468995,36.33271487770023,0 36.40937407273852,36.33274558020076,0 36.40924298607953,36.33273088611188,0 36.40915383154866,36.33268197663649,0 36.40905046188023,36.33259904344313,0 36.4089889835445,36.33247432259554,0 36.40889507096797,36.33241028659012,0 36.40879665723618,36.33238033679698,0 36.40866574987116,36.33239971364941,0 36.4085722925198,36.33242274730058,0 36.40850244530833,36.33248734471051,0 36.40834411694358,36.33263174490397,0 36.40819480835592,36.33271175623853,0 36.4080359850273,36.33276151375244,0 36.40790497812969,36.33276196111208,0 36.40777371367831,36.33271319388855,0 36.40766110582124,36.33265300511637,0 36.40756697755884,36.33254732514488,0 36.40746299865134,36.3323470332085,0 36.40738762491508,36.33224885942681,0 36.40727511660106,36.3322075998458,0 36.40714412994885,36.33221183212163,0 36.40702729759346,36.33223873002414,0 36.40692475756412,36.33231479455997,0 36.40683647007673,36.33243245430708,0 36.40685111682709,36.33254976407589,0 36.40688904012663,36.3326442789128,0 36.40702981788964,36.33272330076861,0 36.40732051660953,36.33283966989333,0 36.40744731866117,36.33293009616686,0 36.40756958050267,36.33304703799588,0 36.40771051851208,36.33315634491463,0 36.40782806136541,36.33326573153866,0 36.40785670779734,36.3333754211579,0 36.40783380583623,36.33347014412369,0 36.40775454138137,36.33352341511031,0 36.40767973905043,36.33353502747628,0 36.40754878873433,36.33354683153492,0 36.4074318172546,36.33354723060858,0 36.40724910433394,36.3335024236969,0 36.40708492938765,36.33342348175365,0 36.40690650185933,36.33330294429595,0 36.40674230844753,36.33322021619702,0 36.40657841066376,36.33319427371883,0 36.40640525365059,36.33318729075005,0 36.4063024754398,36.33321792690146,0 36.40617170297189,36.33326380096555,0 36.40610195251679,36.33334732458248,0 36.40606054981584,36.33348375315966,0 36.40601865551228,36.33352553958907,0 36.40587858443131,36.3335828015716,0 36.40575221455675,36.33357565950381,0 36.40563034755984,36.33353442940538,0 36.40551298355896,36.33345911219614,0 36.40544219209148,36.33334199313251,0 36.40542744921725,36.3332057555837,0 36.40548723435619,36.3330049061107,0 36.4055330028722,36.33280789070678,0 36.40550449758607,36.33272469980845,0 36.40543366832817,36.33260001023307,0 36.40533055674174,36.3325662874152,0 36.40520880992401,36.33254777128769,0 36.40503122934175,36.33259001713092,0 36.40490995243963,36.33266235795471,0 36.40482148584616,36.33274594460794,0 36.40468200210542,36.33291677675981,0 36.40456123208968,36.33308754584443,0 36.40439359511713,36.3332433294437,0 36.40423008967844,36.33329309812982,0 36.40406646602958,36.3333201513621,0 36.40388398960453,36.33332076888576,0 36.40363123340232,36.33330269385834,0 36.40348156763344,36.33331455614924,0 36.40334147503895,36.33336803026628,0 36.40318303693346,36.33349349543513,0 36.40306705943235,36.33368696080047,0 36.40302106990527,36.33384233300138,0 36.4030309536379,36.33394451554798,0 36.403045614969,36.3340656112684,0 36.40307904927668,36.33419800059523,0 36.4032015215378,36.33435658957885,0 36.40327716435147,36.33450776584711,0 36.40338593164469,36.33473075901883,0 36.4034381421009,36.33487444278038,0 36.40342490646239,36.33502970435373,0 36.40337390557084,36.33512073492771,0 36.40332280806101,36.33519283692162,0 36.40321117511998,36.33532192969636,0 36.40300617687104,36.33549298089195,0 36.40280599341983,36.33569051628558,0 36.40270833884041,36.33580820426572,0 36.40264817336317,36.33593712331895,0 36.40261132562438,36.33605082067106,0 36.40261183177743,36.33614924921285,0 36.40262643442735,36.33625898779965,0 36.40271133952675,36.33639120416002,0 36.40278657424486,36.33646287985725,0 36.40291809576895,36.33656086696546,0 36.40297459545683,36.33662882031216,0 36.40302193209745,36.33673466251328,0 36.4030364177285,36.33682168586956,0 36.40296687464365,36.33694685108824,0 36.40288325591838,36.33706449198672,0 36.40279989008975,36.33723134708161,0 36.40266940119965,36.33733400262123,0 36.40254787952311,36.33736091292821,0 36.40238917994132,36.33743716235918,0 36.40231462493444,36.33749798630311,0 36.40229637604956,36.33758890586051,0 36.40230618180928,36.33767594555672,0 36.40238130090644,36.33772490816753,0 36.40256864236856,36.33775834938034,0 36.40268105832062,36.33778068502181,0 36.40276561446382,36.33784475855787,0 36.40278004169664,36.33792042479398,0 36.40277581051111,36.33800751248987,0 36.40272010852996,36.33809477233792,0 36.40259901552643,36.3382049683471,0 36.40236996995805,36.33825116832242,0 36.40222485738754,36.33824029989002,0 36.40204689342968,36.33821061217084,0 36.401911042125,36.3381807831512,0 36.40170921569213,36.33806031742952,0 36.40160143977121,36.33803039318198,0 36.40150311938666,36.33801936578001,0 36.4013816364759,36.33805384628709,0 36.40118563604167,36.33815672036214,0 36.40106442380815,36.3382441995499,0 36.40100409853466,36.33834283277279,0 36.40098588690042,36.3384413234723,0 36.4010190682254,36.33852449903211,0 36.40107558759227,36.33859623897234,0 36.4011646862994,36.33863379830784,0 36.40130512015726,36.33864468429974,0 36.40144534090738,36.33861392642687,0 36.40157160099701,36.33859835908571,0 36.40166996120507,36.33861695788578,0 36.40179193084506,36.33867711988424,0 36.40185788763605,36.33876397160604,0 36.40188159430849,36.33882446342211,0 36.4019198258075,36.33897955191566,0 36.40189712918475,36.33911591613725,0 36.40185187417826,36.33941514457502,0 36.40187144693887,36.3395816525691,0 36.4019796921876,36.33970243371554,0 36.40215775677029,36.33975104931688,0 36.4024288609973,36.33969334979722,0 36.40263872592625,36.3395563552887,0 36.40281556327636,36.33936647096082,0 36.40293145214023,36.33915407688279,0 36.40299132642407,36.33896837211706,0 36.4029578896093,36.33883598276002,0 36.40295681631967,36.33862776853912,0 36.40310578962192,36.33847962164507,0 36.4033393779382,36.33840690304085,0 36.40357363010494,36.33846289914589,0 36.40370045650002,36.33855711524522,0 36.40377136740772,36.33869694963476,0 36.40379072864895,36.33882181461991,0 36.40374029339596,36.33902263095386,0 36.40365741518058,36.33928412942883,0 36.40365831408934,36.33945827136662,0 36.40370122754688,36.33961334306756,0 36.40389423029686,36.33983605174652,0 36.404035664277,36.3400400051507,0 36.40407828668562,36.34013829106158,0 36.40414448093953,36.34027056930014,0 36.40417324095505,36.34040297385714,0 36.40420155160597,36.34044830789401,0 36.40428648380844,36.34058430816924,0 36.40428233265934,36.34068653791037,0 36.40430680474439,36.34089467307931,0 36.40436838018155,36.34103832383992,0 36.40447187328013,36.3411439755313,0 36.4046077510908,36.3411775866977,0 36.40471057879455,36.34115452390003,0 36.40477101887179,36.3410786039229,0 36.40478904995207,36.34094604107549,0 36.40478795293558,36.34073404193488,0 36.40483885729954,36.34062408141489,0 36.40494158628253,36.34058208980827,0 36.40512421714389,36.34060797136396,0 36.4052418659,36.34073628932043,0 36.40535039297247,36.3409100667926,0 36.40550070106807,36.34101934386054,0 36.40574435985629,36.34108287466123,0 36.40588039498031,36.34114677102513,0 36.40602138394382,36.34126365083601,0 36.40608766139034,36.34141107102197,0 36.40609770749869,36.34154353915148,0 36.40608433752679,36.34167230010985,0 36.40600541754989,36.34179371330177,0 36.40593133355241,36.34194539573322,0 36.40596011736375,36.34208158570364,0 36.40596041182057,36.34213837144582,0 36.40590476984898,36.34223698991795,0 36.40575066352938,36.34229808600609,0 36.40566645415643,36.34230215813477,0 36.40547448056181,36.34228009488279,0 36.40523561491307,36.34223926128722,0 36.40502459078752,36.34215290394221,0 36.40484148608127,36.34203616584703,0 36.40464422677983,36.34189676052841,0 36.40448448200689,36.34177237046456,0 36.40431097374268,36.34170102837754,0 36.40413311781037,36.34169405770422,0 36.40396941791919,36.34170975472727,0 36.40379154291777,36.34169899874316,0 36.40370238104747,36.34165008496273,0 36.40363166310176,36.34154810761435,0 36.40359358311567,36.34142330613575,0 36.4035788035936,36.34127949626215,0 36.40354084044676,36.34117740903474,0 36.40343265021649,36.34106798630746,0 36.40325452237443,36.34100801530989,0 36.40306746632668,36.34103136146307,0 36.40291334032622,36.34108866727856,0 36.40274061423325,36.34116875055678,0 36.40265681565103,36.34125232054514,0 36.40254967718624,36.3413473254177,0 36.40248958603761,36.34149138697647,0 36.40247141440216,36.34159745022784,0 36.40249057935239,36.34168445821305,0 36.4025896642339,36.34184312679821,0 36.40272121319929,36.34194489919931,0 36.40288068328393,36.34201629158623,0 36.40310114167811,36.34211776374919,0 36.40334936440755,36.3421585698203,0 36.40354123933,36.34216170789591,0 36.40371422160283,36.34213083780339,0 36.40406967939995,36.34209556410022,0 36.40424305230744,36.34214040748882,0 36.40441188205082,36.34221176516688,0 36.40449644426199,36.34227583768428,0 36.40460444311342,36.34234740154241,0 36.40465182437559,36.34246081376604,0 36.40467114935316,36.3425781072242,0 36.40464837958945,36.34269932923143,0 36.40460689080687,36.34282061487296,0 36.40452354191295,36.34299125665619,0 36.40447735418757,36.34310877199229,0 36.40448266080076,36.34322989847339,0 36.40450227898664,36.34340397763535,0 36.40455441880624,36.34353251729999,0 36.40464415222581,36.3436912153466,0 36.40465411835217,36.34380854062862,0 36.40463600739426,36.34392596050213,0 36.4045709448394,36.34401325380441,0 36.40446836725033,36.34408553057503,0 36.40430066800592,36.34423374324992,0 36.4041564433287,36.34439701946908,0 36.40395588832079,36.34452641295393,0 36.40381115531185,36.34459126022489,0 36.40366150700974,36.34461069507894,0 36.40352572246263,36.34459601030419,0 36.40329131546955,36.34451351524371,0 36.40307042024777,36.34432875754342,0 36.40294859659104,36.34429888217913,0 36.40278494925919,36.34432593446476,0 36.40262635273356,36.34442489873921,0 36.40247740562862,36.34458061673184,0 36.40236127407408,36.34474758224317,0 36.40231985876623,36.34488400880696,0 36.40234857884514,36.34500884315963,0 36.40250813293701,36.34509537819216,0 36.40263450077588,36.34509873779731,0 36.4028030632083,36.34511709890926,0 36.40289224843961,36.34516979919626,0 36.40293495013244,36.34528322834014,0 36.40292135903534,36.34537034672461,0 36.40284687591046,36.3454463135091,0 36.4026973622855,36.34549224613913,0 36.40246837332193,36.34555359003724,0 36.4022582779129,36.34564894158918,0 36.40212793105571,36.34578188241403,0 36.40209103906905,36.34588800782503,0 36.40211968086944,36.34599769937596,0 36.40215783843793,36.34613764407225,0 36.40224770584019,36.34632284373824,0 36.40227184373604,36.34646662199965,0 36.40224452539929,36.34661435860123,0 36.40218429275135,36.34673192065463,0 36.40200706880783,36.3468498756212,0 36.40188598059681,36.34696385589548,0 36.40178838761161,36.34709668603397,0 36.40173283471562,36.34721423158673,0 36.40165388194608,36.34733185558211,0 36.40158871606636,36.34740021843862,0 36.40150013135045,36.34746487490479,0 36.40139313971213,36.34759016393347,0 36.40131428294944,36.34772671708569,0 36.40127274805511,36.34784042887015,0 36.4012685150874,36.34792751631778,0 36.40129239966184,36.34802208053649,0 36.40138677276059,36.34817319415289,0 36.401429414535,36.34827526662922,0 36.40142052201347,36.3483661542293,0 36.40133677182359,36.34846107994065,0 36.40121088326151,36.34855236134827,0 36.4009539033781,36.34863272505888,0 36.4008842685524,36.34874274548503,0 36.40092236701078,36.34887133427888,0 36.40107258744381,36.34896168866707,0 36.40124115768511,36.34898005139496,0 36.40135337522503,36.3489607452246,0 36.4014887398363,36.34889214725016,0 36.40161509474249,36.34889172248359,0 36.40176040203086,36.34893666288637,0 36.40187298979661,36.34898928554983,0 36.40200425909143,36.34903427262454,0 36.40203274650625,36.34911367854922,0 36.40200043526274,36.34920085993505,0 36.40192126757289,36.34927684126337,0 36.40173925924259,36.34937588323743,0 36.40145903276675,36.34948661205329,0 36.40137965029852,36.34952095113046,0 36.40123509964015,36.34962365180463,0 36.40108146051798,36.34977938456495,0 36.40088552835414,36.34990118622709,0 36.40072192646541,36.34993959226166,0 36.40051162350699,36.34999708399565,0 36.40029223161884,36.35010760663776,0 36.40010074409661,36.35018396320086,0 36.39996978392131,36.35019954433523,0 36.39973565425996,36.35017382734111,0 36.39960976215927,36.35026510687381,0 36.39953080399428,36.35038273008238,0 36.39949402237139,36.35051156950195,0 36.39950895142949,36.35068566419105,0 36.39952376517861,36.35083704558819,0 36.39951510169095,36.35097336221184,0 36.3994692115274,36.35115144620574,0 36.39941893048165,36.351386331801,0 36.39938238086679,36.35156059955866,0 36.39933146200033,36.35167055699807,0 36.39922896570358,36.35176175797552,0 36.39912612251243,36.35178481538529,0 36.39902784292756,36.35178514417422,0 36.39881264138364,36.35180100518167,0 36.39873346790027,36.35187698503486,0 36.39871037668953,36.35193763408192,0 36.39871548154851,36.35202090424679,0 36.39881915523748,36.35216063135785,0 36.39900213921307,36.35225087924276,0 36.39916170362411,36.35233741910226,0 36.39937300131002,36.3524729998784,0 36.39951881698715,36.35261637141088,0 36.39954763219541,36.35276013474482,0 36.39950601400983,36.35285870371346,0 36.3994313848894,36.3529081679653,0 36.39926795103242,36.35298064392388,0 36.39900621579968,36.35304966173957,0 36.3988334587774,36.35312973979244,0 36.39869354043422,36.3532248503389,0 36.39850645283156,36.35324818894214,0 36.39831926898722,36.35325259876618,0 36.39818368295229,36.35327955183861,0 36.39798719632606,36.35329534949837,0 36.39783271549231,36.353288291596,0 36.39768289596811,36.35327743354061,0 36.39702706993904,36.35315846991947,0 36.39680699165673,36.35313648622226,0 36.39659167059283,36.35312962977974,0 36.39647004636659,36.35314139090141,0 36.39638129800758,36.35317575664033,0 36.39627860503124,36.35322909791861,0 36.39615304906388,36.35338851678227,0 36.39605104682642,36.35357814282141,0 36.39594413327065,36.35372235641896,0 36.3958976388089,36.35378308299521,0 36.39572073397448,36.35396917083384,0 36.3956277629738,36.3540944094415,0 36.39558180467388,36.35426113525854,0 36.39562457768606,36.35438970943284,0 36.39575594735428,36.35445363202047,0 36.3959575763766,36.35452867967592,0 36.3960845356114,36.35464561763502,0 36.39623495312483,36.35477383519823,0 36.39635682839889,36.3548112884126,0 36.39663763885025,36.35481035606557,0 36.39691413356148,36.35488136816809,0 36.39714369280718,36.35492603394579,0 36.39749040972706,36.35500059694384,0 36.39771058950722,36.35504150716434,0 36.39789346389613,36.35510904187307,0 36.39805723142711,36.35510092489138,0 36.39833810057004,36.35511134656559,0 36.39866607904151,36.3551821821756,0 36.39876946891555,36.35526512401432,0 36.39878399174073,36.35535971991375,0 36.39870943711789,36.3554243263734,0 36.39862059076447,36.35543976612394,0 36.39843796579373,36.35542144653426,0 36.39824609655185,36.35542587122573,0 36.39811071869091,36.35549446670868,0 36.39793849499694,36.35568054266318,0 36.3977891133027,36.35575675553861,0 36.39768158419548,36.35577982752839,0 36.39750841620466,36.35578040375714,0 36.39737216973702,36.35567864115901,0 36.39724957968254,36.35550111819208,0 36.39717398485249,36.35536129613234,0 36.39700035643525,36.35527101500212,0 36.39681305222097,36.35525270809419,0 36.39660269372325,36.35530262171212,0 36.39644412383243,36.35541293526367,0 36.39629516341112,36.35557243147208,0 36.39615078701074,36.3557129830073,0 36.39601538716307,36.35577779031055,0 36.39594057953845,36.35579318090692,0 36.39584225662771,36.35578593548235,0 36.3956032783417,36.35572994023386,0 36.39543933613328,36.35570398254203,0 36.39519606075505,36.35572371628462,0 36.3948498962653,36.35575893246844,0 36.39450843142613,36.35579791829907,0 36.39409712490531,36.35590906286894,0 36.39387274108934,36.35596280317161,0 36.39361099162736,36.35603180942719,0 36.39334465528096,36.35611975938665,0 36.39314854262521,36.35621126249898,0 36.39304605274916,36.35630624417165,0 36.39301850431092,36.35641233597524,0 36.3930283018361,36.35649937679064,0 36.39317909912017,36.35670331186323,0 36.39328303663197,36.35689604318817,0 36.39327877512716,36.35697934417909,0 36.39326536241964,36.35710431859343,0 36.39328937348344,36.35722538383006,0 36.39332285973728,36.3573691323098,0 36.39334240003079,36.3575318559755,0 36.39338069985371,36.35770208925229,0 36.39335767886805,36.35777788062273,0 36.39331133252954,36.35786889147248,0 36.39320914582228,36.35802444417124,0 36.39319558123271,36.35811913217606,0 36.39321942124022,36.35820612624791,0 36.39330895748011,36.35832697629987,0 36.39347370387512,36.3585119359114,0 36.39353987714922,36.35864043394458,0 36.39352635096198,36.35874269426473,0 36.39344726109701,36.35883759848584,0 36.39321438285883,36.35906551137025,0 36.39313066851327,36.35917178827482,0 36.3929445740937,36.35939575969694,0 36.39292183746102,36.35952833619709,0 36.39294600097254,36.35967968785165,0 36.39298930580117,36.35991426200266,0 36.39299956103273,36.36009215923928,0 36.39296249743839,36.36016799626984,0 36.39284128106543,36.36026303918484,0 36.39279955634446,36.36034267771324,0 36.39279072775749,36.36044870768419,0 36.39280553022677,36.36060008926678,0 36.39278300300851,36.36077430823504,0 36.39275529986406,36.36085011435315,0 36.39269941889256,36.36090708449012,0 36.39261065994725,36.36094144876232,0 36.39237244740463,36.361040660437,0 36.39221861633214,36.36116609535731,0 36.39214884529167,36.36125339728179,0 36.39208862421894,36.36137852520218,0 36.39198163551427,36.36151137731774,0 36.3918695488671,36.36156096015257,0 36.39170114349082,36.36158044091051,0 36.39156536840959,36.36157331457937,0 36.39134994921444,36.36155130594025,0 36.39118116433644,36.36149507233572,0 36.39109640296571,36.36139313423313,0 36.39108177392251,36.36127582370306,0 36.39102958694748,36.36113592090646,0 36.39092132817984,36.36101513142817,0 36.39077590945382,36.36095124881152,0 36.39062605731409,36.36093659566125,0 36.39046699459033,36.36095225928023,0 36.3903033270721,36.36098307936521,0 36.39006063873676,36.36112394542391,0 36.39000492535327,36.36121498531072,0 36.38972543189399,36.36148468694333,0 36.38959045087353,36.36163655686888,0 36.38953473652229,36.36172759739281,0 36.38953518880211,36.36181845364375,0 36.38957776724666,36.3619091737483,0 36.38969515938094,36.3619845056859,0 36.38989661412398,36.36202170641013,0 36.38998101576268,36.36205171653472,0 36.39004679025926,36.36210071710617,0 36.39009406840406,36.36219520697065,0 36.39005228362638,36.36226348643551,0 36.38995425487035,36.36231680759268,0 36.38980940060203,36.36236649497007,0 36.38970197371117,36.36241227425195,0 36.38963665263164,36.36245413066262,0 36.3895855232951,36.36252622704448,0 36.38959539400262,36.36262841067369,0 36.38965197700528,36.36271151221524,0 36.38992892847974,36.36286961103055,0 36.39001372758138,36.36297912129976,0 36.39008006915778,36.36314169220602,0 36.39010928788795,36.36336874201837,0 36.39007712738967,36.36348999122921,0 36.39002131814206,36.36356210354666,0 36.38992791220628,36.36360405183927,0 36.38986240121179,36.36360805065321,0 36.3897826408635,36.36357045329533,0 36.38969329253364,36.3634874583209,0 36.38953788638882,36.36329867730009,0 36.38939706986847,36.36321963536457,0 36.38926587916161,36.36319356221877,0 36.3891441630148,36.36319017337139,0 36.38901757763448,36.36314894244163,0 36.38891414988999,36.36305842087111,0 36.38890424234315,36.36294866587332,0 36.38887078087387,36.36280870126962,0 36.38873938426675,36.36274098515307,0 36.38859426582339,36.36273767155123,0 36.38845414766093,36.36279869946259,0 36.38840316768534,36.36290108068454,0 36.3883715137758,36.36312454349085,0 36.38837722841279,36.36333274171254,0 36.38828632397507,36.3638781870157,0 36.38828760291018,36.3641356137675,0 36.38829305480606,36.36429081253722,0 36.38828006562878,36.3645028573039,0 36.38829931554244,36.36460879619034,0 36.3883467993854,36.36474492909326,0 36.38835219547747,36.36488876994137,0 36.38831990029833,36.36498351880839,0 36.38827831878099,36.3650934417036,0 36.38812881516388,36.36515071378813,0 36.38800292256715,36.36524955249328,0 36.38791460798464,36.36537476912368,0 36.38790575354694,36.36547701270088,0 36.38790225663921,36.36571552754938,0 36.38787014851152,36.36584813297566,0 36.38776784637561,36.36598475251725,0 36.38762349169633,36.36613665094573,0 36.38751656479301,36.36628464290508,0 36.38743785338411,36.36645904242614,0 36.3873030089682,36.36664119629488,0 36.38714891517871,36.36671741098704,0 36.3870646587681,36.3667176840631,0 36.38686770633961,36.36664639241208,0 36.38663794980123,36.36656763561904,0 36.38646020732819,36.36659471099931,0 36.38630143204735,36.36667093926447,0 36.38622239990094,36.36678098148143,0 36.38607777879729,36.36687987937473,0 36.38600370699062,36.36704669176124,0 36.38600902383266,36.36717538982235,0 36.38612660810418,36.367288583007,0 36.38622977466612,36.36732610674066,0 36.38643148501247,36.36741252749156,0 36.3866140976184,36.36742329332894,0 36.38677781745796,36.36740004937899,0 36.38695556058804,36.36737297357421,0 36.38717086439295,36.36736849016847,0 36.38747044353764,36.36736751875738,0 36.38770033424035,36.36747277465707,0 36.38777120587697,36.36760504570417,0 36.38774834564799,36.36771490659805,0 36.38768786949499,36.36779081799722,0 36.38754774134262,36.36785184530292,0 36.38734221091774,36.36793958373514,0 36.38719811420757,36.36814448171027,0 36.38714267505097,36.36829230581699,0 36.38715291792892,36.36847020376313,0 36.38716765537675,36.36861022850876,0 36.38711657626168,36.36869368053259,0 36.38700926966227,36.36876595750654,0 36.38690640070639,36.36878900597539,0 36.38671915954018,36.3687896121538,0 36.38652705128339,36.3687523760688,0 36.38625040455489,36.36865862708235,0 36.38611448657812,36.36862499438892,0 36.3859882501939,36.36865568858973,0 36.38588090416316,36.36872039314937,0 36.38580181367092,36.36881907795576,0 36.38575569482461,36.36895929968613,0 36.38578452822755,36.369110637494,0 36.38589780780489,36.36929955898827,0 36.38604833086419,36.36944671707489,0 36.38626865815525,36.36951036288198,0 36.38652149084933,36.36952090249679,0 36.38663391128399,36.36953568172325,0 36.38677469833384,36.36960715585528,0 36.386887513076,36.36970143391027,0 36.38693488562623,36.36981485330745,0 36.38688854320381,36.3699096474877,0 36.38676707913733,36.36995925515928,0 36.38653315633209,36.36998651302286,0 36.38640238543762,36.37004750758294,0 36.38629520778179,36.37014628438398,0 36.38612279314626,36.37030584349643,0 36.38596429072963,36.37043885686719,0 36.38585666235871,36.37044677630045,0 36.38574899663452,36.37044712340222,0 36.38557566461665,36.37042118309356,0 36.38531827937962,36.37043715657852,0 36.3851971301503,36.37055111977456,0 36.3850290951504,36.37065009099162,0 36.38485622954219,36.37071879125966,0 36.38466447102769,36.37075348144125,0 36.38437936931665,36.37084525649459,0 36.38420204489943,36.37095940013835,0 36.38397803857264,36.37110019262115,0 36.38382894838397,36.3712445307245,0 36.3837360874161,36.37140004528494,0 36.38366626128912,36.37147977006079,0 36.38355898369976,36.37155961581675,0 36.38340021451425,36.37163962621476,0 36.38311523748047,36.37175789855866,0 36.38279780719774,36.37194063271191,0 36.38256933666552,36.37212686657028,0 36.38243371196167,36.37215380099793,0 36.38226507672005,36.37213162599814,0 36.38215248767278,36.37208277162361,0 36.38209100245079,36.37195425236989,0 36.382108856914,36.37177626472695,0 36.38220649464498,36.37163966535848,0 36.38234184136411,36.3715559453706,0 36.38255691622562,36.3715022563022,0 36.38277663484823,36.37144098097212,0 36.38292583856633,36.37131935824739,0 36.38302343718818,36.37117518679759,0 36.38307912815591,36.37107657867689,0 36.38317143328014,36.37080749390988,0 36.3831752787387,36.3706371227641,0 36.3831272422315,36.37038741644157,0 36.38300945459424,36.37023257807498,0 36.382929596849,36.37017604768858,0 36.38276102295168,36.37016523057084,0 36.38258806340864,36.37021500010427,0 36.38241097825511,36.37037835462233,0 36.38231793052647,36.37049601052377,0 36.38210378359925,36.3707389840645,0 36.38191711319458,36.37085693979177,0 36.3817021876591,36.37094091303726,0 36.38151027972125,36.37094531190064,0 36.38138364849461,36.37089650123225,0 36.38130821390245,36.37078695518332,0 36.38129324738998,36.37059771482196,0 36.38127334023017,36.37035548969836,0 36.38113675729117,36.37018556671377,0 36.38088370138759,36.37012958771269,0 36.38046706646816,36.37012712955023,0 36.38026130052426,36.37016942818535,0 36.38012588060068,36.37023800231113,0 36.38009350040004,36.37031760668076,0 36.38010321173467,36.37038950436135,0 36.3802114853115,36.37051408992772,0 36.38038966265388,36.37057409533954,0 36.3805069852737,36.37063429378519,0 36.38054485826474,36.37072124557142,0 36.38053118361761,36.37079700387293,0 36.38045669167941,36.37088052766539,0 36.38033997598826,36.37094525761034,0 36.38017186072567,36.37102907907229,0 36.37999476878285,36.3711924297041,0 36.3797758403033,36.37141648573887,0 36.37965033147639,36.37159860090574,0 36.3795997024084,36.37177669244755,0 36.37952614623241,36.37205328665411,0 36.37950393538242,36.37229943074725,0 36.3795148244462,36.37261361395222,0 36.37952499639429,36.37278015483111,0 36.3795723596532,36.37289357674137,0 36.37972731955814,36.3729915146183,0 36.37992433838502,36.37307417449743,0 36.38006009475797,36.37307374262137,0 36.38015840141341,36.37307342966956,0 36.38035501470679,36.37307280442343,0 36.38059403593158,36.37312882914656,0 36.38077710291566,36.3732304610622,0 36.38083834770657,36.37330976650553,0 36.38089498401417,36.37340422988388,0 36.3808724818044,36.3735898038475,0 36.38070014119396,36.37376828347348,0 36.38049921320575,36.37384463856601,0 36.38025127024783,36.37387949998125,0 36.38005463594594,36.373876340208,0 36.37984370162099,36.37382022424082,0 36.37965587873738,36.37370346266877,0 36.3795664917356,36.37361288884714,0 36.3794954268651,36.37343897028695,0 36.37938234036413,36.3732878988243,0 36.37926020449393,36.37320121488444,0 36.37902942678852,36.37291422940131,0 36.37876114454006,36.37261600608321,0 36.37858725973399,36.37247648413385,0 36.37843703901728,36.3723898874689,0 36.37828241161563,36.3723600915567,0 36.37816519819894,36.37232260481352,0 36.37796309952466,36.37215667129124,0 36.37783593774012,36.37199807207816,0 36.37769970681623,36.37190007274588,0 36.37759189323484,36.37187012719653,0 36.37745612028289,36.37186677068561,0 36.37726923788006,36.37194307653689,0 36.37720377496192,36.37195842594826,0 36.37703036908881,36.37191733058582,0 36.37692229917359,36.37183438442041,0 36.37687033226523,36.37173611852934,0 36.37677526567381,36.37143734367933,0 36.37662852535732,36.37110087408826,0 36.37654382701716,36.37101028305371,0 36.37640304652194,36.37093879711687,0 36.37625315810232,36.37092034045871,0 36.37611281514939,36.37093971156664,0 36.37582276693416,36.37097848181647,0 36.37560280794545,36.37099053074224,0 36.37549027794536,36.37095302721435,0 36.37539630932641,36.37088139306057,0 36.37533494533793,36.37077558467649,0 36.3753157121821,36.37066964354825,0 36.37534806207084,36.37058247031335,0 36.37541795066884,36.37051410676235,0 36.37555805706874,36.37044552303495,0 36.3756838642903,36.37032398282712,0 36.37569743434847,36.37022551047275,0 36.37563131661451,36.3701045739077,0 36.37543837289238,36.36989317839986,0 36.37533508099404,36.36982914497386,0 36.37519443038593,36.36978415815192,0 36.37508204765423,36.36977693949082,0 36.37496981136381,36.36980000592757,0 36.37484205359485,36.3699185337789,0 36.37465989981613,36.37006699356243,0 36.37444792139633,36.36986288991093,0 36.37443167499054,36.36940790005499,0 36.37465487253696,36.36839548966042,0 36.37328830463987,36.36776448152742,0 36.37317548119241,36.36771238452992,0 36.3711714742049,36.36678699139144,0 36.36810694151983,36.36584929303676,0 36.36311893775228,36.36558956949952,0 36.36021128976328,36.36587335983248,0 36.35759672524161,36.36610467481628,0 36.3574604143632,36.36611673297576,0 36.35484885730281,36.36634771954923,0 36.35049408101651,36.36690454865608,0 36.34792439503796,36.36661531611097,0 36.3461776025976,36.36643620381812,0 36.34496287790855,36.3664090204902,0 36.34394968413191,36.36617659274982,0 36.34297211721909,36.3654119623493,0 36.34228824735916,36.36526043504009,0 36.34189747502195,36.36558899591295,0 36.34086020247699,36.36563288951886,0 36.34025144291172,36.36529695112479,0 36.33984280374891,36.36442834719067,0 36.33947479422076,36.36417357965593,0 36.33860209903463,36.36423745179503,0 36.33801848618604,36.36386050028452,0 36.33785339726664,36.36371771167829,0 36.33792780162474,36.36336959408163,0 36.33819246521158,36.36313349697969,0 36.33858319701368,36.36279471550622,0 36.33858120268871,36.36233425691112,0 36.33888270375386,36.36184223959513,0 36.33886818985828,36.36141251363305,0 36.3385507143183,36.36113713451754,0 36.3383079069002,36.36057503146538,0 36.3381665760829,36.36007403695395,0 36.33834430582034,36.35919445768147,0 36.33829065046328,36.35863797700695,0 36.33794538399961,36.35836655971402,0 36.33726453225903,36.35836848340546,0 36.33700929236997,36.35860014672717,0 36.33701243355406,36.35932849738028,0 36.33706498308542,36.35963035185174,0 36.33698544653767,36.35986151933945,0 36.33683249346834,36.3600455202416,0 36.33654760548651,36.3601943638324,0 36.33608544978513,36.36022689025263,0 36.33525992533561,36.36002540205097,0 36.33493954629518,36.36010041298059,0 36.33494256369795,36.36080446654085,0 36.33467402415238,36.36228745412609,0 36.33371428041018,36.36284597658472,0 36.3315415039492,36.36366725504443,0 36.32984564529591,36.36488479183395,0 36.32758829813849,36.36586388003449,0 36.32023370077983,36.36820223920468,0 36.31920782282518,36.36928595865908,0 36.31907364974997,36.37052493274308,0 36.32032951644727,36.3711971801722,0 36.32417555867903,36.37195249562808,0 36.32649402117526,36.37365772239537,0 36.32853126010642,36.37468806997963,0 36.33011879103041,36.3747287337189,0 36.33229036603481,36.3745875921374,0 36.33496522508038,36.3749179252038,0 36.3377515965387,36.37527040468447,0 36.33853115198616,36.37522315737057,0 36.34156365558901,36.37453891795109,0 36.34317686009252,36.37408388896105,0 36.34495544118548,36.37324551692595,0 36.34709929885932,36.37314922662465,0 36.34852062539153,36.37339281176613,0 36.34905174126579,36.37384166579983,0 36.34958548375487,36.37487603713318,0 36.34969070074648,36.37565820097907,0 36.34975779827179,36.37615698946143,0 36.34986381068514,36.37628329185823,0 36.34994429434843,36.37641742072911,0 36.34999284874778,36.37655681059645,0 36.35004472624657,36.37672461380776,0 36.35007717788265,36.37683562743187,0 36.35009049151184,36.37695444998011,0 36.35013614115928,36.37715844582347,0 36.35022295993831,36.37727963629951,0 36.35032224695216,36.37733102368802,0 36.35048535935068,36.37736413634492,0 36.35065137793375,36.37733264185894,0 36.35087164727298,36.37728548429335,0 36.35096750678101,36.37728520341027,0 36.35107304634276,36.37730556483424,0 36.35113073676151,36.37734415374251,0 36.35118207051862,36.37739051359206,0 36.35119520060017,36.3774679928328,0 36.35118926279276,36.37756878322171,0 36.3511832558771,36.37765407068821,0 36.35121240907672,36.37774183896799,0 36.35126710109052,36.37782436359346,0 36.3513600338858,36.37788352116513,0 36.35148483928552,36.37792449665474,0 36.35161602347345,36.37796286924645,0 36.35171848488952,36.37800907888636,0 36.3517826239666,36.37806056855572,0 36.35182131770866,36.37813797225345,0 36.35181208114589,36.37821551762786,0 36.35179043428602,36.37837578410274,0 36.35174303971192,36.37849478462166,0 36.35169573719664,36.37863445627627,0 36.35168976526466,36.37872749523469,0 36.3516997579452,36.37881790344989,0 36.35171939645248,36.37892120254529,0 36.35175804327801,36.37898827066275,0 36.35183496588791,36.37903972306717,0 36.35193416283199,36.37907043804751,0 36.35204920918147,36.37907268275639,0 36.35220562079069,36.37903604686716,0 36.35233657404819,36.37902274078223,0 36.35245488645366,36.37904047961801,0 36.3525446143638,36.37909706156515,0 36.35258326199328,36.37916412944612,0 36.3526220968127,36.37927253970602,0 36.35267701427627,36.37940415764938,0 36.35274766324334,36.3794814667204,0 36.35287574859911,36.37954051948891,0 36.35305177700333,36.37960201321751,0 36.35320525159506,36.37962223074893,0 36.35336209678013,36.37968119788401,0 36.35354473860728,36.37979176604443,0 36.35368249344801,36.37986887605847,0 36.35380740878478,36.37993310461331,0 36.35391629930318,36.37998704431524,0 36.35411793963942,36.38005879710619,0 36.35430676484819,36.38012283477973,0 36.35439640136545,36.38015874422094,0 36.35443831764728,36.38024130515598,0 36.35444497738175,36.38030071584198,0 36.35443902118872,36.38039633919181,0 36.35439788961104,36.38048689844697,0 36.35433448497448,36.38059819554214,0 36.35427120784468,36.3807379152446,0 36.35419478653384,36.38079757178761,0 36.35407355807929,36.38084185847053,0 36.35397131408926,36.380844745438,0 36.35385949551002,36.38085024457175,0 36.35361329211482,36.3808173825141,0 36.35352388803201,36.38083315043226,0 36.35344744290568,36.38088763912538,0 36.35343811370161,36.38094451344895,0 36.35344155489813,36.38099876529452,0 36.35350265451936,36.38108385445189,0 36.35360842120214,36.38115330769721,0 36.35378774343101,36.38123546233651,0 36.35392867359582,36.38130739455301,0 36.35402478401235,36.38136137263106,0 36.35407943497955,36.38143356055915,0 36.35409260431123,36.38151879107107,0 36.35404510437349,36.3816145371656,0 36.35396881067651,36.38170261618043,0 36.35388288296728,36.3817803894562,0 36.35374960748853,36.3819874977404,0 36.35361949230523,36.38218684591668,0 36.35351787857761,36.3823292625159,0 36.35340959275659,36.3824096841648,0 36.35330437297798,36.38246167457567,0 36.35310655337757,36.38252944090316,0 36.35299819633219,36.382594360101,0 36.35294426909285,36.38268237290914,0 36.35295097513124,36.38275211922482,0 36.35300588368737,36.38288115295085,0 36.35302231722073,36.38298187710365,0 36.35297486231744,36.38308795916701,0 36.35292082954319,36.38315271663696,0 36.35282191816978,36.38318659991728,0 36.35266563918056,36.38325424304974,0 36.3525924550266,36.38332422551419,0 36.3525128812383,36.38339422663434,0 36.35243332929167,36.38346939500868,0 36.35233454647951,36.38353170051921,0 36.35224524397705,36.38357072263165,0 36.35215266589555,36.3835916669838,0 36.35208236218478,36.38359187479725,0 36.35194819379057,36.38360260547231,0 36.35184613279053,36.38364683281262,0 36.35178262847482,36.38373745707203,0 36.35178617327135,36.38381496509219,0 36.35184427639109,36.3839439899759,0 36.35188292665865,36.38401105813358,0 36.35187245392518,36.38411597109453,0 36.35180755309389,36.38420526748514,0 36.35168558465767,36.38431123335414,0 36.35160441638827,36.3844137783727,0 36.35151919593557,36.3845229350618,0 36.35144212327685,36.38462876844069,0 36.35136500636151,36.38472470063199,0 36.35121422965748,36.3847779466409,0 36.35109993386882,36.38477498311315,0 36.35092830391395,36.38472928451268,0 36.35073620785514,36.38467044554541,0 36.35040112724067,36.38458232349305,0 36.35023778026804,36.38456300148101,0 36.35000521136502,36.38458018393692,0 36.3498463148369,36.3846433535677,0 36.34978389951932,36.38470224379415,0 36.34868346706308,36.38513502085525,0 36.34798122808024,36.38551293448931,0 36.34777116378942,36.38606123480871,0 36.34777417600372,36.38673778363911,0 36.34814864905743,36.38731659877276,0 36.34866750126259,36.38750838677124,0 36.34898626383642,36.38750745663622,0 36.34960185704774,36.38738811299694,0 36.34987898975143,36.38725995241915,0 36.35000312349212,36.38721267055251,0 36.35012327838716,36.38720226466565,0 36.35026845192488,36.38722529766989,0 36.35039710657505,36.38726178526331,0 36.35051753181166,36.38731170151211,0 36.35070844914254,36.38736811295784,0 36.35087436217753,36.38739443635346,0 36.35112710539025,36.38737358499622,0 36.35124325117423,36.3873933518268,0 36.35148803595389,36.38744625200594,0 36.3516748252566,36.38750602568796,0 36.35177470833405,36.38759621655874,0 36.35184569873881,36.38771330290176,0 36.35195827447232,36.38786042822085,0 36.35209587030406,36.38804099301733,0 36.35236608735872,36.38821781498319,0 36.35256137928979,36.38832448010574,0 36.35271113965612,36.38844468474679,0 36.35278210209064,36.38855506830003,0 36.35279092223951,36.38867233711602,0 36.35279972676428,36.38878625566534,0 36.35284571393474,36.38887325319822,0 36.35290410655791,36.38895351146485,0 36.3530458512229,36.38913406268122,0 36.35312940084496,36.38927792153916,0 36.35316299995233,36.38937501033441,0 36.35322561143259,36.38952101571707,0 36.35329703919582,36.38971269776376,0 36.35322697245864,36.38982181844131,0 36.3530989396149,36.38987924624524,0 36.35297055394189,36.38985888075546,0 36.35273981817797,36.3899010525908,0 36.3525924704782,36.38994297817848,0 36.35247726613161,36.39000036809532,0 36.35238781412156,36.39007842683812,0 36.35229845384891,36.39017723053481,0 36.35220902498418,36.39026047539516,0 36.35216480063958,36.39041100936301,0 36.35210123929434,36.39054085440643,0 36.35197987661069,36.39065531173237,0 36.35181965195181,36.39068690179432,0 36.35171111683266,36.39080131988927,0 36.35165401599084,36.39094151908299,0 36.35165436611647,36.39101931304462,0 36.3516547867073,36.39111266580734,0 36.35166806013271,36.39121116685298,0 36.35166206607387,36.39130453770455,0 36.35159845608643,36.39142401076536,0 36.35153461332043,36.3914916211646,0 36.35142012911036,36.3917097831773,0 36.35125458330575,36.39198514569294,0 36.35113998137491,36.39217737605782,0 36.35111506943044,36.39234341140333,0 36.35110289309804,36.39248866466278,0 36.35114886858074,36.39272709999056,0 36.35119470578503,36.39293441866518,0 36.35124047286714,36.393126177631,0 36.3512411731493,36.3932817654968,0 36.35118432624063,36.39347901228693,0 36.35107618232858,36.39368159689641,0 36.35103834714756,36.39382692503499,0 36.35100907433019,36.39402283881294,0 36.35092973659431,36.39412470447138,0 36.35070242852618,36.39435098614855,0 36.35051678828514,36.39444040876913,0 36.35018769414867,36.39459862121748,0 36.34992658711185,36.39483183672434,0 36.34968220845244,36.39502398312658,0 36.3493370242202,36.39536683266576,0 36.34933812558199,36.39561295447636,0 36.34950032966007,36.39595431929556,0 36.34963609322303,36.39605647340123,0 36.34973246957587,36.39604526886443,0 36.34985241532864,36.39599010324842,0 36.35003372892161,36.39587496161555,0 36.35025811046245,36.39574225175183,0 36.35047317803419,36.39559462012111,0 36.35061745301076,36.39546712754637,0 36.35086640799748,36.39531690379761,0 36.35095539925647,36.39523192995392,0 36.35112744241816,36.39511183037884,0 36.35141938412905,36.39492659721644,0 36.35150540451532,36.39486654753504,0 36.35159748847332,36.39478405533696,0 36.35169231620832,36.39462680918189,0 36.35175042086622,36.39452697643843,0 36.35184239120987,36.3944195693942,0 36.35197130970627,36.39430457794828,0 36.35211268822624,36.39421944874459,0 36.3522663493318,36.39412431768741,0 36.35238311844645,36.39404922639643,0 36.35248747089772,36.39395424042755,0 36.35261006626207,36.3938043858474,0 36.35264663060305,36.39371209048098,0 36.35267090185086,36.39362730646135,0 36.35270433927969,36.39352505419137,0 36.35275938294296,36.39343021348169,0 36.35286370013634,36.39332775146871,0 36.35299892432712,36.39324513160318,0 36.35309414288067,36.39317508624146,0 36.35315829519142,36.39305031970934,0 36.35321334929122,36.39295797003179,0 36.35331130954609,36.3928131704731,0 36.35342167565251,36.39268577491882,0 36.35351697142843,36.39263317084341,0 36.35365517409048,36.39252811671994,0 36.35369495417389,36.39246571078088,0 36.35374685765493,36.39235842047896,0 36.35377096931708,36.39223875457608,0 36.35382277027378,36.3921090408544,0 36.35388658290277,36.39190952902134,0 36.35396926771873,36.39179467284404,0 36.35409212843646,36.39170461268469,0 36.3542521599078,36.39165679925457,0 36.35450771157223,36.39160620995738,0 36.35466793511446,36.39160075140583,0 36.35492686294501,36.3916149317263,0 36.35518279856014,36.39164905186692,0 36.35531346383287,36.3916879707599,0 36.35566836707317,36.39174542948645,0 36.35586399261486,36.39179165944601,0 36.35608843396501,36.39180854485384,0 36.35635587440581,36.39173167693279,0 36.35670981500879,36.39157848085815,0 36.35689005666718,36.3914258020753,0 36.35710629719338,36.39123205467297,0 36.3572939072948,36.39110861160184,0 36.35753989969901,36.39109032092804,0 36.35765602015366,36.39116019199562,0 36.35784472904081,36.39127665718401,0 36.35803360065846,36.39142823091254,0 36.3582730530055,36.39156209869191,0 36.35875895848274,36.39177714696403,0 36.35923028324491,36.39196883131257,0 36.35957822190225,36.39208481515527,0 36.35975197553336,36.3920959949447,0 36.35995449135883,36.39206612725566,0 36.3600843340323,36.39197211186799,0 36.3602430731524,36.39186630546926,0 36.36043778276463,36.39171357798409,0 36.36061140190736,36.39169549915916,0 36.36068412735507,36.39177134910056,0 36.36072093656481,36.39190582381327,0 36.36080857082827,36.39207525324655,0 36.36089615094763,36.39223298057323,0 36.36105586389488,36.39233782611638,0 36.36122972636909,36.39237240967128,0 36.36143226981762,36.39234839005851,0 36.36167094515953,36.39231255857951,0 36.3618373268064,36.39229450005788,0 36.36196784626115,36.39234676854831,0 36.36204076490778,36.39246357809446,0 36.36206326443597,36.39263320462087,0 36.36209267593132,36.39273259224133,0 36.36220170108074,36.39283173770025,0 36.36228871516573,36.39286658314633,0 36.36251321534045,36.3928951595824,0 36.36270098471978,36.39280681581619,0 36.36280192997391,36.39272458797267,0 36.36287378889055,36.39261319031002,0 36.36308966591797,36.39227667124289,0 36.36337911517416,36.39214253997665,0 36.36406562919066,36.39233233017523,0 36.36462037028777,36.39253850987247,0 36.36480610671286,36.39278312501193,0 36.36474742084161,36.39292188451505,0 36.36460288332923,36.39302892711616,0 36.36435251510557,36.39306167093124,0 36.36422767922146,36.39315266255274,0 36.36405773799109,36.39346765355623,0 36.36385378953848,36.39355888569166,0 36.36377507584663,36.39364440562006,0 36.36357744611338,36.39367698776763,0 36.3634065596269,36.393789439199,0 36.36314342408928,36.393912830303,0 36.3630314238715,36.39392916033084,0 36.36288626194259,36.39390295154965,0 36.36272826146443,36.39395140185703,0 36.362689176369,36.39405279156184,0 36.36271584325792,36.39411667066071,0 36.36291439174648,36.39428129885533,0 36.36334430379812,36.39457847392966,0 36.36346379199598,36.39475400184639,0 36.36342510366552,36.39494067085973,0 36.3633338231895,36.39515948080294,0 36.36322268814308,36.39536235964585,0 36.36311812206284,36.39555988951589,0 36.36311209917154,36.39568249865699,0 36.36311936187568,36.3958263876827,0 36.36314682367295,36.39606082572142,0 36.36308181296701,36.39625823444275,0 36.36297025488545,36.39637050430206,0 36.36274661768498,36.39648311482845,0 36.36257572367058,36.39659556472269,0 36.36235872861339,36.39671881445192,0 36.36227388593436,36.39690562286037,0 36.36222847872326,36.39706566162889,0 36.36226201120694,36.39718815081194,0 36.3623946368384,36.39735297945259,0 36.36243501116252,36.3975287480969,0 36.36241617304432,36.39773134679379,0 36.36237738182876,36.39789669593409,0 36.36230572506133,36.39808346406372,0 36.36223409278853,36.39827556263391,0 36.3621102600142,36.39858508038525,0 36.3620188964043,36.39878789917406,0 36.36203941797473,36.39894773763523,0 36.36211238664843,36.39904345736409,0 36.36224466880323,36.39913366646488,0 36.36246342384064,36.39919987482184,0 36.36290978983172,36.39915872720181,0 36.362981952021,36.39914746272062,0 36.36313981320851,36.3990980710315,0 36.36333076575012,36.3990296432221,0 36.36339495876506,36.39898369111116,0 36.36348816374817,36.39888084898491,0 36.36354447660786,36.39881914291073,0 36.36363198788681,36.39875102958188,0 36.3637079055143,36.39870819683223,0 36.36379560061392,36.39867952946531,0 36.36394756816638,36.39862226481162,0 36.3641151203846,36.39855864070549,0 36.36423591312955,36.39851251598225,0 36.36434106137778,36.39846012717916,0 36.3644499444103,36.39837143663952,0 36.3645567351135,36.39825277398948,0 36.3646540244985,36.39818936398829,0 36.36473588492798,36.39816544640917,0 36.3648412915854,36.39816828026723,0 36.36493313921368,36.39819324482837,0 36.36504468848875,36.3982575942503,0 36.36515439702214,36.3983456173663,0 36.3652249458062,36.39840693722683,0 36.36532868087334,36.39846973227567,0 36.36542445423306,36.39849941822638,0 36.36551038822466,36.39851177769206,0 36.36558060527958,36.39850209632748,0 36.36567416099415,36.3984749862952,0 36.3658320492037,36.39843190208405,0 36.36596072123795,36.39840152930041,0 36.36605239923814,36.39839020337258,0 36.36612271171362,36.3984010325038,0 36.36619320263964,36.39844972860358,0 36.36627749651147,36.39852836126738,0 36.36637176960335,36.3986542986852,0 36.36645025315505,36.39874241568854,0 36.366468210702,36.39882598506423,0 36.36650409011806,36.39898523533036,0 36.36654172838723,36.39910345649902,0 36.36658144461825,36.39924849496519,0 36.36661318361309,36.39935726707889,0 36.36663298193501,36.39941716350821,0 36.36667637252386,36.39951327786397,0 36.36673926430491,36.39960617604238,0 36.36682156382795,36.39967534723913,0 36.36692334264559,36.39973657017401,0 36.36703286273928,36.39978356823371,0 36.36715406329179,36.39982421955266,0 36.3672655567723,36.3998759447028,0 36.36737906966118,36.39994186383133,0 36.36748299445949,36.40004410330197,0 36.36759293823046,36.40018103546003,0 36.36765776888441,36.40027077201735,0 36.36771523190341,36.40045362212379,0 36.36772911769209,36.40050091385509,0 36.36778213425051,36.40056859769295,0 36.36787800026306,36.40061721440814,0 36.36798929523997,36.40062633901674,0 36.36807514299344,36.40061976323897,0 36.36814726088872,36.40059902889529,0 36.36821911833561,36.40052307222373,0 36.36830843769698,36.40042497124803,0 36.36835318588974,36.40039485422545,0 36.36842723376102,36.4003693811613,0 36.36854815923201,36.40035165231955,0 36.36860844005182,36.40030413126711,0 36.36866466786133,36.40022506648756,0 36.36872859119089,36.40012231089408,0 36.36878073677947,36.40000539029888,0 36.3688329563845,36.3999042484959,0 36.36888730669936,36.39984096806124,0 36.36894949396493,36.39978397441123,0 36.36900382094769,36.39971596006776,0 36.36905604816176,36.39961639550003,0 36.36905770925868,36.39955485547587,0 36.36905881007392,36.39937497958404,0 36.36910530772891,36.39930225662688,0 36.36918102929641,36.39921839767131,0 36.36929785667608,36.39915965667468,0 36.3694576736617,36.39911182815912,0 36.36962161702368,36.39911132100692,0 36.3697894649297,36.39911080144199,0 36.36993584353538,36.39911034747129,0 36.37004312051359,36.39909581492857,0 36.37017778183565,36.39909381998642,0 36.37031252470357,36.3991091801614,0 36.37040845117556,36.39917041811394,0 36.37045361008867,36.39922707938754,0 36.37048731379613,36.39933742326994,0 36.37047985054332,36.39941002626127,0 36.37047630695735,36.39948577263395,0 36.37047270282974,36.39954889663687,0 36.37050229361694,36.39961507360807,0 36.37057491205492,36.39970005040962,0 36.37068462096666,36.39978649049718,0 36.37080396929174,36.39984765473069,0 36.37088231578616,36.39990579138708,0 36.37089810215264,36.39994203213035,0 36.37090608863817,36.39997987469928,0 36.37090438460605,36.40003194895161,0 36.37088893517368,36.40006670850485,0 36.37086383250965,36.40012358825361,0 36.3708211566329,36.40017894439529,0 36.37073787699277,36.40031489567937,0 36.37072259982594,36.40038594582784,0 36.37067631964143,36.40050442591185,0 36.37069241356521,36.40060535670493,0 36.37073779833972,36.40070935173204,0 36.37082024486617,36.40080849888799,0 36.37097303635969,36.40092478354129,0 36.37107864911901,36.40097021203251,0 36.37139359646243,36.40111912681314,0 36.37154616411293,36.4011880760396,0 36.37172008980677,36.40123329159444,0 36.37185087249245,36.40123604008593,0 36.37204008170585,36.40121178399628,0 36.37215111403004,36.40116568056676,0 36.37223466364686,36.40108652889489,0 36.37230820566706,36.40095534062712,0 36.372350768625,36.40087631656294,0 36.37242067825563,36.40080194115054,0 36.37251776123745,36.40069592458683,0 36.3725544457598,36.40061218548735,0 36.37256753486019,36.40049222949479,0 36.37257700022828,36.40043066471731,0 36.37261183057101,36.40036744398313,0 36.37267786646324,36.40029939097719,0 36.37271899634405,36.40028724637482,0 36.37278172264782,36.40019653884597,0 36.37283286450219,36.40008497921187,0 36.37284629852125,36.39989231016838,0 36.37285401360958,36.39970429994171,0 36.37292796646027,36.39956017838142,0 36.37303670161275,36.39948557297825,0 36.37312565170548,36.39947601109694,0 36.37319749817921,36.39949203308608,0 36.37330383969665,36.39951722915789,0 36.37351932658756,36.39955368818202,0 36.37372604494716,36.39955768386406,0 36.37394133219657,36.39955236770091,0 36.37406742394358,36.39950555643264,0 36.37417329804871,36.39943327982773,0 36.3743249153416,36.39932140565752,0 36.374482529833,36.3992628907979,0 36.3746890593483,36.39922743130384,0 36.374788158893,36.39921487307897,0 36.37489563190542,36.39920125432712,0 36.37508539301599,36.39926099975002,0 36.37524656984859,36.3993463632326,0 36.37532729704547,36.39941805455049,0 36.37536800122097,36.39952468478516,0 36.37535107804882,36.3995873998433,0 36.37529401957341,36.39966184518674,0 36.37518244954794,36.39974342456216,0 36.37511399656171,36.39983647147582,0 36.37510583021432,36.39992933019164,0 36.37514918141885,36.39998953514902,0 36.37525037442356,36.40013774900164,0 36.37547191792834,36.40023916886909,0 36.3757534028228,36.40026845390587,0 36.37600607878006,36.40027694220833,0 36.37618687241348,36.40026244779634,0 36.37630732436328,36.40023653984643,0 36.37645923072876,36.40018500322564,0 36.37654784533375,36.40010581555796,0 36.37660488072472,36.40002672857766,0 36.3766044656337,36.39994085952483,0 36.37652371445606,36.39986452710031,0 36.37640872598262,36.39983239796515,0 36.37616136763123,36.39973570351977,0 36.37599164373506,36.39966429207909,0 36.37590226931711,36.39958566614629,0 36.37590196717204,36.39952300486998,0 36.37592174978182,36.39945795978559,0 36.37599039149817,36.39940436497582,0 36.37609926928347,36.39935992636641,0 36.37625997713337,36.39934781651885,0 36.3764695775259,36.39935411849825,0 36.37662162786125,36.3993327513128,0 36.37683398679491,36.39931583589392,0 36.37705203192773,36.39928729821537,0 36.37725277294756,36.39924256840119,0 36.37743329522249,36.39917237355383,0 36.37753922171014,36.39911169768677,0 36.37766214847398,36.39900455205991,0 36.37775379894516,36.39896016598663,0 36.37791690437489,36.39885057184326,0 36.37806603772794,36.3988199297624,0 36.37823544672083,36.39882635505349,0 36.37833610317636,36.39886316951484,0 36.37846002959758,36.39896257200321,0 36.378664664062,36.39912902253681,0 36.37884627769013,36.39928394129349,0 36.37889832293319,36.39936036275,0 36.37889010520517,36.39944161713451,0 36.37878141006711,36.39952319099717,0 36.3786609162472,36.39953981862733,0 36.37850888829266,36.39956582942937,0 36.37838848380677,36.39960102352431,0 36.3783025626461,36.39964307011864,0 36.37828000149158,36.39972669057492,0 36.37836075432846,36.39980302187577,0 36.37853035677202,36.39984890040617,0 36.37870009371087,36.3999226283736,0 36.37884121363521,36.40001501429164,0 36.37889348547724,36.40013785133031,0 36.37890464968206,36.40032239606465,0 36.37888366774492,36.40043659727294,0 36.37881985624038,36.40060123159564,0 36.37877491553257,36.40070970548134,0 36.3787492133132,36.40083746407886,0 36.37877610833625,36.40095538266873,0 36.37882917529436,36.40104226663873,0 36.3789110908543,36.40115614112029,0 36.37896914140227,36.40128363379969,0 36.37897447197125,36.40139581727764,0 36.37897510196501,36.40152542676815,0 36.37894925781749,36.40162416754724,0 36.37890665349411,36.40172102703634,0 36.37884501868146,36.40184116141688,0 36.37879540447919,36.40197286410623,0 36.37872423356509,36.40210076680332,0 36.3787128508399,36.40222074126901,0 36.37868241817071,36.40236012113188,0 36.37864944113397,36.4024685566787,0 36.37865950204797,36.40256911883034,0 36.37870784979853,36.40266955939028,0 36.37878004404675,36.40275251317841,0 36.37890986764793,36.40287590889894,0 36.37901786406726,36.40293940414779,0 36.37915705308561,36.40302021140265,0 36.37944725842934,36.40315276939657,0 36.37956486457693,36.40322397174075,0 36.37975689909079,36.40334523478166,0 36.37988421073929,36.4034434881286,0 36.37999955636764,36.403541780567,0 36.3801679735606,36.40372695550174,0 36.3802785623463,36.40383106625045,0 36.38038429997959,36.40392165085447,0 36.38054019677369,36.40399273022008,0 36.38072472589111,36.40404630741801,0 36.38098099077978,36.40408804897196,0 36.38114613018306,36.40409139170819,0 36.3812419659633,36.40411429906551,0 36.38137391387965,36.4041815857246,0 36.38145331037505,36.40426838388808,0 36.38152084557144,36.40437649940495,0 36.38152622848088,36.40449835522216,0 36.38148346542612,36.40456233015573,0 36.38141195665563,36.40462059311243,0 36.38124024178229,36.40474108012933,0 36.38115441225765,36.40480712637902,0 36.38110200051694,36.40485565656174,0 36.38108306400962,36.40489827553488,0 36.3810977150931,36.40495819828941,0 36.38118645760564,36.40499853877886,0 36.38129659544774,36.40500979409952,0 36.38139480685254,36.40502882584783,0 36.38150278884185,36.4050884495493,0 36.38156558549431,36.40520625311932,0 36.38157097708761,36.40533004318939,0 36.38159314914596,36.40545958367591,0 36.3816320249454,36.40557939758103,0 36.38171413846465,36.4057319596857,0 36.38176729720868,36.40583625290682,0 36.38184627895253,36.40583793430169,0 36.38193943071863,36.40580088179183,0 36.38198939232017,36.4057407525289,0 36.38202255489048,36.40567100432792,0 36.38210338009359,36.40556048021091,0 36.38220355835436,36.40549245255502,0 36.38228234144815,36.40545351010289,0 36.38238505543248,36.40541449136464,0 36.38250938221316,36.40539087932663,0 36.3827008300042,36.40539026640479,0 36.38289245692367,36.40542640725058,0 36.38310571774287,36.40548182399241,0 36.38338869215581,36.40560085398789,0 36.38362372047308,36.40570262686278,0 36.38366217204749,36.40573539022042,0 36.38371031924608,36.4057932702828,0 36.38371534328798,36.40584161606918,0 36.38368692116656,36.40590167664242,0 36.38362271532273,36.40598506647067,0 36.3835655663208,36.40604328413214,0 36.38345368914939,36.406165516992,0 36.38334670180034,36.40630901192228,0 36.38331353029295,36.40637682623107,0 36.38329960855938,36.40646585707957,0 36.3833118122003,36.40651418004824,0 36.38332212603933,36.40666503699601,0 36.3833034748558,36.40676569116574,0 36.38325370367698,36.40686450937286,0 36.38314877658626,36.40694029172379,0 36.38302945153279,36.40700838154307,0 36.38291020226919,36.40709194640605,0 36.38279576790227,36.40718130000061,0 36.38273393560986,36.40726081281805,0 36.38270301400029,36.40729960115479,0 36.38269383058047,36.40737894468067,0 36.38274447614933,36.40745809706939,0 36.38285492161512,36.40753125358124,0 36.3829531453178,36.40755221754786,0 36.38306083770292,36.40755187270605,0 36.38323323093245,36.40756873003063,0 36.38338166325826,36.40757985974584,0 36.38353721902435,36.40757936075276,0 36.38370477872826,36.40758656000966,0 36.3838005423429,36.40759399030097,0 36.3839155377275,36.4076187693266,0 36.38413584264641,36.40764514375561,0 36.38426743751133,36.4076389165954,0 36.38440368533636,36.40760559163552,0 36.38452553723362,36.40756457520543,0 36.38461860273348,36.407510110244,0 36.38475221953392,36.40742843118714,0 36.38488604440499,36.40738930981929,0 36.38518993727878,36.4073805925615,0 36.38543629790329,36.40735271441101,0 36.38574483332329,36.40731496282294,0 36.38590255198135,36.40726802537625,0 36.38617970719563,36.40717620889033,0 36.38633015889682,36.40711188435656,0 36.38667174585768,36.40698310179232,0 36.38685310642106,36.40687805191435,0 36.38701080494803,36.40682724437286,0 36.38725714361182,36.40679549377345,0 36.3873622885062,36.40676420168656,0 36.38751047961096,36.40672696541027,0 36.38766090087079,36.40665683535416,0 36.38786613361196,36.40654009994535,0 36.38797343002774,36.40646043665802,0 36.38814299475727,36.40639024460366,0 36.38824578444516,36.40636669596799,0 36.38835357123842,36.40638569096048,0 36.38843754238422,36.40642797656754,0 36.38853119102264,36.40649150991573,0 36.38870171959374,36.40661476220695,0 36.38885994566004,36.40667034705068,0 36.38901559595147,36.40668918552325,0 36.38915663615991,36.40665777411638,0 36.38940765464611,36.40660472489053,0 36.38957488417913,36.40654614455406,0 36.38979224208406,36.40646225201623,0 36.39001653832948,36.40632997498473,0 36.39026247848442,36.40621890494582,0 36.39049901015856,36.4061407522456,0 36.39065690664688,36.4061305634,0 36.3908220316863,36.40613002343267,0 36.39095853607857,36.40614892112877,0 36.39114051910013,36.40616960506473,0 36.39126982495951,36.40618465713285,0 36.39143036743532,36.40622475529585,0 36.39165306364712,36.4062511076845,0 36.39177742731965,36.40623522397407,0 36.39186818132703,36.40619817070102,0 36.39204727615696,36.40612020343065,0 36.39229560584745,36.40600912276192,0 36.39241276142166,36.40598745798282,0 36.39251564517733,36.4059832511887,0 36.39264729501939,36.40598862128818,0 36.39283651713294,36.40602088592686,0 36.39297283588673,36.40600302703264,0 36.3930876084277,36.40598330399246,0 36.3933121600921,36.40590325088015,0 36.39350807350785,36.40583876730891,0 36.39369454005337,36.40579946258531,0 36.39389538500381,36.40576398011677,0 36.39427320291623,36.40577195248022,0 36.39463010205991,36.40574453634155,0 36.39477576291828,36.40566534290375,0 36.3948239616718,36.40556897991562,0 36.39481777762812,36.40541594974688,0 36.39480618453739,36.40526293668537,0 36.39489765998219,36.40516643145423,0 36.39504356236125,36.40513533811421,0 36.39521119116467,36.40512166499636,0 36.39537897491118,36.4051386014614,0 36.39560063192464,36.4051116301613,0 36.39578952187168,36.40502354617787,0 36.39581634838201,36.40497972879073,0 36.395810495056,36.40489228978959,0 36.39571259190018,36.40478766507554,0 36.39551221843083,36.40474459992674,0 36.39533878223978,36.40467958119765,0 36.39515991392501,36.40461020688206,0 36.39498625777016,36.40450145962313,0 36.39492076803838,36.40438798043693,0 36.39496373381784,36.4043266185211,0 36.39504463283065,36.4042782487438,0 36.39515277738332,36.40426914530993,0 36.3952932243426,36.40422932471866,0 36.39547149293747,36.40418063282914,0 36.39553059817621,36.4041017249996,0 36.3955355196364,36.40400550501881,0 36.39544276142486,36.40384838822736,0 36.39529078810477,36.40374831509952,0 36.39518754382092,36.40365682628436,0 36.39515994276214,36.40354759532106,0 36.39520789764381,36.40340313159803,0 36.39527256643815,36.40335481566732,0 36.39534796603916,36.4032889729646,0 36.39539079814792,36.4032013725669,0 36.39536321921197,36.40309651498912,0 36.39529194521236,36.40290871706504,0 36.39528077165942,36.40283878765811,0 36.39533437786123,36.40274240631246,0 36.39545325103062,36.4027157757782,0 36.39560491238378,36.4027546289725,0 36.39569166250615,36.40279369769096,0 36.39582729504223,36.40287196037706,0 36.3960605197137,36.40299362772088,0 36.39628817965828,36.40308470375268,0 36.3964294459267,36.40320667583874,0 36.39662500574411,36.40336782342745,0 36.39684790337865,36.40358572660489,0 36.39710290212242,36.40373355793906,0 36.39735218130434,36.40382018628264,0 36.39761728875214,36.40382804931384,0 36.39768747763359,36.40380157886389,0 36.39791467285214,36.40380082143529,0 36.39814204775118,36.40383504682103,0 36.3982721419972,36.40388708763918,0 36.39840234768189,36.40396099237921,0 36.39863021468023,36.40409141893679,0 36.39883602006265,36.40413883311357,0 36.39898205309437,36.4041339731313,0 36.39919816228579,36.40408077573139,0 36.39933869610638,36.4040584418871,0 36.39949570478785,36.40408415383812,0 36.39956658760767,36.40419323918647,0 36.39961619075245,36.40437236116554,0 36.39980089707081,36.40452479454397,0 36.39996367355008,36.40462045235508,0 36.40014207485433,36.40459799083907,0 36.40022297116114,36.4045496174334,0 36.40027655007431,36.40444886213386,0 36.40024341968241,36.40431778622408,0 36.40018308626882,36.40415619167839,0 36.40016050659339,36.40397260618931,0 36.40027340907204,36.40383666776403,0 36.40036530309983,36.40382324188025,0 36.40054376919346,36.40381389704035,0 36.40068946481426,36.40374344266954,0 36.40075381642547,36.40363390383337,0 36.40072623008046,36.40352904720658,0 36.40066095852568,36.40345929996639,0 36.40052554350741,36.40342477161062,0 36.400319716211,36.40337298701764,0 36.40023274048471,36.40329019341763,0 36.40023204496492,36.40315463643778,0 36.40030708123333,36.40301882569733,0 36.4004471191979,36.40290028828001,0 36.40048987762558,36.40279956842378,0 36.40046801600862,36.40275591240892,0 36.40032692456821,36.40266892816651,0 36.40006687153496,36.40259108745089,0 36.39975782206327,36.40245218961798,0 36.39964348666269,36.40230826699212,0 36.39961576911411,36.4021771736556,0 36.39964189787155,36.40199779739752,0 36.39968445487438,36.40185772302023,0 36.39980837559642,36.40176110416449,0 36.40004586913639,36.40165973225592,0 36.40021319861837,36.40158920531313,0 36.40050987853036,36.40142641446583,0 36.4007530255366,36.4013731243296,0 36.40094237261256,36.40137686129432,0 36.4011750378309,36.40138919826141,0 36.4012998109428,36.40145874565519,0 36.40134928086574,36.40161163049391,0 36.40133945183304,36.40180407066613,0 36.4013726727721,36.40195263708236,0 36.40145446488246,36.40207917639167,0 36.40156359512583,36.40226247053504,0 36.4016778445964,36.40238889982854,0 36.40181922962313,36.40253272990441,0 36.40198171212546,36.4025715384312,0 36.40211694601121,36.40257108361065,0 36.40220865678663,36.40252267291022,0 36.40235955537685,36.40241284223295,0 36.40242953829167,36.40234701310401,0 36.4025156364193,36.40225926564366,0 36.40263964422679,36.40218013537765,0 36.40273674149173,36.40212733342014,0 36.40286633957465,36.40208316785459,0 36.40303921190091,36.40203885507857,0 36.4032230826705,36.40202948855762,0 36.40336902077283,36.40200713136119,0 36.40348773230897,36.40194988270829,0 36.40357921491165,36.40185774352748,0 36.40371397265478,36.40176545697634,0 36.40387050219185,36.40169933494916,0 36.40405368864044,36.40165935474077,0 36.40423001958731,36.40167702333118,0 36.40454677598213,36.4017599716267,0 36.40468720269046,36.40182525145701,0 36.40484145073797,36.40194162713281,0 36.40494145437229,36.40205453306594,0 36.40496467338558,36.40217500629807,0 36.40496100820966,36.4023394069026,0 36.40486267266033,36.40254796607614,0 36.40480939227744,36.40273080079494,0 36.404809809586,36.40281116729494,0 36.40486906721253,36.40290959908607,0 36.40497338188918,36.40298230737375,0 36.4051769246726,36.40301814702529,0 36.40536673963235,36.4030211562904,0 36.40558799704131,36.40298752702294,0 36.40579112184639,36.4029430000034,0 36.40620213674325,36.40290141919576,0 36.40645514050281,36.40288959910396,0 36.40664062620323,36.40292915176518,0 36.4068309746265,36.40303444259948,0 36.40694038220554,36.40321672416685,0 36.40728590114559,36.40361373141752,0 36.40750391849168,36.40382486605264,0 36.40778987566156,36.40406499304105,0 36.40806218040638,36.40428690055669,0 36.40817138273057,36.40442899785451,0 36.40831233253285,36.40459290444321,0 36.40838563184841,36.40478261372395,0 36.4084996780627,36.40498679595569,0 36.40861755688225,36.40505945410996,0 36.40877608825388,36.40512832002369,0 36.40902959609191,36.40521147232033,0 36.40913864741293,36.40532434418009,0 36.40925235218515,36.4054627719406,0 36.40930282955058,36.40560872153237,0 36.40931251834919,36.40573289283591,0 36.40929032545292,36.40580968356132,0 36.40924580458712,36.40593769352932,0 36.40928720523441,36.40607636854455,0 36.4093916813345,36.40617829699809,0 36.40968178832815,36.40634534333081,0 36.40975007428104,36.406440088877,0 36.40974591966196,36.40650951231162,0 36.40969211149971,36.40659006458946,0 36.40964268867614,36.40664502993467,0 36.40953039938575,36.40677692607702,0 36.40944024661655,36.40682107181755,0 36.40931413199519,36.40690187124434,0 36.40922861190309,36.40696792048381,0 36.40918830377465,36.40703746658423,0 36.40917991589035,36.40716169967131,0 36.40918495242757,36.40726031589181,0 36.40924408496361,36.40733317436688,0 36.40936227496027,36.40746428030272,0 36.40951623390129,36.40752220128268,0 36.40966554080379,36.40755456702148,0 36.40984611689709,36.4075174162971,0 36.4100042893617,36.40751687373143,0 36.41012657675884,36.4075675968264,0 36.41018126869673,36.40765508314861,0 36.41022701768181,36.40776086457303,0 36.41022747862397,36.40784853670122,0 36.41024142018327,36.40792155049084,0 36.41029628494055,36.40804191369725,0 36.4103058040422,36.40813320804828,0 36.41025653387918,36.4082173973464,0 36.41017557195595,36.40829073725063,0 36.41005397391864,36.40837152277481,0 36.40996403011344,36.40845585214029,0 36.40987883528572,36.40858400245221,0 36.40989746950026,36.40868987774051,0 36.40997456577978,36.4087407557672,0 36.41006506637049,36.40876236357526,0 36.4102097031487,36.40876551957368,0 36.41034970432755,36.40874677350882,0 36.41049891810805,36.40876087324696,0 36.41064834180389,36.40881515518819,0 36.41070770809224,36.40893184955175,0 36.41068576588491,36.40905612933785,0 36.41064553451017,36.40914028868558,0 36.41057351405154,36.40919533185329,0 36.41034381672915,36.40934589745433,0 36.41021314086639,36.40941940767636,0 36.41011884983345,36.40953663042243,0 36.41009217516685,36.40962074219615,0 36.4101560021311,36.40972646264289,0 36.41028302444435,36.40981735265166,0 36.41043700895663,36.4098789258512,0 36.41063616698494,36.40993669067925,0 36.41081734513691,36.41001278229153,0 36.41090838688207,36.41013667354215,0 36.41099033105355,36.41024963614348,0 36.41104975641119,36.41037728905115,0 36.41106848846595,36.41050142926783,0 36.41106468114793,36.41063660661999,0 36.41102908403651,36.410742667903,0 36.4109758720855,36.41093646425267,0 36.41099452626464,36.41104599168093,0 36.41107170339211,36.41111148189291,0 36.41122105514428,36.4111511514266,0 36.41136125365463,36.41116893358618,0 36.41145627712497,36.4111905249414,0 36.41156489694124,36.41121937510916,0 36.41179590840152,36.41131721100017,0 36.41202220842601,36.41137853277813,0 36.41224393030319,36.4114289109866,0 36.4124655562472,36.41146102282486,0 36.41264644975016,36.41148231661956,0 36.4127548392382,36.41146733010607,0 36.41286757380794,36.41141945004451,0 36.41293926606824,36.41130230389495,0 36.41293893722153,36.41124020316274,0 36.41295193489331,36.41113421913733,0 36.41296968353639,36.411072055166,0 36.41305045313271,36.41096218415699,0 36.4131358567661,36.41087421484355,0 36.41317156799441,36.41079007021697,0 36.41318014206365,36.41070236680751,0 36.41316598406658,36.41058917078944,0 36.41310213297378,36.41047979948115,0 36.41302933925768,36.41038872438528,0 36.41291150611739,36.41032702974889,0 36.41278921251197,36.41027630928509,0 36.41257201305253,36.41022591663336,0 36.41239089140106,36.41016078720826,0 36.41231371397549,36.41009529873457,0 36.41230876976216,36.41001494759374,0 36.41234907798705,36.40994540044417,0 36.41245727166255,36.409893883945,0 36.41263323626248,36.40983847966439,0 36.41289974187355,36.40981198723801,0 36.41298122587622,36.40983727728856,0 36.41315740222007,36.40982205556811,0 36.41329721186489,36.40976677503251,0 36.41347298144171,36.40967484018891,0 36.41363092568503,36.40963045640273,0 36.41372127394918,36.40962283684002,0 36.41394712406832,36.40960013576012,0 36.41414118353232,36.40954831987936,0 36.41435770398075,36.40947085489083,0 36.41453314265391,36.40931681673091,0 36.41459569445571,36.40918143556225,0 36.4146266502312,36.40905347032117,0 36.4146617950938,36.40886338861395,0 36.41471557946407,36.40877918165632,0 36.4148417307556,36.40870568193633,0 36.41500892457323,36.40870144739364,0 36.41515391076781,36.40877035229592,0 36.41527217020407,36.40891241060542,0 36.41528619534925,36.40900003591342,0 36.41527766163476,36.40909504507393,0 36.41527356983117,36.40917542756336,0 36.41523357709094,36.40930342347108,0 36.41517983160256,36.40939493796334,0 36.41517151204719,36.40953013052112,0 36.41517232855158,36.40968355594018,0 36.41522301329044,36.40986603367855,0 36.41531413854887,36.41000453371461,0 36.41539170643716,36.41014308073327,0 36.4154420610729,36.41026345668373,0 36.4155241878275,36.41040929435563,0 36.41557919939361,36.41055522520221,0 36.41558889947235,36.41067939635154,0 36.41555810078952,36.41083658566692,0 36.41550012586445,36.41098291031893,0 36.41547357383119,36.41108894180871,0 36.41549659886795,36.41116922931889,0 36.41555575966397,36.41124573727433,0 36.41564209677571,36.41133311073016,0 36.41578284043855,36.41145317192826,0 36.41593272209924,36.41159146671845,0 36.41601909772501,36.41168614630441,0 36.41605114344272,36.41176274914475,0 36.41606964956878,36.41184305136063,0 36.41605194198898,36.41191252227722,0 36.41603002656008,36.4120404555966,0 36.41599429941276,36.41212094798825,0 36.41592261080519,36.41223809611316,0 36.41584159135672,36.41230048026833,0 36.41567080475637,36.41248007505577,0 36.41560314896559,36.41250588178657,0 36.41549933631205,36.41253181477508,0 36.4153641020203,36.41259804078605,0 36.41521542457564,36.41268623100027,0 36.41513911761794,36.41278512914855,0 36.41504936964412,36.41290599253128,0 36.41500984021407,36.4131216613578,0 36.41501926826932,36.41319469042252,0 36.41503775417768,36.41327134045574,0 36.41511041608545,36.41333684298255,0 36.41520092359934,36.41335844714826,0 36.41528227530935,36.41335816428407,0 36.41542218703949,36.41332114656864,0 36.41550776650094,36.41326605258974,0 36.41561590480302,36.41320357465713,0 36.41578277731205,36.41313723771735,0 36.41591836275745,36.4131367661615,0 36.4160315457721,36.41317290223872,0 36.41618561945419,36.41324908032694,0 36.41633059559845,36.4133143300306,0 36.41644381794164,36.41335777213271,0 36.41651650170777,36.41342692707615,0 36.41653037214828,36.41348532754567,0 36.41651714547542,36.41354747550808,0 36.41642710487649,36.41361354462659,0 36.41626932972202,36.41369080974651,0 36.41619306186378,36.41379701406557,0 36.41613948995882,36.41392140586164,0 36.41613999714085,36.41401638367373,0 36.41610000280588,36.41414438063707,0 36.41605975482449,36.41422488777636,0 36.41598783121791,36.41429820015249,0 36.41587538635969,36.41440087744615,0 36.41578986403664,36.41446693123378,0 36.41564089238311,36.41450032746945,0 36.41554194708592,36.41459199778412,0 36.41551989402949,36.41469436121549,0 36.41555643967373,36.41476729529582,0 36.4156834377163,36.41485087366808,0 36.41587840443464,36.41496709271937,0 36.41596014826378,36.41503986986349,0 36.41599225334397,36.41512743142677,0 36.41599254449938,36.41518222669281,0 36.41594319889167,36.41525180645232,0 36.41586675427177,36.41532513438314,0 36.41575413310343,36.4153949345067,0 36.41565516731568,36.41548295256646,0 36.41558312577459,36.4155343463421,0 36.41556095498775,36.41561479145339,0 36.41550266579591,36.41570266741444,0 36.41539467992998,36.41579437067498,0 36.41529536332762,36.41581663443976,0 36.41517308010067,36.41576956927686,0 36.41497809209996,36.41564969582834,0 36.41486443931906,36.41552588639848,0 36.41472366967509,36.41540217163387,0 36.41456955470403,36.41531868607857,0 36.41438382126524,36.41523896291656,0 36.41414402791325,36.41519230480188,0 36.4139307745187,36.4151731102357,0 36.41375200281105,36.41522915923071,0 36.41362692786615,36.41535276974873,0 36.41357416117896,36.41546073167169,0 36.41354071997036,36.41562097770871,0 36.41353780859777,36.41579035543278,0 36.41347027350084,36.41598767178422,0 36.4133980969734,36.41602795424227,0 36.41329159792682,36.41606219599199,0 36.41312003592429,36.41604123416456,0 36.41286077926134,36.41600825700041,0 36.41267788483499,36.41600581020921,0 36.41251799718575,36.41603099780233,0 36.41232412929565,36.41611481107936,0 36.41219877468071,36.41618607104361,0 36.41203556375532,36.41630365164571,0 36.41197108741559,36.41635930343373,0 36.41189947842235,36.41650736265117,0 36.41193438669514,36.41662425957613,0 36.41203419348094,36.41676556846035,0 36.41212594249603,36.41682376121488,0 36.41230566332759,36.41694631749293,0 36.41250806653773,36.41703492130711,0 36.41267207524869,36.41706822785055,0 36.41285887997155,36.41708913780374,0 36.41303796622309,36.41709159823834,0 36.41315589787023,36.41705731618784,0 36.41329273104952,36.41699525439159,0 36.41340304209957,36.41696099976574,0 36.41347538309005,36.41695151036485,0 36.41352128229306,36.41698522520821,0 36.41353290892334,36.41702213835009,0 36.41352558259095,36.41707759311169,0 36.41348411288956,36.41716088019191,0 36.41342374027732,36.41727194867741,0 36.4133598186027,36.41743229906335,0 36.41333028491318,36.41761100800803,0 36.41334228657648,36.41771874516751,0 36.41336161367646,36.41777102846464,0 36.41340396436881,36.4178540262038,0 36.41349226518058,36.41797997682404,0 36.41360308326104,36.41804118102292,0 36.41370605223848,36.41805930098577,0 36.41383948581223,36.41807423547703,0 36.41397658251012,36.41806144287667,0 36.41410619045889,36.41807331101787,0 36.41427407823507,36.41811891954178,0 36.41435438331813,36.4181740705677,0 36.41442701992599,36.41822000951361,0 36.41456815582676,36.41825031331167,0 36.41464808619663,36.4182346392363,0 36.41472780209401,36.41817893314671,0 36.41475380085858,36.41805258658969,0 36.41477983277348,36.41793239899802,0 36.41483611558434,36.41776899471114,0 36.41489673222844,36.41770411634851,0 36.4149980469964,36.41741121953957,0 36.41503958071645,36.41734024890813,0 36.41510026227773,36.41728768835024,0 36.41517628211203,36.41725354994789,0 36.41530171751388,36.41719768468647,0 36.41545782949519,36.41717866540071,0 36.41557966770125,36.41716284388662,0 36.41572845477738,36.41719927918939,0 36.41585825841082,36.41724809739095,0 36.41595380451984,36.41730319437131,0 36.41603424125077,36.4173829792614,0 36.41609190101585,36.41747824018732,0 36.41618013921816,36.4175918701179,0 36.41628749481667,36.41771775187446,0 36.41631850038068,36.41781618568182,0 36.41628455565973,36.4178809717667,0 36.41624668500977,36.41792421491202,0 36.4161746725458,36.41799529297926,0 36.41600009995286,36.41812523612309,0 36.41590172783197,36.41825491492922,0 36.41587931047906,36.41833813688908,0 36.41588343299987,36.41839663092666,0 36.41595227608216,36.41844566192148,0 36.41601330314569,36.41845776694555,0 36.4161120861874,36.41840507292243,0 36.41619961860713,36.41838629087031,0 36.4163326100295,36.41831808058026,0 36.41647341756153,36.41828679514465,0 36.41661448882963,36.41830477951832,0 36.41677101433823,36.4183627425847,0 36.41683238735446,36.41843951324517,0 36.41685178271273,36.4185041131112,0 36.41685598780116,36.41857800501263,0 36.4168222241345,36.41867666423732,0 36.41674672917455,36.41880934176503,0 36.41664855549723,36.41897597322662,0 36.41658051683307,36.41907783060321,0 36.41654317210151,36.41921961463873,0 36.41655107145539,36.4192719366356,0 36.41657429483122,36.4193396025628,0 36.41662083850776,36.41949341127595,0 36.41665939999714,36.41957950009397,0 36.41664843053801,36.41966576211307,0 36.41662622773619,36.41978901617267,0 36.41662299291841,36.41989680622243,0 36.41668068848217,36.41999822591088,0 36.41675713792967,36.42004415049355,0 36.4169326350282,36.42008664945101,0 36.41715382157563,36.42012282977895,0 36.41732160036581,36.42014687829464,0 36.4175200084728,36.42019853512176,0 36.41764221376199,36.42025045766911,0 36.41769954714485,36.42028413090779,0 36.41775336880596,36.42037324528213,0 36.41778053385651,36.42046553289003,0 36.4177657880328,36.42055796709162,0 36.41770909771989,36.42064438888267,0 36.41764844854625,36.42070310968999,0 36.41754951565724,36.42072809088432,0 36.41736291517032,36.42074721986188,0 36.41721080446867,36.42080318033318,0 36.41713121889622,36.42088352389953,0 36.41712016668097,36.42095438896914,0 36.41712070989146,36.42105600701643,0 36.41709824437063,36.42112999120588,0 36.41704997959484,36.42136727450767,0 36.41701335949966,36.42164454966746,0 36.4170296536641,36.42184157545421,0 36.41704149700463,36.42191851937823,0 36.41707237346957,36.42199231716162,0 36.41716416585086,36.42205666446887,0 36.41725958605444,36.42208712473866,0 36.41741598800548,36.42212045137347,0 36.4175685791074,36.42215379176286,0 36.41767924127242,36.42218419854227,0 36.41784336266315,36.42223597448825,0 36.41792741962039,36.42227879234162,0 36.41797343940716,36.422334060696,0 36.41801964181957,36.42242320114809,0 36.41804326248103,36.42256477178248,0 36.41808966270897,36.42269086513189,0 36.41817375269748,36.42273984089107,0 36.41823476729239,36.42274886588944,0 36.41831458501977,36.42271163354489,0 36.41839431943556,36.42265900414893,0 36.41848932904941,36.42261247949987,0 36.41863779704703,36.42258732367311,0 36.41877879449988,36.42258990883127,0 36.41891992287381,36.42261712878778,0 36.41910703972032,36.4226934575748,0 36.41919502481617,36.42275781563709,0 36.41921444034469,36.42282549515265,0 36.41918803307578,36.42287485788916,0 36.41913493689031,36.42292123520601,0 36.41905112752521,36.42292460912659,0 36.41889871594074,36.4229251444546,0 36.41881119511284,36.42294700732742,0 36.4187047544604,36.42299357153651,0 36.41857193947669,36.42309565720818,0 36.41850766058563,36.42318826538303,0 36.41849670862749,36.42327760661554,0 36.41850850270915,36.42334531240806,0 36.41858505598742,36.42340971109243,0 36.41873019581811,36.42347387029199,0 36.41889046096254,36.42351642002227,0 36.41905446909515,36.42354663845328,0 36.41919959338208,36.4236077171753,0 36.41926088928837,36.42366908978654,0 36.41929185188722,36.42375828408589,0 36.41935700886198,36.42382888156263,0 36.41939918699158,36.42387800447844,0 36.41951003441285,36.42394228268285,0 36.41959399445374,36.42396662252897,0 36.41980753991028,36.4239966665943,0 36.42009729137858,36.42402644104479,0 36.42023466286763,36.42406291073439,0 36.42046373224087,36.42414524828665,0 36.42053279939947,36.4242343080193,0 36.42056774094979,36.4243542819906,0 36.42058424420599,36.42458825876614,0 36.42056564066059,36.42467146850888,0 36.42055883420657,36.42482238392476,0 36.42055949785334,36.42494555714428,0 36.42056012887245,36.42506257320002,0 36.42057615097521,36.42520724885826,0 36.42058806441342,36.42529650959972,0 36.42061531901496,36.42540419282346,0 36.4206464325629,36.42552110086609,0 36.42065864484141,36.42566578968288,0 36.42065185465901,36.42581978411603,0 36.42067940819435,36.42598289630752,0 36.42072569822474,36.42608743285121,0 36.42080237222842,36.4261733862323,0 36.42087119372289,36.42621625488773,0 36.42110429650333,36.42633860939198,0 36.42129155714816,36.42643956925093,0 36.42140627099801,36.42651307073017,0 36.4215400866856,36.42659574236984,0 36.42170842981665,36.42672140347876,0 36.42182341023423,36.42684417369893,0 36.42193503085441,36.42705009919543,0 36.42197340218646,36.42709923451879,0 36.42204996196669,36.42716363120304,0 36.42209969843161,36.42720040802425,0 36.42217239813355,36.4272555807285,0 36.42226776027508,36.42727372024328,0 36.42235533541884,36.42726109212451,0 36.42245409109142,36.42720223417648,0 36.42273854269334,36.42695487526527,0 36.42282198960893,36.4268837528351,0 36.42288230601955,36.42676344236602,0 36.42290080727965,36.42666175615781,0 36.42291930845375,36.42656007084391,0 36.42290341506253,36.42644003036642,0 36.4229333813858,36.42634446253846,0 36.42299799222625,36.42631343904542,0 36.42315415413786,36.42630056843066,0 36.42331805313776,36.42630922529226,0 36.42349348522353,36.42633631825862,0 36.42365743469029,36.42635421268776,0 36.42377947003666,36.42637225638316,0 36.42390524765288,36.4263779686932,0 36.42409943051915,36.42634956447758,0 36.42423632183031,36.42629672762033,0 36.42433119799926,36.42622556421855,0 36.42435753652092,36.42616388231411,0 36.42434957995008,36.42610232259543,0 36.42429954172564,36.42601011852019,0 36.42419194520313,36.42584421292324,0 36.42408456596388,36.42571833838397,0 36.4239926298112,36.4256293619052,0 36.42383190624656,36.42550367652819,0 36.42367517702617,36.42541185075005,0 36.42348403871689,36.42529859078986,0 36.42332744372685,36.42523139871356,0 36.42324727465924,36.42520396821126,0 36.42307931665822,36.4251491344488,0 36.42294553548504,36.42507262354607,0 36.42278476455908,36.42493769883234,0 36.42274231617225,36.4248393078418,0 36.42274203230398,36.42478695873416,0 36.42278732211218,36.42470673406812,0 36.42292056839061,36.42468470589018,0 36.42301963820839,36.42468435541423,0 36.42311889164038,36.4247178770141,0 36.42327139009828,36.42473273343147,0 36.4233933222031,36.42473230136073,0 36.42354191012958,36.42472869463179,0 36.42367507310908,36.42469126950042,0 36.42380066412598,36.4246631087442,0 36.42400256454268,36.42465315405652,0 36.42409782327145,36.42465281593763,0 36.42423521444157,36.42469236016994,0 36.42431556748193,36.42475366308047,0 36.42439598751884,36.42482728301279,0 36.42442709132155,36.42494111038221,0 36.42444295292862,36.4250549917669,0 36.42443962851537,36.42514430631981,0 36.42445915000869,36.42523046033026,0 36.42450111401984,36.42523954951334,0 36.42461136468457,36.4251929668331,0 36.42465675380639,36.42513121656518,0 36.42469819898791,36.42504484633186,0 36.42477747873792,36.42490907030737,0 36.42483027029415,36.42480726219258,0 36.42488336351194,36.42476088134456,0 36.42498228315095,36.42473281515329,0 36.42510062275261,36.42477242581163,0 36.42526495603956,36.4248611440656,0 36.42536827234704,36.4249408406911,0 36.42546777997617,36.42502055058348,0 36.42555602369305,36.42513109439186,0 36.42559075467685,36.42521103510228,0 36.4256330551969,36.42528171110602,0 36.42564505802507,36.42538636768776,0 36.42559978711963,36.42546967347096,0 36.42548226921925,36.4255809508656,0 36.42535316812994,36.42566455485297,0 36.42524706437106,36.42577271211307,0 36.4252322084856,36.42584359146453,0 36.42522510887648,36.42593907837828,0 36.42528256731874,36.42599430335037,0 36.42535132315989,36.42602485241404,0 36.42549261212196,36.42607977812892,0 36.42563386719206,36.42612854558405,0 36.42570643335949,36.4261590811245,0 36.42576782116924,36.42623584678965,0 36.42579102028937,36.42629735225104,0 36.4257992627668,36.42641126106354,0 36.42578852076471,36.42653755539044,0 36.42577005739519,36.42664540029923,0 36.42575535348357,36.42674399383276,0 36.42575221617203,36.42686718156998,0 36.42575649678867,36.42695338959287,0 36.42583702155184,36.42704548474912,0 36.42595165616236,36.42710358411521,0 36.42613902656303,36.4272230127505,0 36.42625770729777,36.42732420963289,0 36.42627736550952,36.42743499757395,0 36.42623571920103,36.42748441711277,0 36.42614440237005,36.42750937853845,0 36.42606095767217,36.42758050248031,0 36.42601187564876,36.42766382169808,0 36.42594367235905,36.42773489131939,0 36.42590959651597,36.4277750451439,0 36.42574952168341,36.42776945744529,0 36.42563110912634,36.42771752925695,0 36.42548594000395,36.42765029984572,0 36.42532576334726,36.42762623549579,0 36.42519617227917,36.42762053788816,0 36.42511635347196,36.42765777566707,0 36.4249911430882,36.4277567619053,0 36.42495357475711,36.42785543685165,0 36.42493509335495,36.42796020251537,0 36.42495097248681,36.42807716377126,0 36.42500124858135,36.42821247875558,0 36.42502095561483,36.42833250485954,0 36.4250178673992,36.42846493053175,0 36.42507200336459,36.42860947019776,0 36.42516040283883,36.42874772850063,0 36.42526009817,36.4288613117532,0 36.4253635052217,36.42895640469923,0 36.42541352993703,36.42904552937605,0 36.42544456955562,36.42914703946417,0 36.42543773761103,36.42929179551935,0 36.42545340021263,36.42936872558128,0 36.42549558513697,36.42941784567106,0 36.42559476219701,36.42943596846124,0 36.42566701274513,36.42940799601558,0 36.42571633149066,36.42936778813058,0 36.42578846432524,36.42931826050096,0 36.42589843330512,36.42921932678293,0 36.42598177771077,36.4291297269526,0 36.42602710117146,36.4290556591745,0 36.42604156998407,36.42891395542628,0 36.4260102602358,36.42876317534365,0 36.42599837434774,36.42868007392175,0 36.42598256062437,36.42857543072294,0 36.42595120158794,36.42841541351521,0 36.42593154259608,36.42830462462068,0 36.42597293770534,36.4282090159596,0 36.42601836065887,36.42815342420396,0 36.42614771730102,36.42811600982817,0 36.426284930784,36.42812167887045,0 36.42651366440028,36.42813933830213,0 36.4267502377226,36.42819700177944,0 36.42691405765432,36.42819025685084,0 36.42710434807507,36.42814646508204,0 36.42726022654561,36.42808124001992,0 36.42741613788148,36.42802217282217,0 36.42762146741114,36.42794137274228,0 36.42772045656518,36.42792562147491,0 36.42778152631006,36.4279438789069,0 36.42781234889569,36.42800535728026,0 36.42780526865678,36.42810392347436,0 36.42777525665736,36.42819025376655,0 36.42771862300096,36.42828591850585,0 36.42762777701144,36.42839710243148,0 36.4275369826434,36.42851752434293,0 36.42750700434038,36.42861001444824,0 36.42750732550654,36.42866852174493,0 36.42754217798901,36.42877001711165,0 36.42761117339472,36.42884367614391,0 36.42769932379117,36.42893574253253,0 36.42780647576178,36.4290185029851,0 36.4279597273463,36.4291688444418,0 36.42802117046495,36.42925484713859,0 36.4280979231288,36.42935311331529,0 36.4282171512414,36.42955284697266,0 36.42830948595132,36.42971264491141,0 36.42836755855066,36.42987872417777,0 36.42839479096614,36.42998024703492,0 36.42838762708313,36.43006341713166,0 36.42837262150956,36.43010658279987,0 36.42833097498426,36.43015600214611,0 36.42825899540422,36.43023324547279,0 36.42817160437133,36.43027975006108,0 36.42808805775043,36.43033240018618,0 36.42797793736652,36.43040362092703,0 36.42782598421886,36.43049038850095,0 36.42773877921263,36.43057076587451,0 36.42769325326472,36.4306078821521,0 36.4276435713328,36.43069189565469,0 36.42759153275735,36.43084701137595,0 36.4275460751949,36.43099676049925,0 36.42744758402074,36.4311199877258,0 36.42735573252624,36.43124853302752,0 36.4272965543646,36.4313075111732,0 36.42727046197919,36.4313717125987,0 36.42723170327301,36.4315374644751,0 36.42723884066299,36.43163360184872,0 36.42718639185029,36.43171392521671,0 36.42700824227216,36.43177867063331,0 36.42679036863498,36.43183287327467,0 36.42665814638299,36.43183334624089,0 36.426446503245,36.43181807525303,0 36.42622801581943,36.43176008916634,0 36.4260887450161,36.43168045119045,0 36.42598887772187,36.43155259083308,0 36.42599505039944,36.43147243317934,0 36.42611966859077,36.43129034763178,0 36.42618490286823,36.43112984389546,0 36.42623056647778,36.43101749097514,0 36.42620982897654,36.43085195118896,0 36.42609679875624,36.43073482298895,0 36.42597715776663,36.43061771789669,0 36.42589712637441,36.43048978611333,0 36.42588288253045,36.43030285453398,0 36.42587548397707,36.43015863681782,0 36.42585506651071,36.43005186197053,0 36.42577491877976,36.42990256159236,0 36.4256353591712,36.42976949963369,0 36.42546318405286,36.42971668970288,0 36.42516560464733,36.42970172248284,0 36.4250667323324,36.42975549885804,0 36.42492178647512,36.4298468345699,0 36.4247440768936,36.4299917111407,0 36.42459263585219,36.43010443987507,0 36.42444824134148,36.43029727876351,0 36.42444891060464,36.43042015018528,0 36.42444949288581,36.43052699545361,0 36.42445688878605,36.43067121314675,0 36.42449763094617,36.43086873605835,0 36.42452520931549,36.43107699081104,0 36.4245259083288,36.43120520548999,0 36.42440737401828,36.43129110467265,0 36.42430841225826,36.43132885235576,0 36.42405704588688,36.43130303383778,0 36.42385221946174,36.43132513078135,0 36.42375313980924,36.43134150945861,0 36.42362779120331,36.43139003537301,0 36.42352908920366,36.43147586351702,0 36.42346350112286,36.43157225917217,0 36.42345767276328,36.43171652385624,0 36.42348452384126,36.43179122180582,0 36.42361779144352,36.43198307426091,0 36.42367126122398,36.43208973218556,0 36.42368500547482,36.43218584562043,0 36.42363266798524,36.43228753663895,0 36.42350093815144,36.43237882419931,0 36.42331640680274,36.43248632579697,0 36.42324417664138,36.43257740195939,0 36.42326450316295,36.4326681500352,0 36.42333766076716,36.43274802629627,0 36.42354318829678,36.43285414498507,0 36.42365610208413,36.43294990705977,0 36.42372296869976,36.43308857112049,0 36.42382271749064,36.43319506477339,0 36.42393519581946,36.43321069225618,0 36.42411364015899,36.43319937424509,0 36.42425253421001,36.43320956489809,0 36.42447154884128,36.43336371523877,0 36.42465095453962,36.43352869044114,0 36.42481052684535,36.43369373658717,0 36.42482415706797,36.43376848054663,0 36.42486429009522,36.43385381576634,0 36.42478553699502,36.43396094396633,0 36.42465383520928,36.43405757508307,0 36.42442960412993,36.43415987734482,0 36.42423828333751,36.43423535012249,0 36.42406638863175,36.43423596131492,0 36.4238484480703,36.4342794735058,0 36.42369662039009,36.43432275193767,0 36.42354011524941,36.43447797642634,0 36.42323155201224,36.43458315159774,0 36.42314263257676,36.43481244548659,0 36.42319517153332,36.4349996049577,0 36.42322273991969,36.43533256677385,0 36.42314478951568,36.43565692815759,0 36.42293516572079,36.43592643857204,0 36.42277020432611,36.4361751166183,0 36.42257339903055,36.43644974926486,0 36.42217260467727,36.43685431914479,0 36.42200062675925,36.43698931105725,0 36.42180931847567,36.43709852826522,0 36.42169443328406,36.4371454520996,0 36.42150253676665,36.43714612920317,0 36.42130416046375,36.43713132393884,0 36.42097763109396,36.43707562065185,0 36.42067651995065,36.43698881587974,0 36.42037588373771,36.43698987458545,0 36.4200821166341,36.437078775506,0 36.41983974516299,36.43720884332794,0 36.41968639521569,36.43724039433877,0 36.41944318782706,36.43721540556744,0 36.41920623715053,36.43716455236455,0 36.41898914392979,36.43723767445725,0 36.41886196286587,36.43737767385587,0 36.41872204422868,36.43752805390179,0 36.41867787912786,36.43764191855945,0 36.41867907332662,36.43786416487315,0 36.418602563798,36.43791095074656,0 36.41839884384773,36.43809256611561,0 36.41814353420207,36.43819683237928,0 36.41789484125197,36.43834242482993,0 36.41768461109204,36.43850338735606,0 36.41756988682167,36.43858131812017,0 36.41734633627176,36.43864412311228,0 36.41719937914055,36.43867564791325,0 36.41698900873423,36.43881076728263,0 36.4168554521071,36.43895595454838,0 36.41672217172259,36.43915282711662,0 36.41660129747355,36.43927729587174,0 36.41630971184571,36.43963128125895,0 36.41621299810096,36.43972923082784,0 36.41608951112363,36.43977965883439,0 36.41584235879333,36.4398471823716,0 36.41572164079786,36.43986426874887,0 36.41563626770404,36.43987885094391,0 36.41552128909835,36.43986734672935,0 36.41536810772616,36.43987502248888,0 36.41527087292059,36.43987536094113,0 36.41515895596417,36.4398852733157,0 36.41505599177278,36.43991658146848,0 36.41493232626324,36.43993367707678,0 36.41479977132035,36.43994127992876,0 36.41469958917635,36.43994162794697,0 36.41454628107877,36.4399254951948,0 36.41448421387122,36.43988999811019,0 36.41446037566709,36.4398400839882,0 36.414448349243,36.4397948906464,0 36.41446864587985,36.4397329189985,0 36.41452127789793,36.43965655039433,0 36.41452389522495,36.4395946408022,0 36.41452054342015,36.43951846664758,0 36.41450558329206,36.43947566383297,0 36.4144728547509,36.43941625794612,0 36.41440198679208,36.43938793420011,0 36.41429859272106,36.43933829567396,0 36.41424554401332,36.43933609953802,0 36.41413062969961,36.43933649819388,0 36.4138950103295,36.43935636175262,0 36.41370968399838,36.43941414290492,0 36.41357757070563,36.43950507178711,0 36.41344242306616,36.43957934452997,0 36.41331899782357,36.43964167287271,0 36.41318951563699,36.43967307135736,0 36.41296286077743,36.43971671041613,0 36.41277430775811,36.43972212422499,0 36.41267701027942,36.43971055640531,0 36.41251773445,36.43968015643914,0 36.41235561263534,36.43966881272905,0 36.41221703767823,36.43965262524648,0 36.4120760644719,36.43964644622241,0 36.41153047557795,36.43954609174002,0 36.40990336868618,36.43922925123171,0 36.40755968206398,36.43880790307241,0 36.40731211096022,36.4387236376564,0 36.4072023509109,36.43865199584135,0 36.40717756442897,36.43856042297272,0 36.40712411183271,36.43841002537052,0 36.40702201073743,36.4382532476206,0 36.40693643944697,36.4381586078288,0 36.4067050080586,36.4380611931014,0 36.40657507802789,36.43800598635335,0 36.40643302978733,36.43795736821079,0 36.40631527184716,36.4379053936108,0 36.4061973097177,36.43781413716723,0 36.40611167178233,36.4377064038265,0 36.40603825569176,36.43761172307227,0 36.40594841344989,36.43747454275535,0 36.40585484443852,36.43739957109403,0 36.40578585479989,36.43737689161168,0 36.40572096777383,36.43736401855903,0 36.40559541541885,36.43737099203575,0 36.40546596565012,36.43740743974976,0 36.40532477014713,36.43752249105532,0 36.4052036768403,36.43760801201391,0 36.40505029310464,36.43771655674294,0 36.40494554011139,36.43782821033447,0 36.40492559014427,36.43788720105151,0 36.40495847582329,36.43797874593575,0 36.4050032604158,36.43802114953996,0 36.40506038547148,36.43809951907046,0 36.40524362612106,36.4382789379175,0 36.40530083765782,36.43837367497707,0 36.40530939963836,36.43846202936107,0 36.40528148362565,36.43854723451243,0 36.40519283203025,36.43863919203733,0 36.40508402742241,36.4387508594355,0 36.40493877721508,36.43886592385441,0 36.40478962992181,36.43901046242919,0 36.40470519844736,36.43913514103597,0 36.40463276894646,36.43923031698033,0 36.40462910857983,36.43930561859293,0 36.40467803016951,36.43936437533482,0 36.40472678106465,36.43939039773774,0 36.40486466021284,36.43941611847109,0 36.40503910388942,36.43946135510623,0 36.40511258825208,36.43956913037159,0 36.40512944015531,36.43969346532523,0 36.40511383122863,36.43980808985586,0 36.40508603331273,36.4399162081159,0 36.40505811643963,36.44000141316567,0 36.40498163478304,36.44009660390547,0 36.40476781533531,36.44027082232764,0 36.4046547864004,36.44034976950031,0 36.4045658436291,36.44038607894054,0 36.40447283326022,36.44041912832603,0 36.40440792704928,36.44040298077297,0 36.40430240563501,36.44036733061517,0 36.40420895356765,36.44031527170835,0 36.40413955430111,36.44021402871345,0 36.40405367863437,36.44006046664121,0 36.40397212701939,36.43995926463956,0 36.40390700010514,36.43990056233154,0 36.40381771899892,36.43987140356217,0 36.40374082876216,36.43988803097761,0 36.40369655261107,36.43994382975643,0 36.40368061891376,36.43999625912651,0 36.40367288893665,36.44006830152895,0 36.40367336380787,36.44015995698968,0 36.40369002736311,36.44024828407402,0 36.40368261994126,36.44038252135299,0 36.40366290513225,36.44048733903691,0 36.40362693492406,36.44058239211447,0 36.40359072673997,36.44063161608834,0 36.40350602201579,36.44070391903786,0 36.40341297591915,36.4407304210436,0 36.40332388004303,36.44073726894285,0 36.40326311003754,36.44073747470038,0 36.40315765637424,36.4407149165201,0 36.40298712779329,36.44064347566155,0 36.40282059946553,36.44056220072475,0 36.40260516769817,36.44042544173491,0 36.40250742892836,36.44032756702217,0 36.40240528341093,36.44016096452307,0 36.40233602157291,36.44008590834115,0 36.40226684529762,36.4400272188256,0 36.40221412751343,36.44001757662819,0 36.40216146034437,36.44001775369374,0 36.40207258542957,36.4400671551499,0 36.40198374299781,36.4401231030007,0 36.40189496889555,36.44019214558455,0 36.40168524476129,36.44037616567039,0 36.40159229952245,36.44042230661351,0 36.40147918320646,36.44048488306486,0 36.40132965419641,36.44055740188092,0 36.40120419742455,36.44058401177061,0 36.40114351167288,36.44060058312002,0 36.40104256443857,36.44066639114605,0 36.40103874915066,36.44071223285069,0 36.40103903598032,36.44076788116249,0 36.40108810690882,36.44085609983341,0 36.40114047992995,36.44092101118268,0 36.40131573747581,36.44100463257826,0 36.40145374779811,36.44103676620623,0 36.40157164130339,36.44107983344084,0 36.40159874743381,36.44112048966208,0 36.40161244815758,36.44116934003591,0 36.40159922422104,36.44121284808789,0 36.40153893128537,36.44125651425224,0 36.40147858365186,36.44128931466518,0 36.4013712226494,36.4413331397344,0 36.40127380754407,36.44134976544295,0 36.40115629063897,36.44138004144681,0 36.40079006752775,36.44142745162588,0 36.40074662700684,36.44147921093797,0 36.40064607402823,36.44153931057735,0 36.40061959653688,36.441620893981,0 36.40065366370655,36.44170770620677,0 36.40073136693687,36.4417807905897,0 36.40085930664725,36.44181567510839,0 36.4009939274473,36.44184238744371,0 36.40113516161539,36.44184734611519,0 36.40128304946558,36.4418386992439,0 36.40176534398211,36.44179965661592,0 36.4018408033895,36.44179663071586,0 36.40193865581954,36.44181154689435,0 36.40204343372223,36.4418389131251,0 36.40216708052243,36.44186621520478,0 36.40229078476769,36.44190460554548,0 36.40239211059994,36.44192782537214,0 36.40251401998261,36.44195097507323,0 36.40269763926982,36.44196560135911,0 36.40280235289134,36.44198049407717,0 36.40287612713507,36.44198301676351,0 36.40296894152708,36.44201873855922,0 36.40303780471528,36.44206701418025,0 36.40310165258379,36.44214025417539,0 36.40321018488193,36.44222997457644,0 36.40331189833631,36.44232803440073,0 36.40340820865731,36.44237621689357,0 36.40348561346715,36.44241753399686,0 36.40356121058913,36.44244083994248,0 36.40367804836138,36.44247786544101,0 36.40378625092193,36.44250383296031,0 36.40394079638094,36.44253518714496,0 36.40399227071845,36.44253778444167,0 36.40411063703641,36.44253876947139,0 36.40421007671468,36.44252873127111,0 36.40432036709435,36.44251218054373,0 36.40445180375952,36.44245367621155,0 36.40450339914231,36.44239544264107,0 36.40454293488323,36.44232112167293,0 36.40461412205149,36.44219186071842,0 36.40466548299677,36.44208847128827,0 36.40475298990581,36.44202689025021,0 36.40484475621678,36.44201690267576,0 36.40496860961838,36.44203583557823,0 36.40504866836192,36.44207749510216,0 36.40511281006317,36.44212888519831,0 36.40516529335307,36.44224159939734,0 36.40529795379414,36.44241855085601,0 36.40547835109981,36.44256308609847,0 36.40569833525382,36.44264297571272,0 36.40579822077401,36.44265876391373,0 36.405921975004,36.44265834300641,0 36.40606568931613,36.44265785398519,0 36.40622537324118,36.44265731095497,0 36.40636529718656,36.44269554056784,0 36.4064533580423,36.44274039773215,0 36.40658553433054,36.44282381032785,0 36.40664972799424,36.44288487654357,0 36.40670607097633,36.44297177305523,0 36.4067505060887,36.44307161125956,0 36.40675724907277,36.4432178942212,0 36.4067577359028,36.4433110018674,0 36.40675253211159,36.44341809573918,0 36.40670994907126,36.44353928367566,0 36.40666454626052,36.4436721193001,0 36.40661026798684,36.44376075855014,0 36.40659335948477,36.44383297653079,0 36.40655076311776,36.44395183618332,0 36.40647634224624,36.44404519890401,0 36.40640164286936,36.44408502503318,0 36.40630970503526,36.44413422060087,0 36.40624349033168,36.44414375722736,0 36.40615990510517,36.44413705867909,0 36.40606180429999,36.44410945905589,0 36.40600682298282,36.44406309120669,0 36.40597761295714,36.44398637545451,0 36.40597730932327,36.44392818252747,0 36.40599125376957,36.44383968134788,0 36.40598216155505,36.44375358576335,0 36.40596465689652,36.44371174595086,0 36.40593272424764,36.44366529885606,0 36.40585177718181,36.44361203684871,0 36.4057565715562,36.4435867548647,0 36.40568447382785,36.44357303364342,0 36.40558344443804,36.44353613306879,0 36.40552277410797,36.44350375030511,0 36.40546490025696,36.44345506438665,0 36.40537223604606,36.44336459699142,0 36.40529699113225,36.44329967573214,0 36.40523055902465,36.44326731350505,0 36.40514697489555,36.44326061338626,0 36.40507783146249,36.4432608478886,0 36.40495394913198,36.44326126871928,0 36.40489921026379,36.44326145416197,0 36.40482707688955,36.44324074969251,0 36.40472309571574,36.44318989146378,0 36.40462470676867,36.44310642602405,0 36.40458982136428,36.44304602342337,0 36.40455224769737,36.44302287305256,0 36.40448580339857,36.44298818223233,0 36.40441076553404,36.44296283148196,0 36.4043042175202,36.44297250337902,0 36.40420368615835,36.44303103742537,0 36.40415778300293,36.44306843621357,0 36.4041379420627,36.44313135222245,0 36.40412676798771,36.44319889455987,0 36.40410977248834,36.44325481841955,0 36.40407839571572,36.44331544567164,0 36.40392963412526,36.44351846328748,0 36.40389547195904,36.44359772172882,0 36.40385000394718,36.44371891787284,0 36.40384469964409,36.44380739049299,0 36.40386520448372,36.44387249758575,0 36.40393784479756,36.44399096650883,0 36.40402464939675,36.44406283282527,0 36.40412010949914,36.44413699814882,0 36.40424732135559,36.44422269359808,0 36.40442350984245,36.44430822345392,0 36.4045562179697,36.44434268962816,0 36.40462535070441,36.4443401272928,0 36.40471452923239,36.44431421982276,0 36.40479515005391,36.44430463605652,0 36.40487583031527,36.44430669042928,0 36.40495947725556,36.44432502812375,0 36.40502593342662,36.44436204687736,0 36.40507808274948,36.44441773554926,0 36.40512166176756,36.44448741979995,0 36.40515079879616,36.44455017023626,0 36.40516559055492,36.44462460783365,0 36.40516887082119,36.44470141225519,0 36.40518098837658,36.44481543032569,0 36.40516999666976,36.44491788832831,0 36.40515022935291,36.44499477091961,0 36.40510445935265,36.44505777556933,0 36.40503871451548,36.44515809081057,0 36.40497298335408,36.44526073513049,0 36.40494165411262,36.44533067350549,0 36.40494194414793,36.44538653819384,0 36.4049738662959,36.44543065739676,0 36.40505210293734,36.44551651773202,0 36.40512150238958,36.44556516527067,0 36.40521979811053,36.44563000855047,0 36.40534409576904,36.44570872962887,0 36.40544538091661,36.4457945115293,0 36.40553487582865,36.44582912368033,0 36.40557510185324,36.44580803786451,0 36.40557961517669,36.44576893358366,0 36.40555804172661,36.44568783343053,0 36.40549403162259,36.44558124502663,0 36.40545112962983,36.44546603922684,0 36.40548774333409,36.44538901468179,0 36.4055297576945,36.44533333194836,0 36.40564055662578,36.44528596127421,0 36.40577239497204,36.44521715674626,0 36.40597850737794,36.44519509443219,0 36.40626440453757,36.44526247859898,0 36.40648171707306,36.4453600002846,0 36.40664581728903,36.44539361995049,0 36.40714791245168,36.44534491310326,0 36.4073220530332,36.44527596281031,0 36.40745393457218,36.44521570115695,0 36.40759105935165,36.44514687698813,0 36.40769677020323,36.44513797169736,0 36.40776562367378,36.44515909798112,0 36.40785060809805,36.44523143574343,0 36.40787758410377,36.44533387819999,0 36.40786248104802,36.44547918620499,0 36.40781571801365,36.44563741958626,0 36.40778463943551,36.44576142101627,0 36.40765920639772,36.44604381840303,0 36.40763346010382,36.44617634609637,0 36.40761840204343,36.44633019884509,0 36.40769823322224,36.44642818869406,0 36.4078572724667,36.44650454565941,0 36.40797369540135,36.44652123673102,0 36.40815337126753,36.44649926139405,0 36.40832238138902,36.4464602331812,0 36.40874482913196,36.44634770865417,0 36.40888222340615,36.44633014913643,0 36.40904101582605,36.44635951083162,0 36.40920001156405,36.44642732215419,0 36.40929017430025,36.44647828023933,0 36.4093804497404,36.44655059847241,0 36.40947083789558,36.44664427865663,0 36.4095454514235,36.44675510132762,0 36.40963050703789,36.44684025425234,0 36.40973664772537,36.44691251838418,0 36.40982678840673,36.44695920368327,0 36.40993272702583,36.446993017833,0 36.41005459592769,36.44703959424852,0 36.4101711100287,36.44707337192876,0 36.41027722855436,36.44714136319578,0 36.41035690737371,36.44720944551985,0 36.41043678787538,36.4473159775986,0 36.41046932671288,36.44746966715834,0 36.41081669193254,36.44816057747823,0 36.41083311806128,36.44826732720807,0 36.4107757616175,36.44842132579494,0 36.41068114029135,36.44852845810409,0 36.41063415609347,36.44864397046172,0 36.41065080891315,36.44879344156279,0 36.4107781491327,36.44887417617423,0 36.41095819073733,36.44892055165479,0 36.4112545009344,36.44895370895544,0 36.41171498257619,36.44903207356231,0 36.4119948327221,36.44909519256752,0 36.41246770674642,36.44923088115855,0 36.41321189337813,36.44924356602582,0 36.41335931644615,36.44926441650079,0 36.41357866925713,36.44931553387438,0 36.41375254896876,36.44933934491012,0 36.41402842954486,36.44936585273582,0 36.41422484402472,36.44936517080292,0 36.41430035561934,36.44935880544841,0 36.41441354067526,36.44933399965989,0 36.41457179315781,36.44926021165558,0 36.41467943359668,36.44916210316099,0 36.41476125044743,36.44901919081923,0 36.41476078518335,36.44893177495354,0 36.41475731329459,36.44881446440342,0 36.41472523232972,36.44867194776536,0 36.414707485904,36.44854778478134,0 36.41470122783925,36.44844198587298,0 36.41475458136831,36.44830147310881,0 36.41483347606722,36.4481447677315,0 36.41499205963427,36.44798088484793,0 36.41510542806444,36.44788157069371,0 36.41527283371001,36.44777056738047,0 36.41542913312538,36.44771251219019,0 36.41554283178796,36.44767530890822,0 36.41571330557303,36.4476057017969,0 36.4158408601245,36.44749713649252,0 36.41590870526625,36.44740488171291,0 36.41599622394691,36.44726424951863,0 36.41605227438969,36.44709612076143,0 36.4160542865845,36.44693968318774,0 36.41609368197334,36.44685212849944,0 36.4161730264616,36.4467805377209,0 36.41629516712158,36.44672490123732,0 36.41638909178603,36.4467176724634,0 36.41646598304111,36.44671970456335,0 36.41658299328053,36.44676990571378,0 36.4167402121174,36.44688437945883,0 36.41683469181313,36.44698066902054,0 36.41692924484651,36.44709076092689,0 36.41696962458642,36.44718723889907,0 36.41695580605852,36.44726550247217,0 36.41687366405027,36.44734630524501,0 36.41682549225293,36.44739018127329,0 36.4167345988302,36.44743190733977,0 36.41663800989011,36.44747365238935,0 36.41659268615276,36.44751751879819,0 36.41657319752058,36.44760040369531,0 36.41659089627504,36.44771536458329,0 36.41663133710402,36.44782334482218,0 36.41670875826649,36.44792429403336,0 36.4168231328911,36.44801361249144,0 36.41699422156885,36.44805902435058,0 36.41715368714201,36.44806076753046,0 36.41727027048284,36.44803045381835,0 36.41732699586763,36.44798884739547,0 36.41742344947308,36.44792179719537,0 36.41757058793269,36.44774874872608,0 36.41762420725895,36.44765884365748,0 36.41767215578678,36.44757355907781,0 36.41770014922894,36.4474837436233,0 36.41774820855842,36.44741916220146,0 36.41778492871188,36.44736382275687,0 36.41784452528249,36.44732680699887,0 36.41792708675585,36.44732421762866,0 36.4179784252975,36.4473401408891,0 36.41805001646616,36.44741580559293,0 36.41810178756684,36.44751224316551,0 36.41813402105193,36.44768236398314,0 36.41815438494305,36.44776280773419,0 36.41814944336173,36.44790315328065,0 36.41817251858916,36.44795828283822,0 36.41824138737348,36.44805696139694,0 36.4184129217413,36.44818518496707,0 36.41857853985098,36.44827202197494,0 36.41869546746242,36.44830611849726,0 36.41885214809381,36.44831937119103,0 36.4190374143281,36.44835322827531,0 36.41920541046174,36.44835263790015,0 36.41928507496229,36.44834085617562,0 36.4194671232192,36.44830571000372,0 36.41958922630661,36.44824316847186,0 36.41967699932257,36.44815084145939,0 36.41974469232849,36.44803098036841,0 36.41980402871467,36.44794565462001,0 36.4198920361052,36.44789703590458,0 36.4199802806738,36.44789212475165,0 36.4200771534974,36.44790328556786,0 36.42016563211408,36.44794208184108,0 36.42026291473903,36.4480291573292,0 36.4203288513065,36.4481117407873,0 36.42037462009562,36.44815068757863,0 36.42042331097577,36.4482034262797,0 36.42051484991573,36.44828131980489,0 36.42060909957585,36.44833389808952,0 36.42070052602725,36.4483910864351,0 36.42093463353052,36.44850528408905,0 36.42105730815135,36.44854856012897,0 36.42127415844291,36.44863061137639,0 36.4214140417744,36.44869683086762,0 36.42162805763088,36.44878119140152,0 36.42177082575182,36.44885430160714,0 36.42188223655838,36.44892062076215,0 36.42197092949539,36.44899852289158,0 36.42202833893763,36.4490834365477,0 36.42209455256774,36.44921662843925,0 36.42216648592562,36.44935440148267,0 36.4222414540985,36.44952666961822,0 36.42230468394801,36.44963456732771,0 36.42238805719857,36.44978150081116,0 36.42248275881521,36.44991689247159,0 36.42258582822797,36.45002004780052,0 36.42273423305921,36.45008163453706,0 36.4228339193018,36.45008588277975,0 36.42291646956292,36.45008098886679,0 36.42306151476988,36.45004826881118,0 36.42316677117484,36.45002949210136,0 36.42329491922441,36.45003133829986,0 36.42338627432662,36.45007472315801,0 36.42345486337084,36.45012048849775,0 36.4235122752294,36.45020540152203,0 36.42353557987436,36.4503019375913,0 36.42355332760448,36.45042379862919,0 36.42356535566612,36.45054107944413,0 36.42356884079918,36.45065838933708,0 36.42354075442427,36.45072980340441,0 36.42348716456639,36.45082431180326,0 36.42343080259093,36.45093263323935,0 36.42338875345124,36.45105470595136,0 36.42337224264856,36.45116058506155,0 36.42338139806208,36.45127327504861,0 36.42347907600814,36.45143165984677,0 36.42352478610142,36.45145910245293,0 36.42365883105131,36.45149773491793,0 36.42378423367057,36.45151799335869,0 36.4238953363142,36.45152680068966,0 36.42406902231381,36.45152388316507,0 36.42420566456738,36.45151649649686,0 36.42436498697614,36.4514906253679,0 36.42449873259992,36.45147404705343,0 36.42460701206633,36.45148746394519,0 36.4247666858424,36.45152600410784,0 36.42481832990577,36.45159713356257,0 36.4248387387732,36.45168447811613,0 36.42482502892425,36.45178114585723,0 36.42480263678169,36.45185253985571,0 36.42476929436843,36.45200448821888,0 36.42475579676381,36.45214026307021,0 36.42475066709633,36.4522438015056,0 36.42475420430088,36.45237031335805,0 36.4247688801992,36.45245077657294,0 36.42481209549583,36.45254264117847,0 36.42485786913535,36.45258158551435,0 36.42498780894174,36.45263931010998,0 36.42505787812149,36.4526339119037,0 36.42517853582991,36.4525562592046,0 36.42526702088174,36.45242209030027,0 36.42538725660233,36.45226721545072,0 36.42549485900992,36.45213297861626,0 36.4256982168907,36.45202928864066,0 36.42592762797744,36.45202847047002,0 36.42630402953877,36.45210435014604,0 36.42645068181789,36.45211927105052,0 36.42661636816134,36.45211867911197,0 36.42674345123897,36.45205129795951,0 36.42687031011481,36.45194273098365,0 36.42676823653543,36.45192250316712,0 36.42670411721819,36.4518506574799,0 36.42662702580584,36.4517376728103,0 36.42641611447974,36.45162516536857,0 36.42607778074611,36.45151826092027,0 36.4258663354471,36.45130793819782,0 36.42580454291658,36.45096794901784,0 36.42567267142374,36.45089967867595,0 36.42555657733027,36.45088759469034,0 36.42533984149483,36.45086024682983,0 36.42515792994138,36.45083589799746,0 36.42507640518257,36.450779946937,0 36.42502583753107,36.45072700913544,0 36.42506412051033,36.45065500817983,0 36.42517598918545,36.45060149313985,0 36.42525720732543,36.45060120398861,0 36.42540797273981,36.45058816798928,0 36.4255896606912,36.45057189765011,0 36.42573236674849,36.4504995247069,0 36.42577828115008,36.45040874841332,0 36.4258782558903,36.45030215732748,0 36.42601705979043,36.45022354878498,0 36.42615984968492,36.4501667966929,0 36.42629522974536,36.45016943830281,0 36.42638057137143,36.45021600144455,0 36.42638864827279,36.4502784638483,0 36.42635033231244,36.45034421617586,0 36.42631237513122,36.45047558277758,0 36.42629734952772,36.45055687405279,0 36.42631336682625,36.45065680243409,0 36.42636776801999,36.45070347670757,0 36.42645716650684,36.4507843955865,0 36.42661606090935,36.45084319368896,0 36.42670917201488,36.45089597792129,0 36.42694925096095,36.45094823719982,0 36.42712729422424,36.45097259630869,0 36.42727035938209,36.45096583491503,0 36.4273706420342,36.45091548365227,0 36.42742829505161,36.45084966134676,0 36.4274433529158,36.45077461898016,0 36.42745055708738,36.45067773215163,0 36.42741526976871,36.45059037083369,0 36.42736026692861,36.45043434068238,0 36.42732403631489,36.4501751327934,0 36.42732343638893,36.45006577648005,0 36.42734179797704,36.44988761122686,0 36.42736849232836,36.449818776188,0 36.42741820467327,36.44971548793965,0 36.42747585670102,36.44964966556238,0 36.42756054649026,36.44957749830879,0 36.42772256899882,36.44950192814746,0 36.42780746436653,36.44946725448762,0 36.42789242872172,36.44944507810097,0 36.42798524788035,36.44944474520342,0 36.42812459750859,36.44946611718905,0 36.42824093076148,36.4495219415211,0 36.42835726418577,36.44957776574577,0 36.4284388409408,36.44964308872265,0 36.42854353796339,36.44969270554689,0 36.42873713576215,36.44973262956221,0 36.42883769045258,36.44973226807593,0 36.42895368082372,36.44972560238033,0 36.42911195429471,36.44967191660876,0 36.42926637787117,36.4496213687275,0 36.42943236988374,36.44956452955142,0 36.42959827502016,36.44949206777549,0 36.4297448588058,36.44942280076969,0 36.42987992806496,36.44936919709043,0 36.43001499603027,36.4493155932263,0 36.43021582789014,36.44926487679072,0 36.43030084240312,36.44925207186542,0 36.43041691771441,36.44926102705354,0 36.43053710318684,36.44931371107413,0 36.43063791575705,36.44936021509937,0 36.43071176029054,36.44942556467633,0 36.43075468182324,36.44949414970886,0 36.43079410019598,36.4496283632345,0 36.43078318861798,36.44975338419219,0 36.43077201747671,36.44983153807025,0 36.43071077782771,36.4499473673757,0 36.43063391129144,36.45003513214454,0 36.43055305601096,36.45010103850466,0 36.43049551033187,36.45018560893145,0 36.4304765526247,36.45025441759903,0 36.43050024106474,36.45034181933259,0 36.43063206411983,36.45040071033125,0 36.43082561283056,36.45043125692298,0 36.43092230031942,36.45043090863778,0 36.43103437249268,36.45041488086248,0 36.4311424373364,36.4503738714056,0 36.43126191522781,36.45029845088188,0 36.43133501759155,36.45022944621755,0 36.43141575058369,36.45014166780896,0 36.43151571752203,36.45003507167176,0 36.43160055975794,36.44999102112594,0 36.43170852035814,36.44993126465489,0 36.43198647701877,36.44983964681143,0 36.4321216490743,36.44980478793104,0 36.43234950126265,36.44974459608618,0 36.43249252805401,36.44973158006168,0 36.43270928039267,36.4497620398901,0 36.43296854086754,36.44978609592474,0 36.43317344787772,36.44977285514192,0 36.4333124514725,36.44973173072548,0 36.43343589715587,36.44967504114332,0 36.43357078969038,36.44959018842674,0 36.43372104724921,36.44948653251476,0 36.43387916093419,36.44940471962473,0 36.43398711906859,36.44934496098354,0 36.43417223450688,36.44925055130928,0 36.43437322047705,36.44922794840092,0 36.43453659131718,36.44924395698325,0 36.43487632969129,36.44926902761111,0 36.43518337828564,36.44927166701742,0 36.43545287652226,36.44921430948114,0 36.43557361673564,36.449176285703,0 36.43574056039778,36.44908171812273,0 36.43586551091975,36.44896475277861,0 36.43586506907942,36.44888582957604,0 36.43582726462247,36.44878073478756,0 36.43575694029492,36.44868327483241,0 36.43569591874952,36.44858578048886,0 36.4356582834843,36.44851075147876,0 36.43568569031307,36.44842045107715,0 36.43575458619854,36.44826234901699,0 36.43593508423226,36.44809632372174,0 36.43609747793666,36.44802056336518,0 36.4363063279156,36.44793335848846,0 36.43643660122748,36.44793664121362,0 36.43656708525428,36.44797750517445,0 36.43687038267881,36.44814176238509,0 36.4371784190886,36.44832103459359,0 36.43740230032665,36.44842544804291,0 36.43769139243935,36.44854465533243,0 36.43791499970612,36.44860021041557,0 36.4380543251019,36.44855835726988,0 36.43808661320974,36.44850938082655,0 36.43813727707155,36.44841899436977,0 36.43815539866416,36.44833248649005,0 36.43811763405057,36.44823490787731,0 36.43801916238585,36.44809621079938,0 36.43792515346756,36.44792367279369,0 36.43792468925393,36.44784099084276,0 36.43794306384084,36.44779958174109,0 36.43800785197588,36.4477392103012,0 36.43817030712536,36.44767472306555,0 36.43844423652283,36.44757975883549,0 36.43853699903577,36.4475305594947,0 36.43868558186752,36.44748115536316,0 36.43883431322281,36.44745805822208,0 36.43899277174406,36.44751009274759,0 36.43910029341841,36.44760365567588,0 36.43920792133925,36.44771600922844,0 36.43938046411862,36.4477905407697,0 36.43964591613585,36.44784218080296,0 36.43998550074366,36.44784092947916,0 36.44011547721457,36.44779159201161,0 36.44023117888457,36.44768593154938,0 36.44036950117189,36.44746743806653,0 36.44044741441257,36.44726044246949,0 36.44061356221535,36.44702681249922,0 36.44072947474179,36.44695873382571,0 36.44087338250141,36.44690558645159,0 36.44108721546117,36.44687848813494,0 36.44128259078146,36.44687776529111,0 36.44164092813103,36.44690274855844,0 36.44178987090302,36.4469172309251,0 36.44198129747262,36.44704054752113,0 36.44205662236928,36.4471981184821,0 36.44210403565153,36.44735579298708,0 36.44210510239333,36.44754370577113,0 36.44211974043847,36.44766391802093,0 36.4421760320935,36.44774639293977,0 36.44230645336946,36.44777597642457,0 36.44241782110726,36.4477267060805,0 36.44244999942038,36.44765893668633,0 36.44243984175471,36.44750864111887,0 36.44243442165537,36.44737336107878,0 36.44244739522118,36.44720042892952,0 36.44253014590758,36.4470272388844,0 36.44259469475246,36.44692552459785,0 36.4426827800958,36.4468725815244,0 36.44278014728781,36.44681584479666,0 36.44287747223019,36.44675159241949,0 36.44306309455929,36.44667197895265,0 36.44323506109704,36.44664503203942,0 36.4434541438868,36.4467231435883,0 36.44358040479174,36.44683918219288,0 36.44372559435107,36.44701152661374,0 36.44388435536369,36.44711616920208,0 36.44394547077209,36.44722869176926,0 36.44396013327759,36.44735266260442,0 36.44397020840648,36.44748792520205,0 36.44407790730458,36.44761154979431,0 36.44421304543768,36.44765238889598,0 36.4444038139364,36.44765919499208,0 36.44460849513758,36.44765843266099,0 36.44478063359846,36.44766155039189,0 36.4449342950042,36.44768728566672,0 36.44510671349064,36.44773925964917,0 36.44525595935266,36.44780635316841,0 36.44534025127489,36.44790375535573,0 36.44535472177949,36.44799390144321,0 36.44542034146661,36.44808009855905,0 36.44553698242709,36.44813979628463,0 36.44565338677847,36.44815815367103,0 36.44583017892244,36.44816125148849,0 36.44590480199583,36.44819479783156,0 36.4459843568651,36.44827718418699,0 36.44598491662258,36.44837489853214,0 36.44592945936275,36.44843899719441,0 36.44573421009202,36.4484622769898,0 36.4456322555607,36.44853030705319,0 36.44559101142323,36.44863945269766,0 36.44551270297986,36.448775045063,0 36.44549937102129,36.44888408630006,0 36.44557037473097,36.44909804697321,0 36.44579431161761,36.44920996072897,0 36.44595267130961,36.44924319374582,0 36.44618085175534,36.44928368306118,0 36.4462883206493,36.44936596474585,0 36.44638202702474,36.44948212280895,0 36.44642003874432,36.44962103852998,0 36.44639425892427,36.44999321058581,0 36.44634015797873,36.4502940791923,0 36.44634112691975,36.45046320059253,0 36.44630959653397,36.45064371839091,0 36.44625924265674,36.45078672312732,0 36.44618993590559,36.45086966531761,0 36.44609291030554,36.45098653657993,0 36.44596782120739,36.45107720405296,0 36.44579166754201,36.45118685343919,0 36.44564359712786,36.45132646499395,0 36.44556509259646,36.45142823261791,0 36.44547267453876,36.45153756927855,0 36.44536623547424,36.45163568328473,0 36.44526440648374,36.4517262631983,0 36.44516699125974,36.45177548435124,0 36.44506468913691,36.45178338277947,0 36.44490638873769,36.4517614226677,0 36.44476223912938,36.45177323535812,0 36.44462256879871,36.45175496352353,0 36.44446435523173,36.4517480367089,0 36.44429698806592,36.45176745100311,0 36.44417168144101,36.45182053406131,0 36.44411152530316,36.45187713270156,0 36.44404232236708,36.451978865144,0 36.4440195762645,36.452069150282,0 36.44403863457608,36.4521480038179,0 36.44404405841566,36.45228328383441,0 36.44404019857896,36.45242235658,0 36.44399903639491,36.45254653441197,0 36.44395755288479,36.45261433910295,0 36.44391148152729,36.45269343551713,0 36.44383734705115,36.45274632772168,0 36.44365636323598,36.45282592522926,0 36.44352168648563,36.45286776728912,0 36.4433732880403,36.4529510026013,0 36.44323425726768,36.45304547706887,0 36.4431090558487,36.45311734964503,0 36.44296509559373,36.4531629846194,0 36.44284431019298,36.45319349930244,0 36.44259347683218,36.45326207959159,0 36.44236588284849,36.45332681449188,0 36.44225916062702,36.45337606885668,0 36.44211039708303,36.4533954111549,0 36.44198971758847,36.45344471656447,0 36.44194814681864,36.45349748752786,0 36.44200448523865,36.45358747819139,0 36.4420885871224,36.45365105902657,0 36.44223792629442,36.45373318864081,0 36.44238248593994,36.45379278609201,0 36.44259215595518,36.45384838443389,0 36.44275959267397,36.45384024610151,0 36.44296889956906,36.45383195333043,0 36.44312259278886,36.45386144913927,0 36.4432996124284,36.45390213359885,0 36.44345808718833,36.45395416187238,0 36.44361188781038,36.45400244870018,0 36.44376588212415,36.45408455903718,0 36.44386880891618,36.45418565119277,0 36.4440230179432,36.45430534449289,0 36.44412114335317,36.45438014581846,0 36.4443679908741,36.45442808571718,0 36.44452610267587,36.45441622213156,0 36.44471673724744,36.45439672024556,0 36.44491176664775,36.45433210167894,0 36.44511607848479,36.45426368994924,0 36.44523234107643,36.45425573995154,0 36.44529768684679,36.45429307880286,0 36.44536828736971,36.45443563262394,0 36.44541579779651,36.45460833815338,0 36.44548633481337,36.45473961675845,0 36.44555661273385,36.4548257955205,0 36.44568749984279,36.45493429840477,0 36.4458503717569,36.45494120719486,0 36.44601744472682,36.4548691747228,0 36.44618921256939,36.45480464092321,0 36.44635163325751,36.45473262552875,0 36.44654213892028,36.4546905712844,0 36.44674194886242,36.45464848246566,0 36.44690421636351,36.45455015810594,0 36.44707537855688,36.45438039216904,0 36.44723279953475,36.45424826119699,0 36.44734854455948,36.45415011039896,0 36.44748785161864,36.45410448860894,0 36.44764628633165,36.45414899404223,0 36.44780026366781,36.45422734154634,0 36.44810847790922,36.45442913490692,0 36.448388261654,36.45454083373947,0 36.44859313281745,36.45457013120377,0 36.44887231113449,36.45457659806051,0 36.44916992569019,36.45455292850511,0 36.4497092168523,36.45448700599275,0 36.44985828352456,36.45452026965319,0 36.44997950266771,36.45456491188712,0 36.44998937149767,36.45466259180469,0 36.44993856544886,36.45472667452868,0 36.44988310757822,36.45479077584331,0 36.44976258258038,36.45486639650598,0 36.44955396919654,36.45499496506264,0 36.44947083467488,36.45510051163702,0 36.44948548598871,36.45522072337235,0 36.44962116149664,36.45535175395576,0 36.44975629536997,36.45538882779018,0 36.44997486608406,36.45537297093232,0 36.45029572251763,36.45534545233034,0 36.45054218488523,36.4553257303071,0 36.45087271558957,36.4553620653627,0 36.45111972167268,36.45543629881188,0 36.451315706232,36.45553703262643,0 36.45143279819008,36.45567189011612,0 36.4514475174681,36.45580337601058,0 36.45139725693436,36.45596141606027,0 36.4513935185017,36.45611927936889,0 36.45142660862891,36.45620935485305,0 36.45151587446716,36.45635935004204,0 36.45167027373703,36.45650909912398,0 36.45189924254763,36.45668111490544,0 36.45208114253099,36.45675935142256,0 36.4521559295953,36.45681920154605,0 36.45210527674789,36.45690959339433,0 36.45203099149926,36.45693618253982,0 36.45187300713019,36.45697060544268,0 36.45172417451811,36.45697868618959,0 36.4515431450815,36.45705077906784,0 36.45143674935263,36.45715641492325,0 36.45138618336893,36.45726183943164,0 36.45139142315753,36.45736329392226,0 36.45142907877852,36.45743831865352,0 36.4515317585131,36.45749430481709,0 36.45162506865717,36.45753905214265,0 36.45189530107394,36.45760567893741,0 36.45213779438349,36.45770247695646,0 36.45223604109051,36.45779606283471,0 36.45225982792474,36.4578861728063,0 36.45222795819328,36.45800655949676,0 36.45218669754577,36.45811194967729,0 36.45215915371227,36.4581759452796,0 36.45216430755193,36.45826236677323,0 36.45221133420318,36.4583486309123,0 36.45232349574592,36.45843464689053,0 36.45239369758475,36.45850578900991,0 36.45245496572375,36.458640856479,0 36.4524371640855,36.45877998245892,0 36.45235903222219,36.45894564521105,0 36.45227152891035,36.45910006825789,0 36.45216524124373,36.45922449547512,0 36.4520680613368,36.4593150632236,0 36.45191492094978,36.45938329289083,0 36.45166912190837,36.45951952339842,0 36.4515490272434,36.45967031055977,0 36.45149854637436,36.4597907680007,0 36.4515318544274,36.45991842501681,0 36.45161636344999,36.46004964720408,0 36.45181723085458,36.46018794443088,0 36.45192961331826,36.4603115442415,0 36.45190698217992,36.46042062092025,0 36.45187028481232,36.46051096012057,0 36.45177756034628,36.46056768601486,0 36.45163835249049,36.46063210410193,0 36.451489774338,36.46068528324248,0 36.45131330115079,36.46074232554128,0 36.45106267011568,36.4608485054381,0 36.45091874326488,36.46090166608622,0 36.45071891997999,36.46094376224902,0 36.45043969645799,36.4609335419219,0 36.45021621916941,36.46090807648356,0 36.45003037479081,36.46095387705633,0 36.44995627980986,36.46101429025197,0 36.44982228665242,36.4611764027741,0 36.44967366255645,36.46122206306151,0 36.44959893910461,36.46117348652267,0 36.44949586458936,36.46104984928016,0 36.44939763930109,36.46096001985529,0 36.44924827746927,36.46087789933495,0 36.44913183244229,36.46085578694011,0 36.44897351331649,36.46083383331408,0 36.4487594273505,36.46082336280399,0 36.44857291110729,36.46075265601975,0 36.44842355170842,36.46067053453709,0 36.44821810071327,36.46054352276506,0 36.44804052344177,36.46040888938927,0 36.44785366339878,36.46027804968912,0 36.44764825797714,36.46015855349439,0 36.44751285901081,36.46007637814589,0 36.44731652246196,36.45991550602859,0 36.44721797680307,36.45976930087944,0 36.44707716962324,36.45955560377349,0 36.44698792991002,36.45940936329512,0 36.44685662481131,36.45922945545356,0 36.4467212478293,36.4591510370366,0 36.44656728394473,36.45907644655053,0 36.44638603005632,36.45911094970999,0 36.44621414510515,36.45915669264301,0 36.44596327412818,36.45922152155354,0 36.44566598606028,36.45930531507061,0 36.44548929763715,36.45932476634575,0 36.4452241239529,36.45932951441812,0 36.44503332783101,36.45932270944245,0 36.4447357375806,36.45935388526731,0 36.44460104982332,36.45939572808361,0 36.44432236880223,36.45947944909357,0 36.44421077300579,36.45949114001797,0 36.44412226741523,36.45947267759899,0 36.44380606514121,36.45950392000959,0 36.44368085340001,36.45957579452921,0 36.44353235776137,36.45964399565303,0 36.44343000083566,36.45964437665609,0 36.4432531181722,36.45962999999836,0 36.44307134852034,36.45957430040619,0 36.44287993134241,36.4594585018382,0 36.4426743217362,36.4593014150994,0 36.44255734701378,36.4591853410727,0 36.44240321615893,36.45908067949528,0 36.44224451772017,36.45899106713746,0 36.44200220285581,36.45892431515328,0 36.44176014434261,36.45890266147043,0 36.44152286692751,36.45890353933233,0 36.44126243285547,36.45892329419765,0 36.44103418232311,36.4588752797988,0 36.44090811828934,36.45879682035724,0 36.44082825949079,36.4586618152808,0 36.4407810116648,36.45853420706865,0 36.44072864329469,36.45832393331345,0 36.44070461565097,36.45818872283034,0 36.44063423318362,36.45808374972324,0 36.44053606396307,36.45800142814881,0 36.44047558179335,36.45800165162478,0 36.44041994341575,36.45803568226101,0 36.44038316988579,36.45811474232569,0 36.44035580723991,36.45821256022254,0 36.44031433876918,36.45828412112662,0 36.44026817543782,36.45834818287791,0 36.44019887667883,36.45843488055738,0 36.44011993329934,36.45846147936131,0 36.43999930887896,36.45852205750702,0 36.4398784080405,36.45853377809857,0 36.43969101203566,36.45851679304438,0 36.43950304850126,36.45841369165041,0 36.4392989523804,36.45829767476003,0 36.43916469714737,36.45822464886025,0 36.4390144539386,36.45816465502765,0 36.43882057798269,36.45796210581796,0 36.43869617823494,36.45773767693351,0 36.43858255945342,36.45752618169066,0 36.43846414761836,36.45741417360945,0 36.43820688412936,36.45736322181946,0 36.43799254707481,36.45732941044726,0 36.43770819997378,36.45722233528016,0 36.43743947740264,36.45703735741241,0 36.43721268624414,36.45669220898459,0 36.4371317041894,36.45657141359116,0 36.43689995004053,36.45629547867699,0 36.43682439505568,36.45618763713819,0 36.4366844521457,36.45605408167945,0 36.43658762960713,36.45597226625513,0 36.43647506051561,36.45594672990207,0 36.43629289731258,36.45592144700161,0 36.43610581660746,36.45597402814899,0 36.43599375604396,36.45603930792831,0 36.43584959976658,36.45610903027584,0 36.43561419129889,36.45613583777069,0 36.43544273404636,36.456110515159,0 36.43524422080134,36.45603339420481,0 36.43499764667109,36.45597807175057,0 36.43470843739543,36.45595750161546,0 36.43448906615242,36.45597992382245,0 36.43425908349357,36.45601968366712,0 36.43402890793215,36.45602484526917,0 36.43386306987954,36.45604707234776,0 36.43367521725153,36.4559612602698,0 36.43363721307072,36.45586625369666,0 36.43365279180953,36.45577970281444,0 36.43369506508176,36.45568008040936,0 36.43376413075754,36.45558468447668,0 36.43382776946708,36.45547633521779,0 36.4338913370033,36.45535501177162,0 36.43385323593117,36.45524270635262,0 36.43372938520279,36.45511341506817,0 36.43360015665729,36.45497981713335,0 36.4334600538154,36.45481598602202,0 36.43328262124241,36.45467823853609,0 36.43314854573549,36.45463547843442,0 36.43297147618377,36.45456260048952,0 36.43271950681148,36.45449864228463,0 36.43251562240401,36.45441721136572,0 36.43230619188326,36.45430120226716,0 36.43209719514788,36.45426303693041,0 36.43195265428263,36.45426355992276,0 36.43180249644738,36.45421653074402,0 36.43167339268149,36.45410455449606,0 36.43161916442333,36.45397933321836,0 36.43155386969918,36.45378928094031,0 36.43155327115673,36.45368116474527,0 36.43143461207228,36.45352157832984,0 36.43127331794992,36.45339674340717,0 36.43110703038572,36.45333679808358,0 36.43089261193789,36.45328567559675,0 36.43074286279785,36.45331216448724,0 
							</coordinates>
						</LinearRing>
					</outerBoundaryIs>
					<innerBoundaryIs>
						<LinearRing>
							<coordinates>
								36.43748576052973,36.45265057582416,0 36.43743565338184,36.45268956819274,0 36.4374107802747,36.45274140384343,0 36.43739552509093,36.45287636587169,0 36.43739865381936,36.45302604464763,0 36.43741983286602,36.45313130451666,0 36.43743187221165,36.45323844632308,0 36.43743930527798,36.45334006092622,0 36.43743083070518,36.45346021322685,0 36.43740867113877,36.45358780878208,0 36.43736807566994,36.45369144681412,0 36.43727966997977,36.45383591634592,0 36.43720709063016,36.45394706404898,0 36.43714797655922,36.4540119621314,0 36.43704131146302,36.45416389086397,0 36.43696895922607,36.45431569337772,0 36.436946487531,36.4543878487715,0 36.43693807417697,36.45451908952767,0 36.43695219368827,36.45458926251487,0 36.43696620875435,36.45464095667946,0 36.43701215720633,36.45467590046092,0 36.43703744571244,36.45469798466179,0 36.43711993277726,36.45472170700119,0 36.43724144535922,36.45476931007124,0 36.43729424657476,36.45480238127057,0 36.4373267191211,36.45488172762145,0 36.43734996838781,36.45494817175604,0 36.43738007032867,36.4550127415983,0 36.437412470185,36.45507915249056,0 36.43744249936449,36.45513078688006,0 36.43749068392675,36.45515648300427,0 36.43755487169419,36.45518027156796,0 36.43759833589706,36.45518011205323,0 36.4376371113299,36.45515964211354,0 36.43773507309513,36.45508720926124,0 36.43775993514046,36.45503352576331,0 36.43780761166403,36.45496867011168,0 36.43782698149255,36.45494419808679,0 36.43787802745513,36.4548797058842,0 36.43797599919503,36.45480912150402,0 36.43809462143535,36.45474954955652,0 36.43830473659708,36.45468779305001,0 36.4385881683968,36.45464609525072,0 36.43870700799519,36.45462533078646,0 36.43883487307896,36.45458235574849,0 36.43893742886869,36.45451360208729,0 36.43902161049468,36.45443197870197,0 36.43913557299934,36.45435763865536,0 36.43923142202309,36.45431663001494,0 36.43930233709405,36.45431636882339,0 36.43938485640363,36.45434563299796,0 36.43945840240031,36.45440634748691,0 36.43956414221751,36.45449651106888,0 36.43966306048798,36.45459409235594,0 36.43975483577435,36.45464180352681,0 36.43982591779066,36.45467110941561,0 36.43994733646051,36.45470207871652,0 36.44004575539556,36.45471095576255,0 36.44018055527054,36.4546808907439,0 36.44028783141025,36.45463799050934,0 36.44041559160151,36.45457653401486,0 36.44053191268041,36.45451511942824,0 36.44064826546698,36.45445924991441,0 36.44073274951941,36.45443121758957,0 36.44081266840129,36.45440504928722,0 36.44092695268463,36.45438799535452,0 36.44100930566055,36.45438769103394,0 36.44111231923016,36.45440024644253,0 36.44121080077613,36.45442021108338,0 36.44129099102214,36.4544420904906,0 36.44136878005139,36.45444365095185,0 36.44141681857309,36.45444347369605,0 36.44146696765335,36.45441187172419,0 36.44150791292987,36.45437106338932,0 36.44150526972694,36.45430824070245,0 36.4415320604129,36.45419171547133,0 36.44153826282692,36.45407526686297,0 36.44152865210669,36.45399398937054,0 36.4414339615844,36.45383540971481,0 36.44131444318499,36.45373605773641,0 36.44121801021743,36.45367358175365,0 36.44108032787948,36.45359832155587,0 36.44091760765834,36.45354532936587,0 36.4407823919224,36.45350147635459,0 36.44068163499454,36.45348336780948,0 36.44053053158278,36.4534617500302,0 36.44033367661316,36.45344029940248,0 36.44022155555884,36.45343516889915,0 36.43997177499308,36.4533584733646,0 36.43987070527364,36.45328492494612,0 36.43980395922222,36.45321309730705,0 36.43971175892893,36.45308961953029,0 36.4396700515103,36.45299552392851,0 36.43965150051604,36.45295123922183,0 36.43962349797262,36.45285339654862,0 36.43957714187071,36.45274638170826,0 36.43951046972723,36.45268749028525,0 36.43945079640668,36.45265259802453,0 36.43937302101592,36.45265288420437,0 36.43927923241807,36.45265322943461,0 36.43916490797643,36.45266289069087,0 36.43908500107577,36.45269090484029,0 36.43899153565737,36.45274853682381,0 36.43890491072703,36.45280244832268,0 36.43885944121298,36.45285251272762,0 36.43877786096716,36.45298956668778,0 36.43870276749041,36.4530600671478,0 36.43860699281304,36.4531140126728,0 36.43847448248966,36.45314406743992,0 36.43837160545559,36.4531555338106,0 36.43823439446755,36.45316342919588,0 36.43811083648018,36.45315833859182,0 36.43796883201495,36.45312744354033,0 36.43788617927483,36.45307415445456,0 36.43782172258767,36.45300231723147,0 36.43778247180467,36.45293778079438,0 36.43774526851272,36.45283073116681,0 36.43772417255854,36.45274025547893,0 36.43768020050905,36.45264986339402,0 36.43761595243898,36.45261498641892,0 36.43755418922559,36.45261521251139,0 36.43748576052973,36.45265057582416,0 
							</coordinates>
						</LinearRing>
						<LinearRing>
							<coordinates>
								36.43643577283264,36.45509301613011,0 36.43633942818531,36.45504612259968,0 36.43620144233852,36.45502300395661,0 36.43605926083207,36.45499652612821,0 36.4358327946132,36.45483874349954,0 36.43570286225494,36.45476159970985,0 36.43551473046198,36.45473528880915,0 36.43533928150296,36.45473592917019,0 36.43516411486781,36.4547871878566,0 36.43504325395973,36.45483824865085,0 36.43491428254005,36.45493320973498,0 36.43474365085433,36.45504857042048,0 36.43463533989791,36.45510296043434,0 36.43446013452413,36.45514746865204,0 36.4342348377357,36.45519890856678,0 36.43403870813576,36.45523674382696,0 36.43399303840847,36.45528753017948,0 36.4340101059248,36.45535158699813,0 36.43413984899148,36.45539498567856,0 36.43430713287715,36.45542812434385,0 36.43455800331531,36.45546770740286,0 36.4348256398032,36.45551735247476,0 36.43514767645027,36.45558367274971,0 36.43540285751547,36.4556468613002,0 36.43556615417816,36.4557137590074,0 36.43576702832368,36.45577714462097,0 36.43602629235845,36.45582344364269,0 36.43620987185162,36.45578227652206,0 36.43631389224506,36.45570765348002,0 36.43639676009372,36.45558586202589,0 36.43647550613541,36.45547420933436,0 36.4365288295242,36.45529853142678,0 36.43649058933173,36.45518393190862,0 36.43643577283264,36.45509301613011,0 
							</coordinates>
						</LinearRing>
						<LinearRing>
							<coordinates>
								36.3769974914975,36.40062050022184,0 36.3769191282899,36.40067961746294,0 36.37694298886827,36.40079492730826,0 36.37700174612167,36.40089835241717,0 36.37711868197036,36.40098511048958,0 36.37731152397369,36.40110695115166,0 36.37752460821325,36.40119811447099,0 36.37778421998861,36.40127264699378,0 36.37795892369682,36.40125796565581,0 36.37810419210563,36.40117979799791,0 36.37822884104698,36.40105459897514,0 36.37828064503809,36.40092492104993,0 36.37825970701347,36.40081195669304,0 36.37818945607751,36.40074153567777,0 36.37810766754314,36.40069469822659,0 36.37797637223211,36.4006503726585,0 36.37777811538118,36.40061332322663,0 36.37763527139097,36.40059022745896,0 36.37730318272329,36.40058656757942,0 36.37711380115204,36.40057774625495,0 36.3769974914975,36.40062050022184,0 
							</coordinates>
						</LinearRing>
						<LinearRing>
							<coordinates>
								36.42941009285878,36.45113625551742,0 36.42934076959172,36.45118962256398,0 36.42930632266859,36.45125536191589,0 36.42932222386942,36.45133341859166,0 36.42938083970801,36.45144256696545,0 36.429477839067,36.45149845926898,0 36.42953973675567,36.45150136128181,0 36.42961310051249,36.45147922573055,0 36.42967467123859,36.45142276151209,0 36.42965081132412,36.45130411496675,0 36.42960775127612,36.45121053396701,0 36.42954556043991,36.45115451583742,0 36.42947197292323,36.4511360334435,0 36.42941009285878,36.45113625551742,0 
							</coordinates>
						</LinearRing>
						<LinearRing>
							<coordinates>
								36.43872165374553,36.44938056560499,0 36.43872623011709,36.44949219127564,0 36.43875851690157,36.44961647519425,0 36.43879455445172,36.44970565650411,0 36.43894909212091,36.4498039719543,0 36.43905201624033,36.44985144077601,0 36.43917049976012,36.4498573839147,0 36.43927695866363,36.44983147446482,0 36.4394027626067,36.44973531738825,0 36.43945742687724,36.44962666311453,0 36.43949631493172,36.44952125626806,0 36.4395193922806,36.44941271885479,0 36.43950693566503,36.44930431185935,0 36.43947875876144,36.44920872122637,0 36.43943875436096,36.44911636456008,0 36.43935916098162,36.44900501494218,0 36.43925607639805,36.44892883892624,0 36.43917307349069,36.4489131958245,0 36.43904287291195,36.44892962353342,0 36.43891681862672,36.44898112407663,0 36.43879108653088,36.44909003944654,0 36.43874046026992,36.44921462685233,0 36.43872165374553,36.44938056560499,0 
							</coordinates>
						</LinearRing>
					</innerBoundaryIs>
				</Polygon>
			</MultiGeometry>
		</Placemark>
	</Folder>
</Document>
</kml>
