<?xml version="1.0" encoding="UTF-8"?>
<kml xmlns="http://www.opengis.net/kml/2.2" xmlns:gx="http://www.google.com/kml/ext/2.2" xmlns:kml="http://www.opengis.net/kml/2.2" xmlns:atom="http://www.w3.org/2005/Atom">
<Document>
	<name>Doğal Sit_37.kml</name>
	<Style id="PolyStyle130000">
		<LabelStyle>
			<color>00000000</color>
			<scale>0</scale>
		</LabelStyle>
		<LineStyle>
			<color>7f6e6e6e</color>
			<width>0.4</width>
		</LineStyle>
		<PolyStyle>
			<color>7f0055ff</color>
		</PolyStyle>
	</Style>
	<Style id="PolyStyle1900">
		<LabelStyle>
			<color>00000000</color>
			<scale>0</scale>
		</LabelStyle>
		<LineStyle>
			<color>7f6e6e6e</color>
			<width>0.4</width>
		</LineStyle>
		<PolyStyle>
			<color>7f0000e6</color>
		</PolyStyle>
	</Style>
	<Style id="PolyStyle60">
		<LabelStyle>
			<color>00000000</color>
			<scale>0</scale>
		</LabelStyle>
		<LineStyle>
			<color>7f000000</color>
			<width>0.4</width>
		</LineStyle>
		<PolyStyle>
			<color>7f00aaff</color>
		</PolyStyle>
	</Style>
	<Folder id="GroupLayer18">
		<name>Doğal Sit_37</name>
		<Snippet maxLines="0"></Snippet>
		<Folder id="FeatureLayer19">
			<name>Kesin_Koruma_37</name>
			<Snippet maxLines="0"></Snippet>
			<Placemark id="ID_190000">
				<name>Şarlak Şelalesi</name>
				<Snippet maxLines="0"></Snippet>
				<description><![CDATA[<html xmlns:fo="http://www.w3.org/1999/XSL/Format" xmlns:msxsl="urn:schemas-microsoft-com:xslt">

<head>

<META http-equiv="Content-Type" content="text/html">

<meta http-equiv="content-type" content="text/html; charset=UTF-8">

</head>

<body style="margin:0px 0px 0px 0px;overflow:auto;background:#FFFFFF;">

<table style="font-family:Arial,Verdana,Times;font-size:12px;text-align:left;width:100%;border-collapse:collapse;padding:3px 3px 3px 3px">

<tr style="text-align:center;font-weight:bold;background:#9CBCE2">

<td>Şarlak Şelalesi</td>

</tr>

<tr>

<td>

<table style="font-family:Arial,Verdana,Times;font-size:12px;text-align:left;width:100%;border-spacing:0px; padding:3px 3px 3px 3px">

<tr>

<td>SHAPE</td>

<td>Polygon</td>

</tr>

<tr bgcolor="#D4E4F3">

<td>Adı</td>

<td>Şarlak Şelalesi</td>

</tr>

<tr>

<td>SHAPE_Length</td>

<td>1594.899991</td>

</tr>

<tr bgcolor="#D4E4F3">

<td>SHAPE_Area</td>

<td>37719.765882</td>

</tr>

</table>

</td>

</tr>

</table>

</body>

</html>]]></description>
				<styleUrl>#PolyStyle1900</styleUrl>
				<MultiGeometry>
					<Polygon>
						<outerBoundaryIs>
							<LinearRing>
								<coordinates>
									36.09772189787919,37.495318638495,0 36.09766044684294,37.49531620134753,0 36.09754342546933,37.49530436001795,0 36.09741492436167,37.4952722343107,0 36.09727571480141,37.49527223505523,0 36.09720789487334,37.49529365076322,0 36.09715078375259,37.49534362157034,0 36.09708653220606,37.4954221473682,0 36.09702584979635,37.49545783970468,0 36.09694018315164,37.49548996365439,0 36.09684023759364,37.49549353235189,0 36.09674386280452,37.49548639328258,0 36.09668453981045,37.49546575960115,0 36.096661765238,37.49545783895619,0 36.09665166985634,37.49545646219058,0 36.09658323691757,37.49544713018319,0 36.09648686118139,37.49543285216364,0 36.09641190136125,37.49545069840677,0 36.09634051309423,37.49547925320124,0 36.09626198376716,37.49549353036248,0 36.09622811388889,37.4954935296376,0 36.0961834558188,37.49549352990852,0 36.09605138571752,37.49545069764147,0 36.09603639406318,37.4954335643254,0 36.09588806529262,37.4951166831284,0 36.0957381476937,37.49491679911391,0 36.09548828748439,37.49462411036107,0 36.09530267714617,37.49433142268536,0 36.09527998217052,37.49419525597073,0 36.09527412276106,37.49416009333804,0 36.09541761846587,37.49416009430932,0 36.09542722466757,37.49416917870894,0 36.09547194856957,37.49416246983449,0 36.09553084937914,37.49416853855913,0 36.09572459689595,37.49426636642037,0 36.09584964664934,37.49433251328782,0 36.09599970510728,37.49443503761102,0 36.09606639811413,37.49449456627647,0 36.09622479034957,37.49455079092102,0 36.09635400423292,37.49460039792908,0 36.09645403839003,37.49467315435878,0 36.09650822361535,37.49473598788638,0 36.09661242514562,37.49483189010139,0 36.09675413609983,37.4948649594471,0 36.09690416030165,37.49488148583811,0 36.09692082868243,37.49488148364103,0 36.09703750910473,37.49492777234561,0 36.09717502320864,37.49499389881956,0 36.09727920052882,37.4950600251275,0 36.09734633595812,37.49508932219663,0 36.0973625345088,37.49509639083783,0 36.09740834911632,37.49506000821903,0 36.09743331459196,37.49496741587637,0 36.09744002256754,37.49488556979449,0 36.09748718852649,37.494852555725,0 36.09752682251131,37.49483353209646,0 36.09754718169639,37.49482375961863,0 36.09766566089218,37.49476688804358,0 36.0980083306746,37.49471691792817,0 36.09828963543162,37.49470069079185,0 36.09851551184638,37.49478204145341,0 36.09873253435796,37.49496122413009,0 36.09890386802517,37.49517062783452,0 36.09905616304095,37.49539906692708,0 36.09909344441734,37.49551090700597,0 36.09909344340978,37.49563781709136,0 36.09913627519978,37.49580914611484,0 36.09916482959991,37.49600189239249,0 36.09909344045074,37.4961303887767,0 36.0988721312076,37.49630171686025,0 36.0986294071439,37.49639451912643,0 36.09847948846633,37.49638737992739,0 36.09831580983683,37.49624989211488,0 36.09832188700284,37.49617819180678,0 36.09830665843025,37.49615077900108,0 36.09828686724229,37.496107377588,0 36.09827343868716,37.49609138747125,0 36.09815356598797,37.49594865696862,0 36.09812439064547,37.49587261744409,0 36.09807439357238,37.49583293452856,0 36.09802186433279,37.49584619155785,0 36.09798226591811,37.49587817285546,0 36.09795204101935,37.49590676173631,0 36.09767308458079,37.49614958463442,0 36.09756570810871,37.49621605350624,0 36.09747936008772,37.49631199137473,0 36.09731972397556,37.49643806076233,0 36.09731402983417,37.49644874940223,0 36.09731363035105,37.49646088758046,0 36.09736188893298,37.49657974919359,0 36.09737745452727,37.49661015006349,0 36.09744262356186,37.49661083188627,0 36.09746879955689,37.4966155915301,0 36.09749244612026,37.49662385944164,0 36.09762440694868,37.49671903659912,0 36.09771569576586,37.49677229092691,0 36.09781384776542,37.49681309768177,0 36.09790665319149,37.4968511704529,0 36.09797328378055,37.49687496795265,0 36.09804943172725,37.49690828170155,0 36.09807025849061,37.49693857409596,0 36.09807560691746,37.49694635453651,0 36.09807560709698,37.49697252998142,0 36.09804815196267,37.49698625778677,0 36.09802264945359,37.49697867302617,0 36.09796138410755,37.4969582522901,0 36.09792134234308,37.49694851279868,0 36.09787333832968,37.49693683517296,0 36.09779718944174,37.49695111306409,0 36.09776882923322,37.49699141663884,0 36.0977662533169,37.4970104020102,0 36.09776625264117,37.49704629585114,0 36.09778170517804,37.49709706622182,0 36.0978162247599,37.49714623776352,0 36.0978424000112,37.49719620948132,0 36.09785191859021,37.49722476334447,0 36.09787333519832,37.4972771143093,0 36.09790427146056,37.49732470579142,0 36.09794102332054,37.49736919467523,0 36.09797844694154,37.4973965087443,0 36.09804560524959,37.49744552532387,0 36.09811149487729,37.49749361378267,0 36.09811574905103,37.49753156647267,0 36.09792264719046,37.49751530033849,0 36.09762281209404,37.4973511096281,0 36.09735153276899,37.49715836329251,0 36.09725159019641,37.49687995261717,0 36.09710167468525,37.49660154228613,0 36.09698745291729,37.49638737918757,0 36.09703617461778,37.49629280568919,0 36.09715077661014,37.49621454436885,0 36.09743633611116,37.49603250860942,0 36.09767906051717,37.49583976343354,0 36.09777900750865,37.49575766941496,0 36.09784325849297,37.49565058822302,0 36.09784325877119,37.49551138373594,0 36.09781113422373,37.49542214954735,0 36.09772189787919,37.495318638495,0 
								</coordinates>
							</LinearRing>
						</outerBoundaryIs>
					</Polygon>
				</MultiGeometry>
			</Placemark>
			<Placemark id="ID_190001">
				<name>Haruniye Kaplıcaları</name>
				<Snippet maxLines="0"></Snippet>
				<description><![CDATA[<html xmlns:fo="http://www.w3.org/1999/XSL/Format" xmlns:msxsl="urn:schemas-microsoft-com:xslt">

<head>

<META http-equiv="Content-Type" content="text/html">

<meta http-equiv="content-type" content="text/html; charset=UTF-8">

</head>

<body style="margin:0px 0px 0px 0px;overflow:auto;background:#FFFFFF;">

<table style="font-family:Arial,Verdana,Times;font-size:12px;text-align:left;width:100%;border-collapse:collapse;padding:3px 3px 3px 3px">

<tr style="text-align:center;font-weight:bold;background:#9CBCE2">

<td>Haruniye Kaplıcaları</td>

</tr>

<tr>

<td>

<table style="font-family:Arial,Verdana,Times;font-size:12px;text-align:left;width:100%;border-spacing:0px; padding:3px 3px 3px 3px">

<tr>

<td>SHAPE</td>

<td>Polygon</td>

</tr>

<tr bgcolor="#D4E4F3">

<td>Adı</td>

<td>Haruniye Kaplıcaları</td>

</tr>

<tr>

<td>SHAPE_Length</td>

<td>2332.06706</td>

</tr>

<tr bgcolor="#D4E4F3">

<td>SHAPE_Area</td>

<td>185509.943531</td>

</tr>

</table>

</td>

</tr>

</table>

</body>

</html>]]></description>
				<styleUrl>#PolyStyle1900</styleUrl>
				<MultiGeometry>
					<Polygon>
						<outerBoundaryIs>
							<LinearRing>
								<coordinates>
									36.43619111822284,37.36624111633967,0 36.43638863356914,37.36623119242194,0 36.43659485419885,37.36622861265241,0 36.43679958260081,37.36626891975143,0 36.43711028279719,37.36635449462561,0 36.43728491093223,37.36648712402692,0 36.43740680222488,37.36658997153129,0 36.43752073466966,37.36666402816901,0 36.43758018879008,37.36675833766475,0 36.43769412057453,37.36683239504464,0 36.43786999443077,37.36692928530974,0 36.43802124213316,37.36696125144518,0 36.43820756406399,37.36701545370956,0 36.43841179815114,37.36707005238931,0 36.43856379250055,37.36708057508936,0 36.43879688300775,37.36707858775402,0 36.43891429882741,37.36705257666134,0 36.43903270746691,37.36699797642856,0 36.43915211205221,37.36691478426123,0 36.43922997199438,37.36673768095424,0 36.43931380252525,37.36664654812775,0 36.43939638995285,37.36659115248888,0 36.43946927546048,37.36655700167322,0 36.43954390170606,37.36647281721864,0 36.43957300481761,37.36640908444163,0 36.43957574053408,37.36633046085539,0 36.43962548865546,37.36618850020206,0 36.43965633230707,37.36607473291433,0 36.43975881907504,37.36596255276323,0 36.43985135384441,37.36587876564841,0 36.43998891410359,37.36578882205848,0 36.44005259606693,37.36576162034557,0 36.44013393945928,37.36574196239035,0 36.4403232434366,37.36571038965406,0 36.44047150772017,37.36570710429967,0 36.44069861964869,37.36574016317639,0 36.44082872539869,37.36586464739442,0 36.44091504803247,37.36595955010882,0 36.44102848614068,37.36604790046123,0 36.44114217334956,37.36612910251387,0 36.44127277707624,37.36623929074663,0 36.44129740618338,37.36630421468941,0 36.44131357938601,37.36635464451286,0 36.44131010125351,37.36645471160981,0 36.44140215078724,37.36664273143568,0 36.4415153416876,37.36673822850641,0 36.44169047562705,37.36685655550022,0 36.44188575655475,37.36691095036789,0 36.44199272566569,37.36692762487091,0 36.44225019875105,37.36699770168328,0 36.44239174701052,37.36705090718036,0 36.44265693554001,37.36715692056149,0 36.44290421281751,37.3672625363727,0 36.44299227705178,37.36730740384365,0 36.44316143913101,37.36733975926317,0 36.44329527586066,37.36735702701401,0 36.44352513871966,37.36744794916334,0 36.44362315514267,37.36746442454472,0 36.44381256825029,37.36751019033451,0 36.44391645197012,37.36753529038916,0 36.44410253375304,37.36759663202581,0 36.4442433397572,37.36767127784279,0 36.44441250306523,37.36770363139934,0 36.44452842968911,37.36772050096818,0 36.44464072252542,37.36777359271279,0 36.4446871483983,37.36779554290316,0 36.4448548233797,37.36787078112512,0 36.44498692308135,37.36793808130793,0 36.4451100691623,37.36800518206922,0 36.44523222275606,37.36810087351351,0 36.44534099392148,37.36819877053745,0 36.44527899387313,37.36850874731374,0 36.44505054625475,37.36889423786988,0 36.44498716067162,37.36905269464729,0 36.44491264553729,37.36904517616588,0 36.44459894667675,37.36904539268129,0 36.44419519562516,37.36905792273753,0 36.44383696653571,37.36904999989092,0 36.44356928801155,37.36901546575222,0 36.44327449480461,37.36898748471007,0 36.44300756151273,37.36893150569649,0 36.44283889321043,37.36888485479992,0 36.44270579990212,37.36884614395554,0 36.44258315170622,37.3687647443139,0 36.44237069937314,37.36868851206772,0 36.442041575656,37.36861684841465,0 36.44178360058359,37.36856106594323,0 36.44156990767029,37.36852056848783,0 36.44121193078393,37.36850549022169,0 36.44088082115399,37.36849100494283,0 36.4405487170996,37.36850510959989,0 36.44031413111892,37.36854998510862,0 36.44003451864513,37.36860101755934,0 36.43985366546523,37.36864708253783,0 36.43964544787441,37.36870684742159,0 36.43938399324667,37.368751125881,0 36.43910462824856,37.36879500801567,0 36.43876381729525,37.36880176163732,0 36.43844141221916,37.36879461564435,0 36.43820931278248,37.36876801071543,0 36.43804114561568,37.36870705822705,0 36.43785332559497,37.36869574048183,0 36.43764112679035,37.36861235218628,0 36.43740032114463,37.36857839947753,0 36.43718762684897,37.36850930392914,0 36.43691199311193,37.36844596729588,0 36.43665452123728,37.36837587788394,0 36.43650675668643,37.36824384373019,0 36.43633884232687,37.36817574046353,0 36.4362057531167,37.36813702295399,0 36.436045299268,37.36811200284767,0 36.43588584298251,37.36805839336245,0 36.43571817667353,37.36798314193798,0 36.43561021287353,37.36799505261475,0 36.43555383446538,37.3680376143282,0 36.43549179883795,37.36804964964096,0 36.43529353143234,37.36808101593726,0 36.43512262979623,37.36809868182784,0 36.4350720625906,37.36810601292281,0 36.43495147755861,37.36812349659837,0 36.434944568581,37.36811470419664,0 36.43489998596616,37.36805797475783,0 36.43492834752995,37.36801568562144,0 36.43498531889303,37.36792396007378,0 36.43501492411755,37.36784593186364,0 36.43505323598857,37.36777525180145,0 36.43508583090323,37.36761145258298,0 36.4350624514501,37.36751078891795,0 36.43503932047615,37.36740297978445,0 36.4350415608668,37.36733865069182,0 36.43504454957184,37.36725287882386,0 36.43504703945638,37.36718140333824,0 36.43511147172602,37.36713276140748,0 36.43521172443584,37.36708491486581,0 36.43530476465101,37.36698683552552,0 36.43532566270584,37.36690146092261,0 36.43535601552242,37.36680199077993,0 36.43538586946666,37.36671681611437,0 36.43538811071308,37.36665248699207,0 36.43541771519635,37.36657446051248,0 36.43549209795179,37.36649742655111,0 36.43561100609587,37.36642853331911,0 36.4357396180426,37.36633839622452,0 36.43575823383797,37.36633238243796,0 36.43576223165172,37.36632473421651,0 36.43580354930186,37.3663040494819,0 36.43596599054598,37.36627188739867,0 36.43619111822284,37.36624111633967,0 
								</coordinates>
							</LinearRing>
						</outerBoundaryIs>
					</Polygon>
				</MultiGeometry>
			</Placemark>
			<Placemark id="ID_190002">
				<name>Karatepe ve Aslantaş MP</name>
				<Snippet maxLines="0"></Snippet>
				<description><![CDATA[<html xmlns:fo="http://www.w3.org/1999/XSL/Format" xmlns:msxsl="urn:schemas-microsoft-com:xslt">

<head>

<META http-equiv="Content-Type" content="text/html">

<meta http-equiv="content-type" content="text/html; charset=UTF-8">

</head>

<body style="margin:0px 0px 0px 0px;overflow:auto;background:#FFFFFF;">

<table style="font-family:Arial,Verdana,Times;font-size:12px;text-align:left;width:100%;border-collapse:collapse;padding:3px 3px 3px 3px">

<tr style="text-align:center;font-weight:bold;background:#9CBCE2">

<td>Karatepe ve Aslantaş MP</td>

</tr>

<tr>

<td>

<table style="font-family:Arial,Verdana,Times;font-size:12px;text-align:left;width:100%;border-spacing:0px; padding:3px 3px 3px 3px">

<tr>

<td>SHAPE</td>

<td>Polygon</td>

</tr>

<tr bgcolor="#D4E4F3">

<td>Adı</td>

<td>Karatepe ve Aslantaş MP</td>

</tr>

<tr>

<td>SHAPE_Length</td>

<td>12689.497074</td>

</tr>

<tr bgcolor="#D4E4F3">

<td>SHAPE_Area</td>

<td>1519242.504578</td>

</tr>

</table>

</td>

</tr>

</table>

</body>

</html>]]></description>
				<styleUrl>#PolyStyle1900</styleUrl>
				<MultiGeometry>
					<Polygon>
						<outerBoundaryIs>
							<LinearRing>
								<coordinates>
									36.23931980069563,37.29614124036588,0 36.23917662776425,37.29609733582794,0 36.23902748900979,37.29601509816725,0 36.23890705690801,37.29588347542234,0 36.2387834207999,37.29583761068497,0 36.23857647118297,37.29562524159458,0 36.23841184753367,37.29547825749876,0 36.23823200229026,37.29525938160381,0 36.23806978325433,37.29504807856464,0 36.23795255759294,37.29483069655063,0 36.23774347612203,37.29467549906087,0 36.23751436805845,37.29457704625273,0 36.2372934060862,37.29450024637955,0 36.23703158272421,37.29440208921471,0 36.23685495310094,37.29425374032994,0 36.2367888550377,37.29417397814808,0 36.23677155160191,37.29416572020124,0 36.23674698621437,37.29415790342875,0 36.23665096973198,37.2941096674329,0 36.23642331152141,37.29406461867314,0 36.23619153688273,37.29403762929938,0 36.23607455293207,37.29403829855266,0 36.23594974643625,37.29403901240067,0 36.23585236327493,37.29403668792019,0 36.2357529492002,37.2940343153252,0 36.23557511368725,37.29400145971352,0 36.23532544711605,37.29397404103779,0 36.23504841088774,37.29396027494501,0 36.23482718525616,37.29389061715382,0 36.23464120569977,37.29383610648016,0 36.23454655153662,37.29373370524555,0 36.23444375307143,37.29360965117082,0 36.23427780418287,37.29349839519067,0 36.23410237587112,37.29340121881858,0 36.23392587905182,37.29333262703482,0 36.23369464171423,37.29329133972244,0 36.23345633058027,37.29319981330304,0 36.23336167881895,37.29309741099601,0 36.2333987891817,37.29300292557538,0 36.23360206016073,37.29295413425663,0 36.23369529995402,37.29285502857973,0 36.23371806653427,37.29282943538077,0 36.23374486367004,37.29273117379083,0 36.23381366987455,37.29263737288157,0 36.23388738289991,37.29255920896301,0 36.23402987541417,37.29249277342225,0 36.23413304683324,37.29251231885282,0 36.23417870803728,37.29252952787888,0 36.23431976096642,37.29258268786937,0 36.23436397701101,37.29263740745686,0 36.2343649874288,37.29270821883153,0 36.23437128311473,37.29271494291952,0 36.23445846109499,37.29276311539248,0 36.23453338709564,37.29277641791386,0 36.23463419353488,37.29278984488094,0 36.23491913808223,37.29279767426342,0 36.23508616537776,37.29283676250222,0 36.23529738439352,37.29288757251455,0 36.23539292848668,37.29291798084846,0 36.23541001583943,37.29292341846076,0 36.23542017568419,37.29292665256536,0 36.23555278573141,37.29292665380069,0 36.23556160456977,37.29291836376701,0 36.23560681395809,37.29287585862489,0 36.23566575497273,37.29277036037634,0 36.23573452033072,37.29266877120445,0 36.23580819992393,37.29255155107912,0 36.23588678961111,37.29247731152521,0 36.23598501178216,37.29246950375378,0 36.23603902688154,37.29249295354185,0 36.23608321275468,37.29255157104406,0 36.23617159170605,37.29261018897591,0 36.23628452836994,37.29263363958896,0 36.23639256811621,37.29259457260896,0 36.23648820147675,37.29251708652149,0 36.23649878882748,37.29250470248774,0 36.23650635723563,37.29230221652141,0 36.23649882647153,37.29224631515413,0 36.23649214229278,37.29219669045321,0 36.23648299668254,37.29212879853624,0 36.23650280234874,37.29199813383713,0 36.23652788465913,37.2919840195289,0 36.2365391330211,37.29197768928479,0 36.23655113238274,37.29197093663246,0 36.23664437877203,37.29191846375812,0 36.23665359008413,37.29191307225442,0 36.23667213734978,37.29187716395341,0 36.23669563189844,37.29182826374618,0 36.23670192528278,37.29180221904418,0 36.23669705445472,37.29177605108698,0 36.23668248014536,37.29170361715413,0 36.23657193896442,37.29161957796812,0 36.23639206806005,37.29153155555978,0 36.23636805887671,37.29151990949989,0 36.23633890851928,37.29149022543913,0 36.23624580891702,37.29139541631012,0 36.23624032296962,37.29137919967167,0 36.23618626866854,37.29123457186198,0 36.23622063369552,37.29111337652024,0 36.23639749122491,37.29107427029425,0 36.23654979642991,37.29108990444239,0 36.23670740671787,37.29116210705978,0 36.2367360289396,37.29121129427256,0 36.23681693618281,37.29131599647545,0 36.23682830126054,37.29133077090388,0 36.23688610868074,37.29136451051573,0 36.23695803924897,37.29140649328889,0 36.23700146343878,37.29143183819416,0 36.23713140850307,37.29149255564752,0 36.23724344392718,37.291544903717,0 36.23746439805932,37.29162170319672,0 36.23763128278172,37.29154819383482,0 36.23789084450475,37.29159014844635,0 36.23807931373385,37.29173770133125,0 36.23802947082989,37.29187361010676,0 36.23804805029064,37.29197538626553,0 36.23827557228588,37.29207618462271,0 36.23849664140886,37.29234968942787,0 36.23857763855134,37.29257812941179,0 36.23869835551758,37.29274194863131,0 36.23892565810456,37.29284870101731,0 36.2391165773309,37.29293074220597,0 36.23945614090878,37.29302824787845,0 36.23969178842353,37.29311135385051,0 36.24000286940323,37.29317241509841,0 36.24020191325556,37.29323676583791,0 36.24041342107535,37.29336698145698,0 36.24059244350096,37.2935679519748,0 36.24072674147211,37.29376785684508,0 36.24095382747065,37.29388056136836,0 36.24115988340333,37.2939569989256,0 36.24153761472009,37.29403156488861,0 36.24177571327299,37.29404915753527,0 36.24197809343146,37.2940241727146,0 36.24220439356731,37.29395803320627,0 36.242333784612,37.2938895845701,0 36.24244192418237,37.29379082673526,0 36.24258489066213,37.2937584665204,0 36.24265832501597,37.29379001856268,0 36.2427290933153,37.29389303574666,0 36.24268856069393,37.29407288077749,0 36.24258461175528,37.29429929999097,0 36.24245894257865,37.29446797739738,0 36.2422118655342,37.29469098820444,0 36.24201605285342,37.29481984509157,0 36.24180136263881,37.29481473248554,0 36.24165965891375,37.29477320804876,0 36.24146597823574,37.29484489354409,0 36.24141115706796,37.29503433189909,0 36.24138303511482,37.29514810791827,0 36.24128334967607,37.29526018058271,0 36.24094369369256,37.29540468500476,0 36.24057875995785,37.29558673425571,0 36.24030782003568,37.29580917172267,0 36.23999201540597,37.29595424154658,0 36.23977305299641,37.29606346921243,0 36.23955551223304,37.29613458191806,0 36.23941238355126,37.29613117036879,0 36.23931980069563,37.29614124036588,0 
								</coordinates>
							</LinearRing>
						</outerBoundaryIs>
					</Polygon>
					<Polygon>
						<outerBoundaryIs>
							<LinearRing>
								<coordinates>
									36.24552576261571,37.29630049971267,0 36.24503851043392,37.29624122372745,0 36.24469225898591,37.29624252230285,0 36.2443719931444,37.29618721564895,0 36.2441247130809,37.29609549697498,0 36.24393778262083,37.29598613899761,0 36.24374389933781,37.29574309474219,0 36.24358437777729,37.29553901655666,0 36.24343714050991,37.29532569199554,0 36.2432920358928,37.29505519580942,0 36.24308978477063,37.29471657962438,0 36.24294112784634,37.294541370691,0 36.24293595303674,37.29436003934554,0 36.2428942868464,37.29419691540397,0 36.24291144473313,37.29402493841586,0 36.24296291022565,37.29396536327817,0 36.24315489328369,37.29385906388482,0 36.243159423908,37.29373757148433,0 36.24314947206144,37.29364434714346,0 36.24311662150777,37.29356488307208,0 36.24297275646264,37.29346131766252,0 36.24283003175497,37.29344719063374,0 36.24269952568066,37.29346554113348,0 36.24252362751361,37.29350069494762,0 36.24237009065251,37.29353638044891,0 36.24215300444146,37.29359558662961,0 36.24201168555786,37.29366375035235,0 36.24185261059802,37.29372791556883,0 36.24167497715213,37.29380951931148,0 36.24152657904558,37.29382744367155,0 36.24141229062729,37.29377107551977,0 36.24136115290283,37.29370190351077,0 36.24126715510032,37.29358164183059,0 36.24126301042674,37.29345279088747,0 36.24134070826959,37.29329012410506,0 36.24137995543666,37.29319807087317,0 36.2413851561791,37.29305871388134,0 36.24130657764142,37.29288517107202,0 36.24120443580513,37.29274325705158,0 36.24103627339618,37.29257115710545,0 36.24086257171437,37.29242753726743,0 36.24061610841689,37.29231437155999,0 36.24044487988282,37.29222445803911,0 36.24029982143188,37.29215304821224,0 36.24015474078744,37.29212217147534,0 36.23994165923591,37.29207417650064,0 36.23978242540407,37.29202269459044,0 36.23958198450056,37.29195592609936,0 36.23944135300042,37.29188581297473,0 36.23932003715363,37.29177801206863,0 36.23918501452754,37.29171757043172,0 36.23910419618484,37.29164411440393,0 36.23900673339033,37.29153688144716,0 36.23895591160429,37.29145937254497,0 36.2388996584473,37.29136742871176,0 36.23881973111653,37.29127015067751,0 36.23875680412634,37.29119712151366,0 36.23868319559825,37.2910904565946,0 36.2386976132298,37.29102403950017,0 36.23865257702161,37.29095143743008,0 36.23854932985183,37.29083929794063,0 36.23842187529358,37.2907361178587,0 36.23829477799974,37.29062340960974,0 36.23818245370586,37.29043475440079,0 36.23810154782679,37.29020393286176,0 36.23804342787857,37.29000226461049,0 36.23806594448104,37.28987881818954,0 36.23805232720216,37.28976404693205,0 36.23802642666541,37.28965851941622,0 36.23789301119983,37.28955519739958,0 36.237717319625,37.28946517306293,0 36.23761932798221,37.2893722315784,0 36.23753717963606,37.2891747592294,0 36.23749953175533,37.28906418323172,0 36.23746295158661,37.28892502056014,0 36.23748894044453,37.28886841767579,0 36.23757963447789,37.2888372012028,0 36.23771856593853,37.28879282814543,0 36.23774544411469,37.28871240255405,0 36.23773129280946,37.28861192501527,0 36.23775692550453,37.28856485006858,0 36.23775292005107,37.28851229948655,0 36.23790164095811,37.28852538298133,0 36.23802455269096,37.28859030704879,0 36.23812592703978,37.28859272419728,0 36.23824732365833,37.28853839618655,0 36.23840992862503,37.28849935575403,0 36.2385123689111,37.28847318596066,0 36.23862780360604,37.28841871452037,0 36.23876620007359,37.28838863406578,0 36.23886756756927,37.28833936180391,0 36.23890733810448,37.28833128145692,0 36.23898188398697,37.28838629654845,0 36.23902055551999,37.28841470280956,0 36.2391232877458,37.28844808465154,0 36.23922063687361,37.28849918621294,0 36.23923310064699,37.28853118008927,0 36.23924274550873,37.28857345509328,0 36.23925322445787,37.28861784893848,0 36.2392843665197,37.28867870391455,0 36.23935357916191,37.28874057917082,0 36.23936461665775,37.28874448718003,0 36.23946281020989,37.28874438640906,0 36.23947121217981,37.28874203794487,0 36.23956335090149,37.28868152559557,0 36.23959201933167,37.28866361557723,0 36.23962641080715,37.28866115598291,0 36.23977358153002,37.28868671527171,0 36.23989917797702,37.28869423813659,0 36.23995388901724,37.28870217699461,0 36.23996857029537,37.28875621531769,0 36.239965281587,37.28896448481572,0 36.23998037531444,37.2890607059711,0 36.24002377331168,37.28911954991871,0 36.2400200787986,37.28918840066307,0 36.24002634746728,37.28928840819901,0 36.24003261656178,37.28939675273499,0 36.2400269920714,37.28946485627083,0 36.23995080327519,37.28954959697901,0 36.23994632666555,37.28955961450235,0 36.23994356088647,37.28964997114643,0 36.23994591950123,37.28965899586889,0 36.24003832577892,37.28980277723217,0 36.24011711386813,37.28992464080513,0 36.24030135299362,37.29021496062429,0 36.240291785932,37.29027580648355,0 36.24024888368174,37.29035388312527,0 36.24024771564228,37.2903659201446,0 36.24026950487833,37.29043192179499,0 36.24027419530905,37.29043896796619,0 36.24036827930684,37.29052178961319,0 36.24057714930812,37.29064041569304,0 36.24058537052859,37.29064257352779,0 36.24071031609893,37.29064066444699,0 36.24082409463264,37.2906365664368,0 36.24110776877838,37.29063792408311,0 36.24132061481458,37.29063555994209,0 36.24165298111595,37.29065707580855,0 36.24175045385179,37.29069863373847,0 36.24184931458494,37.290741155447,0 36.24197097805854,37.29081445098227,0 36.24205340669349,37.29097292302391,0 36.24215871242329,37.29105132058441,0 36.24228475853685,37.29108349532856,0 36.24243338523987,37.2910536705739,0 36.24263585891041,37.29096026254106,0 36.24266923310638,37.2909620844893,0 36.24275989112583,37.29096703409167,0 36.24286614523612,37.29102735694986,0 36.24291331819937,37.29105413754373,0 36.243073756224,37.2911533291903,0 36.24308809332805,37.29120871358843,0 36.24310227186874,37.29126347793647,0 36.24309195691821,37.29127030937865,0 36.24307292703573,37.29128291744487,0 36.24306908662891,37.29132718016876,0 36.24310646614306,37.29138462743275,0 36.24315049538021,37.29146300464494,0 36.24317146405194,37.29150803206887,0 36.24314420879692,37.291556391519,0 36.24310925575403,37.29158255139918,0 36.24310436719814,37.29162310189777,0 36.24311427138288,37.29163885911876,0 36.24308712351824,37.2916767549362,0 36.24305769126107,37.29171851835345,0 36.24305476232711,37.29173016580149,0 36.24307075525796,37.29181570918781,0 36.24305499344474,37.29189518854377,0 36.24304250268582,37.29195817536912,0 36.24302204025378,37.29203056479808,0 36.24302315529371,37.29214802804057,0 36.24306145744041,37.29221803974931,0 36.24314882624242,37.29231520795612,0 36.24317315461489,37.29233627287503,0 36.24332692813974,37.29246841287484,0 36.24341829662613,37.29251493735876,0 36.24343763900154,37.29252366007317,0 36.24345046485325,37.29252400199941,0 36.24345903627267,37.29252044665643,0 36.24352683112865,37.29246847921883,0 36.24354719648292,37.29247011988032,0 36.24356719972227,37.29247173172917,0 36.24360176627476,37.29247451629945,0 36.2436674360928,37.29250406787738,0 36.24368554723522,37.29251221885337,0 36.24371128518907,37.29254062331766,0 36.24373304523918,37.29256463728978,0 36.24375577704458,37.29265980041345,0 36.24376472248623,37.29267048328493,0 36.24382107776895,37.29269854867702,0 36.24385493832092,37.29271381884969,0 36.24393845951088,37.29270991811687,0 36.24398610485712,37.29269442093234,0 36.24410522400834,37.29264202795075,0 36.24419535483851,37.29261677295834,0 36.24429852821868,37.29261796761918,0 36.24438858262955,37.29260017129658,0 36.2444534534417,37.29258051433237,0 36.24451446151762,37.29253795256305,0 36.24455551095096,37.2924771119701,0 36.24462233336185,37.29244194371555,0 36.24469387098626,37.29240733078729,0 36.24471759440274,37.29240933049368,0 36.24473195522248,37.29241054107207,0 36.24474236667827,37.29241308900483,0 36.24474493688485,37.29252989414773,0 36.24476800748933,37.29257596279852,0 36.24480917503649,37.29261392670043,0 36.24486136709623,37.29263685298572,0 36.24497138944211,37.29268279671428,0 36.24507163142749,37.29271033905038,0 36.24519192492203,37.29274197561649,0 36.24531252634678,37.29278921531798,0 36.24539503286412,37.29285686317418,0 36.24539715223202,37.29287069128656,0 36.24536916888496,37.29289653617684,0 36.24531107708184,37.29291294415383,0 36.24524693208927,37.29294675357478,0 36.24523856884142,37.29295806008446,0 36.24523046120412,37.29300722791394,0 36.24523372567323,37.29301917843967,0 36.24526863999498,37.29306597246546,0 36.24538767752119,37.29315453544304,0 36.24546184290293,37.2932251287286,0 36.24547227948454,37.29322907065974,0 36.24553030758067,37.2932297690244,0 36.2455398223673,37.29322643721312,0 36.24559145619659,37.29318969141992,0 36.24559823141617,37.29318053232552,0 36.24561046089236,37.29313535360162,0 36.24564086080452,37.29313973860347,0 36.2457316452774,37.29310613380235,0 36.2457605990444,37.29301047486025,0 36.24578112364026,37.29302223805416,0 36.24579170897002,37.29302465677971,0 36.24585718516433,37.29301516918461,0 36.24586738299918,37.29300991567362,0 36.24589821924154,37.29297384072483,0 36.2459022831079,37.29296118987342,0 36.24590058503738,37.29294892606338,0 36.24589461523888,37.29293808238059,0 36.24598474039481,37.29292140735084,0 36.24601699796483,37.29285660626034,0 36.2459767100229,37.29273643259536,0 36.24588357514662,37.29263288537717,0 36.24570644701516,37.29258098651309,0 36.24559906946754,37.29245921708507,0 36.24549870454673,37.29234953665194,0 36.24546106798194,37.29222836737232,0 36.24547083095256,37.29219907801137,0 36.24548248832273,37.29218224079536,0 36.24549414418493,37.29215763245193,0 36.2455070969142,37.29213950097213,0 36.2455161638143,37.29212914010587,0 36.24552911504139,37.29212007367586,0 36.24555631516623,37.29211748356553,0 36.24558610386875,37.29211618831404,0 36.24560727758095,37.29211939850636,0 36.24568196025264,37.29218620226733,0 36.24590462379229,37.29229231334647,0 36.24597212669328,37.2923026146908,0 36.24604534454718,37.29228587311035,0 36.24613919767152,37.29229576897296,0 36.24635209563689,37.29237408280952,0 36.24649185823724,37.29241984642933,0 36.2466002816726,37.29243647239102,0 36.24672913139049,37.29251421741088,0 36.24684039433593,37.29255686547434,0 36.24694601049993,37.29255654462385,0 36.24695560715406,37.29255273382128,0 36.24701261523246,37.29250415380625,0 36.24703719430372,37.29244465220224,0 36.24703677859357,37.29243255231566,0 36.24703305639035,37.29242409679767,0 36.24699394630967,37.29237465965814,0 36.24692815055927,37.29232818353874,0 36.24688717608527,37.29228780760729,0 36.24688313233274,37.29225940005806,0 36.24688560127715,37.29224795256809,0 36.24696551561554,37.29222943444818,0 36.24697039486929,37.2920984142158,0 36.24694243925944,37.29184739710017,0 36.24681469529993,37.29167149800845,0 36.24666214835719,37.29156057734895,0 36.24654119363282,37.29140272153164,0 36.24652570835844,37.2912175694804,0 36.24642143829023,37.29101242385212,0 36.24635945171199,37.29087385289166,0 36.24624595386253,37.29071617400714,0 36.24615326531225,37.29060071510885,0 36.24608950579084,37.29050978824818,0 36.24597622994948,37.29034615274286,0 36.24580456401303,37.29034803180642,0 36.24564691760251,37.29037408627169,0 36.24551975393366,37.29038298298149,0 36.24537266905736,37.29032583757653,0 36.24508043358604,37.29033121959198,0 36.24501821413726,37.29032014288763,0 36.24498166405726,37.290322427246,0 36.24495425016312,37.29032585380551,0 36.24490284945983,37.29033270655547,0 36.24486972491992,37.29033841709466,0 36.24480804408027,37.29036011848638,0 36.24478520058634,37.29037154124001,0 36.24475664385021,37.29039095862481,0 36.24471780725747,37.29041951319341,0 36.24469953204402,37.29043093490248,0 36.24467211900868,37.29045720456191,0 36.2446629800347,37.29048461706524,0 36.24464698890517,37.29050746120048,0 36.24462526040571,37.29052215731274,0 36.24456823227492,37.29052116702538,0 36.24450826470285,37.29052687795959,0 36.24447114232893,37.29053258907265,0 36.2444254531148,37.2905497212347,0 36.24437119729403,37.29057542094579,0 36.24434549751852,37.29059826384896,0 36.24429695223377,37.29062681979256,0 36.24423127439832,37.29065822897572,0 36.24419986237303,37.29068678418545,0 36.2441513165536,37.2907210497571,0 36.24410562757993,37.29074960473882,0 36.24407136005323,37.29079529159448,0 36.24405735427919,37.29082505496248,0 36.24392172258329,37.29082182681977,0 36.24369943079523,37.29078077135461,0 36.24348982719967,37.29079962574735,0 36.24331793766923,37.29080745668523,0 36.24313180689441,37.29079706503105,0 36.24295446140845,37.29075111810082,0 36.24292007888823,37.29067280958105,0 36.24295437435193,37.29054912491795,0 36.24298909882385,37.29050117242595,0 36.24301479944894,37.2904440636388,0 36.24302051177578,37.29038124291071,0 36.24303193432474,37.29030985467002,0 36.24306334691397,37.29020705777773,0 36.24306905741405,37.29012424918545,0 36.2430405031965,37.29004715035659,0 36.24300338148253,37.28993293081171,0 36.24291771400498,37.28985297631693,0 36.24284632517401,37.28980728912829,0 36.24281288358957,37.28979351902766,0 36.24268270382915,37.28963594625148,0 36.24241857977793,37.28951640283699,0 36.24224935962151,37.2894527659461,0 36.24202818320718,37.2893819308246,0 36.24183349045533,37.28940113740456,0 36.24162956710149,37.28946781035991,0 36.24151437864038,37.28951602498837,0 36.24146756010315,37.28949441667184,0 36.24144138415821,37.2894872784139,0 36.24141520807471,37.28946824146591,0 36.24138903151248,37.28943968719627,0 36.24136047702648,37.28940875187744,0 36.24135333831903,37.28939209425798,0 36.24134222829773,37.28936670213179,0 36.24149416341124,37.28929768334818,0 36.24157749054675,37.28926390420543,0 36.2416542509561,37.28920612383943,0 36.24165580757548,37.28916443665658,0 36.2415019399519,37.28908924220948,0 36.24137544483063,37.28908026895616,0 36.2412504527985,37.28901477928779,0 36.24117210637392,37.28897081528735,0 36.241086820619,37.28892512681402,0 36.24100610316439,37.28889162260359,0 36.24097279500384,37.28888230828897,0 36.2409314902707,37.28886626729661,0 36.24082690447281,37.28884056758719,0 36.24078890883972,37.28880402354218,0 36.24077868470318,37.28877351818993,0 36.2407486306159,37.28868384755903,0 36.2406848791877,37.28859291737117,0 36.24059309153795,37.28845363267629,0 36.24053923789175,37.28829737034548,0 36.24040117150864,37.28819870799938,0 36.24015263190175,37.28806164912515,0 36.2399772959135,37.28796209924558,0 36.23957233361104,37.28761864559821,0 36.23935924766529,37.28741520409152,0 36.23937635043436,37.28739795337526,0 36.23963597624724,37.28729410715141,0 36.24023564803405,37.28716561246744,0 36.24053995182398,37.28711997032082,0 36.24060835783406,37.28711838834595,0 36.2410391160812,37.28709050138976,0 36.24127254359837,37.28718515688185,0 36.24143891229475,37.28725261986496,0 36.2417187384219,37.28743095473877,0 36.24202918511411,37.28760106287432,0 36.24204626993659,37.28761042439506,0 36.24205776754647,37.28761359873201,0 36.24242435142397,37.28771479918532,0 36.2429968059099,37.28772842813062,0 36.24313298694676,37.28772024195389,0 36.24345141928133,37.28770109978115,0 36.24372160947117,37.28749771086373,0 36.24404163344741,37.28723828377203,0 36.24423231974339,37.28712366797007,0 36.24428583736152,37.28709149957285,0 36.244512565494,37.28703704925712,0 36.24508076725083,37.28690059174777,0 36.24527442304249,37.2868289005046,0 36.24556490707317,37.28672136169503,0 36.24571795849842,37.28645795920428,0 36.24599381702492,37.28610210460133,0 36.24624511086928,37.28576473848794,0 36.24654552642092,37.28539039197919,0 36.24703249249886,37.28513492556116,0 36.24737563567251,37.28489511309597,0 36.24774050134204,37.28471303949978,0 36.24785418921552,37.28463974919065,0 36.24808293346448,37.28449228281632,0 36.24840477276003,37.28412127707767,0 36.24851488213893,37.28395846689813,0 36.24863461049143,37.28378055819925,0 36.24871609132227,37.28351545220458,0 36.24888221671736,37.28328557345107,0 36.24889226511824,37.28327166785325,0 36.24918982039527,37.28297354379124,0 36.24920650629466,37.28296808740473,0 36.24940731468222,37.28290241180937,0 36.24969423384535,37.28289015052825,0 36.25019439354051,37.28292110144123,0 36.25058520251967,37.28305080797691,0 36.25068959220543,37.28308545421039,0 36.25109080828477,37.28320942454968,0 36.25144219739465,37.28338943480083,0 36.2517978392832,37.28345509767986,0 36.25190335453949,37.28350043020756,0 36.2521267954092,37.28359642455869,0 36.25224109384208,37.28373265898797,0 36.25230627390506,37.28390587544638,0 36.25229494339407,37.28421079858848,0 36.25228233375434,37.28433299091761,0 36.2522576355801,37.28457232912786,0 36.25226873891252,37.28491593339017,0 36.25247419548416,37.28516877647273,0 36.25268036366867,37.28540256227423,0 36.2530064987407,37.28562011691361,0 36.25319023286586,37.28581522077718,0 36.25339711164843,37.28602994656772,0 36.25339144763571,37.28618240808026,0 36.25333878708617,37.28631468007669,0 36.25323983986864,37.28640770656141,0 36.25323488332214,37.28654111039342,0 36.25322497026794,37.28680791895166,0 36.25321869106465,37.28697693529888,0 36.25319495487421,37.28699561385585,0 36.25294914264927,37.2871637916706,0 36.25262985600796,37.28740418563805,0 36.25241164345234,37.2874943816952,0 36.25216816236357,37.28762212704185,0 36.25194286445775,37.2879028983543,0 36.25179549883751,37.28801384734116,0 36.25160280169006,37.28821639728363,0 36.25154705441008,37.28827499454417,0 36.25108676978997,37.28845481487991,0 36.25092010677617,37.28848393264134,0 36.25051005390986,37.28855557181836,0 36.25031426948933,37.28868444480779,0 36.25009321609652,37.2888508667583,0 36.25010501676738,37.2891754129527,0 36.25018766917353,37.28952071590653,0 36.2502015983419,37.28978808979807,0 36.25011656951846,37.29014848617015,0 36.2499592715544,37.29052624012522,0 36.24994225622326,37.29098362410008,0 36.25002136336467,37.2914242155928,0 36.25027170145267,37.29175442657054,0 36.25044126542172,37.29233068636263,0 36.25056666571917,37.29281052546906,0 36.25055390708374,37.29315356307684,0 36.25023245952957,37.29345112237615,0 36.24984512053063,37.29359452017454,0 36.24969419369892,37.29380075568415,0 36.24949343094228,37.29406303003912,0 36.24920008736895,37.29424680671935,0 36.24897688506415,37.29447039783464,0 36.24868566519981,37.29459700208507,0 36.24827233376671,37.29479700016415,0 36.24814738376934,37.29494662631545,0 36.24794590362826,37.29522795519189,0 36.24795474598823,37.29527466089603,0 36.24788994981341,37.29532668723054,0 36.2477071357682,37.29542725167172,0 36.24762115981766,37.29549196915723,0 36.24756520657521,37.29552660360289,0 36.24741342562417,37.29562055324777,0 36.24722081279047,37.2956636614682,0 36.24707697382539,37.295679316041,0 36.2469548604483,37.29575271020564,0 36.24683097251627,37.29587374943207,0 36.2466267859553,37.29590704364846,0 36.2464345265517,37.29594062178987,0 36.2462173458362,37.29600221856225,0 36.24611802154732,37.29610476525519,0 36.24598220426022,37.29622551937683,0 36.24552576261571,37.29630049971267,0 
								</coordinates>
							</LinearRing>
						</outerBoundaryIs>
					</Polygon>
					<Polygon>
						<outerBoundaryIs>
							<LinearRing>
								<coordinates>
									36.25730653374782,37.30076874815424,0 36.25711885416641,37.30100034965587,0 36.25690353868384,37.3012527540953,0 36.25677271768407,37.30139986680909,0 36.25658901665641,37.30152426669562,0 36.25639070741759,37.30161813460757,0 36.25631558394311,37.30165369406922,0 36.25628096050575,37.30165471531433,0 36.25604666290567,37.30166162716409,0 36.25587668285501,37.30165759953951,0 36.25578506700632,37.30163369447225,0 36.2557259218073,37.3016182619335,0 36.2556206889801,37.30155854390917,0 36.25551625347204,37.30147738702292,0 36.25534002169938,37.30122615265636,0 36.25529824903579,37.30107880880497,0 36.2552501454744,37.30092745680435,0 36.25518176232645,37.30083999998422,0 36.25511550194706,37.30069537107076,0 36.25496606975101,37.30062029996359,0 36.25476349380207,37.30052966282462,0 36.25448616052218,37.30052308709055,0 36.25424434894352,37.30052450690553,0 36.2539420365577,37.30046726665922,0 36.25376523750848,37.30040585048228,0 36.25361607416825,37.30032363158304,0 36.25353059744595,37.30021430923661,0 36.25342828988715,37.30007597731183,0 36.25317841521461,37.29981254552349,0 36.25302951953915,37.29972317712996,0 36.25283669115203,37.2996113092443,0 36.25264333134235,37.29951373383759,0 36.25245998108339,37.29938778406546,0 36.25231215007818,37.29926982996232,0 36.25218114766836,37.29918088543199,0 36.25209620537243,37.29905726997411,0 36.25203597456083,37.2989914650981,0 36.25199496513952,37.29889035006245,0 36.25185501885575,37.29880119435408,0 36.25175847299078,37.29874883193838,0 36.25155271604275,37.29874394933287,0 36.25153873803494,37.29874361747294,0 36.25146636567579,37.29864143215173,0 36.2513921476958,37.29853663958009,0 36.25131811281064,37.2984967348542,0 36.25098330474745,37.2983257935994,0 36.25075606157292,37.29819276869311,0 36.25072931248216,37.29816019230155,0 36.2505762823136,37.29797381702424,0 36.25048652202403,37.29780476274029,0 36.25028473136637,37.29784736071097,0 36.25012751472715,37.29786150916151,0 36.2500012249479,37.29784658871554,0 36.24987670871407,37.2977840238801,0 36.2498287351554,37.29766962943986,0 36.24981759251535,37.29756803224991,0 36.24974592641949,37.29748884070549,0 36.24958147523896,37.29749685592302,0 36.2493869850614,37.29751011864414,0 36.249095359937,37.2975270344365,0 36.24880506530025,37.29750821698774,0 36.24853935133566,37.2974303744171,0 36.24826005965124,37.29731644426342,0 36.24817481492333,37.29720116387249,0 36.24816234475994,37.29713529891608,0 36.24809857787193,37.29704437267008,0 36.2480438184932,37.2969119338483,0 36.24789192420379,37.29678314827672,0 36.2478145800435,37.29665613392195,0 36.24776550228262,37.29657151733165,0 36.24768593991028,37.29650405801024,0 36.24758512130257,37.29640628889198,0 36.24756040430854,37.29626860425104,0 36.24747737854233,37.29609376904624,0 36.24749694587639,37.2959690578932,0 36.2474996073122,37.29589759102697,0 36.2475621272561,37.29582158772998,0 36.24761086551047,37.29580829353109,0 36.24768273387059,37.29578869031976,0 36.24770285981936,37.29578359280397,0 36.24783337868957,37.29575054368977,0 36.24794675135829,37.29571151338033,0 36.24800771772516,37.29567719694152,0 36.24816932853538,37.29559838184942,0 36.24826144554208,37.29552904158802,0 36.24836935727885,37.2954362331292,0 36.2485215536845,37.29535639860857,0 36.24873626796625,37.29520055916161,0 36.24896234510738,37.29514036129051,0 36.24919521098806,37.29509820733409,0 36.24938253797171,37.29501786577391,0 36.24943515812279,37.29499560998371,0 36.24978445450332,37.29501105815832,0 36.25012385265796,37.29503342319973,0 36.2504458909318,37.29504107000883,0 36.25066217838688,37.29500328832606,0 36.25069747515948,37.29495445204515,0 36.25079432691117,37.29482044981565,0 36.25100512449914,37.29468954839823,0 36.25108929981461,37.2946659502671,0 36.25135798423432,37.29459062961166,0 36.25156745074287,37.29449545977014,0 36.25176850220635,37.29438578510376,0 36.25191481759973,37.29430342216535,0 36.25209904105383,37.2941647343876,0 36.25237298301572,37.29402102307493,0 36.2526056498507,37.2937833430809,0 36.252809620341,37.29359505406564,0 36.25297754192248,37.29341306076489,0 36.25313705035469,37.29321656282142,0 36.25334783808268,37.29308565583035,0 36.25361150095934,37.29297746281905,0 36.25385355541726,37.29296889765196,0 36.25410296107052,37.29300342284634,0 36.25429550992761,37.29312243538384,0 36.25442305443239,37.29330428255506,0 36.25458345856248,37.29356559086946,0 36.25472889446175,37.29374786238645,0 36.25485041375084,37.29385088491433,0 36.25499770903771,37.29398312897558,0 36.2551450026309,37.29411537378807,0 36.25527387637894,37.29426148743299,0 36.255375650399,37.29441411081302,0 36.25546688487348,37.29460940204628,0 36.25556865870642,37.29476202614253,0 36.25566937008524,37.29494323576193,0 36.25574324612703,37.29512380933754,0 36.25579108153077,37.29528230821746,0 36.25579498571956,37.29541830609143,0 36.25579650210008,37.29561862468697,0 36.25581431693941,37.29586224620662,0 36.2558771243134,37.29609978218186,0 36.2559578248143,37.29633774075587,0 36.25598617817744,37.29653869515882,0 36.25600558586898,37.29673943730403,0 36.25609443653327,37.29699904851455,0 36.25615592106033,37.29727231659935,0 36.25618055974017,37.29757332406408,0 36.25622813231081,37.2977389685492,0 36.25635568662128,37.29792081391493,0 36.25641061436539,37.29812955065503,0 36.25651053711469,37.29833219969,0 36.25660151327401,37.29853463735741,0 36.25665670785824,37.29873622705851,0 36.25665745812411,37.29878624621905,0 36.25656061462448,37.29891277455829,0 36.25656213150864,37.29911309210696,0 36.25662494468079,37.29935062733445,0 36.25670909889497,37.29949567968728,0 36.25684666502801,37.29964914997424,0 36.25713737734259,37.29977763642559,0 36.25732994879961,37.29989664465199,0 36.25747434126991,37.30010749915839,0 36.25748586698833,37.30027944311397,0 36.25744212529293,37.30049299542995,0 36.25730653374782,37.30076874815424,0 
								</coordinates>
							</LinearRing>
						</outerBoundaryIs>
					</Polygon>
				</MultiGeometry>
			</Placemark>
			<Placemark id="ID_190003">
				<name>Gölbaşı Gölü</name>
				<Snippet maxLines="0"></Snippet>
				<description><![CDATA[<html xmlns:fo="http://www.w3.org/1999/XSL/Format" xmlns:msxsl="urn:schemas-microsoft-com:xslt">

<head>

<META http-equiv="Content-Type" content="text/html">

<meta http-equiv="content-type" content="text/html; charset=UTF-8">

</head>

<body style="margin:0px 0px 0px 0px;overflow:auto;background:#FFFFFF;">

<table style="font-family:Arial,Verdana,Times;font-size:12px;text-align:left;width:100%;border-collapse:collapse;padding:3px 3px 3px 3px">

<tr style="text-align:center;font-weight:bold;background:#9CBCE2">

<td>Gölbaşı Gölü</td>

</tr>

<tr>

<td>

<table style="font-family:Arial,Verdana,Times;font-size:12px;text-align:left;width:100%;border-spacing:0px; padding:3px 3px 3px 3px">

<tr>

<td>SHAPE</td>

<td>Polygon</td>

</tr>

<tr bgcolor="#D4E4F3">

<td>Adı</td>

<td>Gölbaşı Gölü</td>

</tr>

<tr>

<td>SHAPE_Length</td>

<td>13725.214826</td>

</tr>

<tr bgcolor="#D4E4F3">

<td>SHAPE_Area</td>

<td>806476.81819</td>

</tr>

</table>

</td>

</tr>

</table>

</body>

</html>]]></description>
				<styleUrl>#PolyStyle1900</styleUrl>
				<MultiGeometry>
					<Polygon>
						<outerBoundaryIs>
							<LinearRing>
								<coordinates>
									36.48375722376142,36.50639068381526,0 36.48393521207069,36.50600715692212,0 36.48406233473838,36.505670515122,0 36.4841053197995,36.50555668008269,0 36.484206445753,36.50540919916689,0 36.48427823127707,36.50520260960187,0 36.48429865759853,36.50514382432576,0 36.48432392074643,36.50501871849225,0 36.48454689793717,36.50494203702723,0 36.48472271045936,36.50480957647845,0 36.48491869442238,36.50466192015757,0 36.48515743928949,36.50427742009602,0 36.48523612411577,36.50397453521077,0 36.48535820363103,36.50358991794627,0 36.48551655865466,36.50321579862436,0 36.48560329094,36.50279528497404,0 36.48558733229069,36.5026674166714,0 36.48532773140236,36.50239606152417,0 36.48530781153579,36.50232507157033,0 36.48534368327014,36.50225498695205,0 36.48550228524247,36.50204571938964,0 36.4859635216338,36.50160227892906,0 36.4860937955657,36.501274704575,0 36.48634989851943,36.50069814194971,0 36.48640713760354,36.50061486621486,0 36.48641823955359,36.5005987257565,0 36.48643475048558,36.50058737544127,0 36.48674154336401,36.50037646342408,0 36.48726506618819,36.50023369175464,0 36.48771719678256,36.50040026278904,0 36.48793136450743,36.50037646811291,0 36.48807143859408,36.50036822939615,0 36.48812353849114,36.50033840409882,0 36.48831812063445,36.50017090434548,0 36.48851522520486,36.49992714735114,0 36.48876081619589,36.49964628101844,0 36.48895854831412,36.4993834600966,0 36.48913392649514,36.49908200083245,0 36.48919628404829,36.49862548660823,0 36.48888084122392,36.49816082671702,0 36.48841805041774,36.49786468524895,0 36.48799744222431,36.49772207189574,0 36.48769489639181,36.4975820049921,0 36.48746571309503,36.49736720844346,0 36.48695318393399,36.49714629951034,0 36.48645985292302,36.49705934457485,0 36.48608269012713,36.49703212725662,0 36.48561170956707,36.49698380573393,0 36.48552673084096,36.49669580836157,0 36.4854002130246,36.49623521790345,0 36.48517545926384,36.49588697189376,0 36.48480903793513,36.49553566566907,0 36.48439287008347,36.4952595939514,0 36.48390713429838,36.4949438625303,0 36.48350447577342,36.49497331852244,0 36.48312037292588,36.49515579385326,0 36.48273374117919,36.49541452335643,0 36.48241983677481,36.49561759111835,0 36.48201085223231,36.4958376798067,0 36.48144164243647,36.49590168337771,0 36.48135628956804,36.49588248128481,0 36.48134782786234,36.49588057685274,0 36.48138321528037,36.49577224467684,0 36.48139804587776,36.49572684133663,0 36.48145302418073,36.49555853504019,0 36.4817675631133,36.49533640631639,0 36.48212868947854,36.49513436159556,0 36.48264159569044,36.49463035692159,0 36.48265287289178,36.49461991696091,0 36.48310474578238,36.49420158385867,0 36.48344667644098,36.49386557732969,0 36.48371966410082,36.49347084837773,0 36.48396714470614,36.49313280006231,0 36.48424984385827,36.49315798327753,0 36.48434958365238,36.49371338456999,0 36.4844537457246,36.49413533844417,0 36.48493316370371,36.49464170513203,0 36.48497842146228,36.49466899081349,0 36.48532698159978,36.494879137846,0 36.4856487037125,36.49515316831099,0 36.48585363348351,36.49538652021978,0 36.48586462007671,36.4957683077282,0 36.48615831736495,36.49617527236111,0 36.48667020603258,36.49641524948994,0 36.48713739947553,36.4965779497352,0 36.48772391533474,36.49670506672496,0 36.48813757852362,36.49705738359333,0 36.48848356450844,36.49731285176507,0 36.48894509056321,36.49764712074897,0 36.48927314146098,36.49773050219996,0 36.48979135595046,36.49777982782786,0 36.4901858352172,36.49799818116829,0 36.49038889464979,36.49828871944766,0 36.49056267042263,36.49875032236517,0 36.49062153639696,36.49911406340793,0 36.49060830242159,36.49951440487187,0 36.49031297117136,36.49987051278176,0 36.48980448984911,36.50024110450701,0 36.48949184367147,36.50040606250417,0 36.48917919724011,36.5005710197148,0 36.4886981015953,36.50082773233049,0 36.4885254755006,36.50090250561382,0 36.4884029372613,36.50104955630806,0 36.48830349596582,36.50116895235932,0 36.48829759254527,36.50117604231842,0 36.48817390093086,36.50132449160449,0 36.48810624434695,36.50134532784268,0 36.48807850516798,36.50135384629822,0 36.48791346857139,36.50135839176302,0 36.48787831362392,36.5013511611623,0 36.48766095538003,36.50130620400459,0 36.48762147551017,36.50129807095136,0 36.48743523354947,36.50119888109916,0 36.4873121764135,36.5011791624596,0 36.48721248187845,36.50119301496871,0 36.48688560683124,36.50145534069424,0 36.4866783391307,36.50204077225496,0 36.48666888510775,36.50220884421443,0 36.48674375518389,36.50239996196379,0 36.48708345430698,36.50282865409748,0 36.48709349792229,36.50290123832215,0 36.48708351637072,36.50300278353956,0 36.48692113129498,36.50327389367686,0 36.4868666043787,36.50358603155158,0 36.48696211707569,36.50408474181101,0 36.48730512016182,36.50448403154565,0 36.48772234074114,36.50464595170332,0 36.48816719135993,36.50487875384976,0 36.48871217761496,36.50507049116071,0 36.48910678161568,36.5051689312084,0 36.48969706480655,36.50525463533324,0 36.49030713888686,36.50527027282291,0 36.49121107499265,36.50515410428982,0 36.49255448320854,36.50471477741813,0 36.49349740685509,36.50433987646837,0 36.49357213054429,36.50433847123171,0 36.49363614069196,36.50433847211718,0 36.49379795713536,36.50435750884039,0 36.49401688376732,36.50435750980515,0 36.49417869951767,36.50436702856747,0 36.49449281393458,36.50431943852172,0 36.49471174157711,36.50422425639489,0 36.49495922586611,36.50395774645425,0 36.4951876720878,36.50379593689851,0 36.4954256378532,36.50367219950087,0 36.49551130418692,36.50362460931566,0 36.49540660074667,36.50355797995726,0 36.49538702093545,36.50354710240379,0 36.49536852727891,36.50350087036356,0 36.49537944211419,36.50348586357239,0 36.49549861494512,36.50344614116443,0 36.49592695151485,36.50335096009978,0 36.49618871179549,36.50332716501082,0 36.49629630973436,36.50332716495088,0 36.49649602746367,36.50344008561329,0 36.49742870653018,36.50362297849918,0 36.49783966278132,36.50396958760634,0 36.49809211294051,36.50425653690321,0 36.49816398882031,36.50432962291351,0 36.49794805523236,36.5043765613239,0 36.49782431423952,36.50445270697478,0 36.49765297973462,36.50449077964668,0 36.49751019947265,36.5045954793961,0 36.4974150131785,36.50472873538985,0 36.49741501246761,36.50486199140911,0 36.49750067903148,36.50501428422557,0 36.49754827114964,36.50519513151222,0 36.49751971335502,36.50540453373812,0 36.497481637531,36.50562345348097,0 36.49747914943202,36.50567196521751,0 36.49721691776166,36.50597314821201,0 36.49642990406117,36.50701005032356,0 36.49624386984316,36.50711029561561,0 36.49606768581699,36.50720523292846,0 36.49563504993585,36.50763831828758,0 36.49562706701104,36.50788600443023,0 36.49558745747422,36.50814149863004,0 36.49552883442431,36.50866130107319,0 36.49510574749935,36.50966356763733,0 36.49460518166273,36.51068952893785,0 36.4941892220761,36.51152204800059,0 36.49412006176251,36.51155808704222,0 36.49398368697086,36.51156648706887,0 36.49352305888785,36.51146099726983,0 36.49329999490048,36.51145351259693,0 36.4932641094987,36.5114666519306,0 36.49323885586671,36.51146258003358,0 36.49308655849502,36.51145306060197,0 36.49294377917463,36.51154824316582,0 36.49268677740033,36.51170053426304,0 36.49246784982474,36.51185282599907,0 36.49228699549373,36.51200511680503,0 36.49210614193366,36.51212885405452,0 36.49192528855826,36.51228114611181,0 36.49175395270889,36.51242391902584,0 36.49171587720124,36.51265235828834,0 36.49172911245246,36.51272845875152,0 36.49156649638743,36.51283937083752,0 36.49154197484386,36.51294872256968,0 36.49152932552239,36.51301884561902,0 36.49152468865251,36.51316241373765,0 36.49151902655384,36.51322709800021,0 36.49143865518868,36.51324379215576,0 36.49133033885083,36.51323718761368,0 36.49109960434054,36.51324927578426,0 36.49056577876188,36.51324930692449,0 36.49023606981833,36.51330428396449,0 36.4899463879983,36.51363058003065,0 36.48980328505851,36.51406126464819,0 36.48968125219685,36.51426255424763,0 36.48966875622094,36.51428316525986,0 36.48945996414467,36.51428949162245,0 36.48917121337,36.5141536782691,0 36.4891191380077,36.51411201842964,0 36.48898403835397,36.51400394129574,0 36.48875559348559,36.51372791110015,0 36.48854618718362,36.51340428883977,0 36.48843196624758,36.51310922201478,0 36.48844148653733,36.51280463748788,0 36.48861282187093,36.51262379122947,0 36.48863186014417,36.51240487082025,0 36.48862234316633,36.51214787692721,0 36.4886984925345,36.51190040228198,0 36.48890790281914,36.51171955619064,0 36.48918394322137,36.51160533772124,0 36.48946949948429,36.51152919270805,0 36.48983120678294,36.51137690137297,0 36.49003109801572,36.51120557306518,0 36.49025002644368,36.51099617282276,0 36.49063077104979,36.51078677169522,0 36.49099247833217,36.51061544472814,0 36.49133514717021,36.51049170867474,0 36.49150648205313,36.51032989882408,0 36.49171589091584,36.51032038126157,0 36.49193481869487,36.51038700964417,0 36.49213470789432,36.51037749193488,0 36.49243930246391,36.51028231014578,0 36.49248689790509,36.51011098198627,0 36.49239171280848,36.50970169581888,0 36.49250593720918,36.50958747724378,0 36.49262016170822,36.50946374020312,0 36.49262016170201,36.50929241063101,0 36.49249642157193,36.50914963680741,0 36.49238219948905,36.50897830718065,0 36.49231557134625,36.50882601478961,0 36.49237268242806,36.5087022770663,0 36.49253449878778,36.50860709496504,0 36.49266776025695,36.50847384013665,0 36.49266776076115,36.50829299217367,0 36.49266776265714,36.50803599908213,0 36.49258690627489,36.50797131638751,0 36.49284460516296,36.50772612920777,0 36.4932878154459,36.50728759968487,0 36.4934097347287,36.50696912358389,0 36.49341454052572,36.50671290059516,0 36.49332864064691,36.50645476709305,0 36.49313064445882,36.50621401728577,0 36.4926689221981,36.50592553954917,0 36.49216055383661,36.50578524273291,0 36.49156917027766,36.50573341563877,0 36.49120439157865,36.50579333543602,0 36.49064063981925,36.50596452439587,0 36.49024148718135,36.50611384643118,0 36.49005000246789,36.50631819335614,0 36.48990117314289,36.50660518453446,0 36.48985954910232,36.50662115340555,0 36.48967157434927,36.50669327324481,0 36.48930203348198,36.50668269768027,0 36.4890135506624,36.50665129628182,0 36.48875903761839,36.50664314055512,0 36.48818660681829,36.50654374816406,0 36.48782840415818,36.50648635963125,0 36.48755600502326,36.50605773669678,0 36.48738782544325,36.50590367786198,0 36.48679156359142,36.50551266069206,0 36.48647164976448,36.50513810182808,0 36.48628644750124,36.5050720988103,0 36.48597327026411,36.50507261564173,0 36.48572117104735,36.50514877496414,0 36.48528938705006,36.50540239393143,0 36.48508630763109,36.5057266287746,0 36.4850500824048,36.50625600108965,0 36.48493341799174,36.50652482715995,0 36.48502546780194,36.5070681714757,0 36.48533494700899,36.50782718235467,0 36.48537900061709,36.50790454016361,0 36.4853731070628,36.5079417291998,0 36.48535329242164,36.50804342678003,0 36.48498250683876,36.50837466934775,0 36.48453248713981,36.50867701946716,0 36.48395960880334,36.50884969414483,0 36.48382841642585,36.50885332486002,0 36.48367711406079,36.50879181844136,0 36.48337858716522,36.50861192956104,0 36.483044368313,36.50858261228258,0 36.48276820606289,36.50856019906575,0 36.48250100418142,36.50838872051089,0 36.48225780197392,36.50831391509426,0 36.48206383463334,36.50830468106419,0 36.48180970739599,36.50845334372224,0 36.48165525372214,36.50859590905596,0 36.48160374883007,36.5087932836046,0 36.48159942734445,36.50895416205987,0 36.4817263240972,36.50937242483727,0 36.48183085189396,36.51001360871767,0 36.48183864155673,36.51006139560906,0 36.48209856665536,36.51094320474901,0 36.48212112941601,36.51100839286256,0 36.4820909548254,36.51104714197575,0 36.48203102795939,36.51101865691752,0 36.48160760795072,36.51078556469925,0 36.48152753566208,36.51078612592747,0 36.48147821523325,36.51081275428046,0 36.48145831336878,36.51092039700744,0 36.48144430398379,36.51134217267579,0 36.48143758166034,36.51158735954535,0 36.48137987076142,36.51174539834182,0 36.48106956571508,36.51208349299591,0 36.48110127952605,36.51234508439725,0 36.48111834594543,36.51269676619768,0 36.48114909838738,36.5129053416181,0 36.48129348658458,36.51295300529485,0 36.48136034925645,36.51299146145382,0 36.48137462480139,36.51309180552826,0 36.48135778226494,36.51317391669507,0 36.48115077209405,36.51346669660885,0 36.48097921467718,36.5136129551318,0 36.48081091955542,36.51364139425329,0 36.48068483503973,36.51363530541382,0 36.48065803611614,36.51363879501262,0 36.48063932552186,36.51369932624253,0 36.48062256754766,36.51387174693566,0 36.48062281254732,36.51395025478772,0 36.4809266656522,36.51437946842415,0 36.48149777428009,36.51480351075157,0 36.48171336160675,36.51482491879774,0 36.48196034712494,36.51493513607756,0 36.48200010336092,36.51508306608487,0 36.48199687063775,36.51511048673,0 36.48196023657768,36.51511764380991,0 36.48179380593233,36.51516775531715,0 36.48144038676357,36.51521661830496,0 36.48140748463997,36.51526711790513,0 36.48138785203469,36.51536296016715,0 36.48137327441636,36.51545097801237,0 36.48142055828856,36.51585223648439,0 36.48147807044357,36.51596908606859,0 36.48178886043191,36.516060732337,0 36.48235384973214,36.5161746013133,0 36.48253747996779,36.51620713961373,0 36.48265371606313,36.51622095039708,0 36.48274146940811,36.51629706944831,0 36.48298054953048,36.51669967415447,0 36.48338428404618,36.51720714711738,0 36.48360428172418,36.51738384679548,0 36.48382623863928,36.5175621195915,0 36.48407853412952,36.51771844875984,0 36.48420104529196,36.51779435926611,0 36.48470149252449,36.51796390684102,0 36.4848904955618,36.517978980127,0 36.48529796362991,36.51799577754418,0 36.48551141992002,36.51809365356711,0 36.48556191130857,36.51811031024718,0 36.4855611350463,36.51813769332201,0 36.48554641678813,36.51823364013489,0 36.48491873944483,36.51881362457058,0 36.48484674645349,36.51887131982887,0 36.48481075757048,36.51894131138817,0 36.48480956634992,36.51898842271566,0 36.48490593894471,36.51910194601279,0 36.48493674426031,36.51912999464688,0 36.48499355748923,36.51918590065277,0 36.48495333394664,36.51932457111725,0 36.48489641667447,36.51945117148833,0 36.48481474629006,36.51954905148357,0 36.48480603470657,36.51955949324091,0 36.48470736701259,36.51961671448478,0 36.48458859055793,36.51960880074181,0 36.48445706824963,36.51953581590529,0 36.48429985156133,36.51951149864896,0 36.48414392088878,36.51944403607416,0 36.48405468880521,36.51933066372826,0 36.48405825658016,36.51928946026255,0 36.48419173746348,36.51920539276372,0 36.48426987230091,36.51918910753329,0 36.48436962517806,36.51918102807799,0 36.48439405471006,36.51908528569904,0 36.48434907610447,36.51904323783881,0 36.48411230654131,36.51891359404355,0 36.48398136775661,36.51890542266494,0 36.48391612726532,36.51889250969144,0 36.4839085618497,36.51881583067312,0 36.48390801779016,36.51865683275855,0 36.4838560744524,36.51851270276748,0 36.48357649201179,36.51826047990713,0 36.48344044055715,36.5181757715681,0 36.48272412234398,36.5182654666991,0 36.48257000701313,36.51830403233556,0 36.48246359066285,36.51829033815994,0 36.4824600457232,36.5182412334488,0 36.48296689947358,36.51808907465667,0 36.48304096437797,36.5180432305309,0 36.48303839103499,36.5179607101278,0 36.48287631223116,36.51793836031364,0 36.48261481953536,36.51791021619603,0 36.48247038932317,36.5176878837741,0 36.48245478794116,36.51765015637262,0 36.4822995411761,36.51727473211667,0 36.4821538795896,36.516828675747,0 36.4819661202138,36.51676846918614,0 36.48152227937268,36.51675098231607,0 36.48121728220585,36.51671821996543,0 36.48095256522112,36.51663124130629,0 36.48053513893262,36.51609210485404,0 36.48037993490439,36.51555165982208,0 36.4803346338667,36.51518835065119,0 36.48031223976859,36.5150087383833,0 36.48031507901271,36.51481448081529,0 36.480288254949,36.51464321165328,0 36.47986813091992,36.51437692376602,0 36.47971847259727,36.51416817810631,0 36.47972246422447,36.51402108326001,0 36.47977892359076,36.51391213876633,0 36.48018945233542,36.5135482264981,0 36.48039401123302,36.51343790636729,0 36.48055712338039,36.51342116494826,0 36.48069350556198,36.51340584125075,0 36.48073068884574,36.51328873850467,0 36.48073717377927,36.51322993128989,0 36.48056759608972,36.5129502851816,0 36.48032626240711,36.51236313578038,0 36.48032079768181,36.51194302284868,0 36.48027971177901,36.51166753365934,0 36.48024196412233,36.51145096836129,0 36.48006990141118,36.5110828505218,0 36.48002380018563,36.51090351246518,0 36.47997268865095,36.51082014530839,0 36.48008530130818,36.51060810998377,0 36.48024691972038,36.51029301232845,0 36.48032963644693,36.51002158160855,0 36.48033352654226,36.50978805103868,0 36.48033868841623,36.50954280246509,0 36.48034158006457,36.50940544640108,0 36.48034617123746,36.50930707566557,0 36.48036500917041,36.50890338382654,0 36.48037567155624,36.5086916286309,0 36.48045196858928,36.50862407399803,0 36.48055688672982,36.50853117453021,0 36.480669252896,36.50843168356376,0 36.48068614039028,36.50841996438933,0 36.48169869170596,36.50771735182573,0 36.48194183831303,36.50761193952155,0 36.48229081318244,36.50746064515275,0 36.48241707812304,36.50746087692337,0 36.48256523095139,36.50745751705362,0 36.48316744044154,36.50780947374558,0 36.48344313175252,36.50820482984837,0 36.48347581599096,36.50825049400439,0 36.48365055866982,36.50825355089167,0 36.48394331165171,36.50811525378011,0 36.48403785123635,36.50794023662677,0 36.48406227655007,36.50784449440133,0 36.48407414688688,36.50767791791361,0 36.483836995502,36.50711636931548,0 36.48377959556175,36.50673066889085,0 36.48376450189413,36.50648312843676,0 36.48375722376142,36.50639068381526,0 
								</coordinates>
							</LinearRing>
						</outerBoundaryIs>
					</Polygon>
				</MultiGeometry>
			</Placemark>
		</Folder>
		<Folder id="FeatureLayer20">
			<name>Nitelikli_Koruma_37</name>
			<Snippet maxLines="0"></Snippet>
			<Placemark id="ID_200000">
				<name>Şarlak Şelalesi</name>
				<Snippet maxLines="0"></Snippet>
				<description><![CDATA[<html xmlns:fo="http://www.w3.org/1999/XSL/Format" xmlns:msxsl="urn:schemas-microsoft-com:xslt">

<head>

<META http-equiv="Content-Type" content="text/html">

<meta http-equiv="content-type" content="text/html; charset=UTF-8">

</head>

<body style="margin:0px 0px 0px 0px;overflow:auto;background:#FFFFFF;">

<table style="font-family:Arial,Verdana,Times;font-size:12px;text-align:left;width:100%;border-collapse:collapse;padding:3px 3px 3px 3px">

<tr style="text-align:center;font-weight:bold;background:#9CBCE2">

<td>Şarlak Şelalesi</td>

</tr>

<tr>

<td>

<table style="font-family:Arial,Verdana,Times;font-size:12px;text-align:left;width:100%;border-spacing:0px; padding:3px 3px 3px 3px">

<tr>

<td>SHAPE</td>

<td>Polygon</td>

</tr>

<tr bgcolor="#D4E4F3">

<td>Adı</td>

<td>Şarlak Şelalesi</td>

</tr>

<tr>

<td>SHAPE_Length</td>

<td>1745.876284</td>

</tr>

<tr bgcolor="#D4E4F3">

<td>SHAPE_Area</td>

<td>61888.744303</td>

</tr>

</table>

</td>

</tr>

</table>

</body>

</html>]]></description>
				<styleUrl>#PolyStyle130000</styleUrl>
				<MultiGeometry>
					<Polygon>
						<outerBoundaryIs>
							<LinearRing>
								<coordinates>
									36.0989188931397,37.4941901725487,0 36.09893209752183,37.49433991458715,0 36.09894292951849,37.49439448319335,0 36.09900224660319,37.49457978850955,0 36.09900484989939,37.49460314029186,0 36.09912468303516,37.49484143918694,0 36.09914842943783,37.4948770635386,0 36.0992387047951,37.49511052783313,0 36.09924237506255,37.49515423079271,0 36.09929304638287,37.49542997459312,0 36.09929459580958,37.4954745657836,0 36.09940265757449,37.4957477842221,0 36.09956329960261,37.49599636096002,0 36.09969244832605,37.4962002434382,0 36.09970617308699,37.49622190922165,0 36.09986317717319,37.49652288417359,0 36.0998124388184,37.4968320294304,0 36.09964488044716,37.49702331205166,0 36.0995525056649,37.4970184705759,0 36.09950430329172,37.49704158528881,0 36.09929407603565,37.49716458181202,0 36.09922828951221,37.49715751371237,0 36.09917898128913,37.4971817025153,0 36.09891067642172,37.49728359806206,0 36.09887140094544,37.49732268380834,0 36.09880511436879,37.49738852988673,0 36.09868911934191,37.49739718347482,0 36.09869592922464,37.49738389037009,0 36.09869736427737,37.49735334966189,0 36.09868988458567,37.4973202363542,0 36.09868075771259,37.49729552863326,0 36.09868940958157,37.49727632514873,0 36.09870330061354,37.49725443872914,0 36.09871354660772,37.49722721488145,0 36.09872011419335,37.49719658085707,0 36.09872190589421,37.49715011071443,0 36.09872297145159,37.49712247557566,0 36.09871997665496,37.49708927694751,0 36.09872103957579,37.49706204283037,0 36.09871807453224,37.4970293173556,0 36.09871113414994,37.49699122438241,0 36.09871620115215,37.49697021657874,0 36.09871815087723,37.49694454586788,0 36.09871457116762,37.4969191329673,0 36.09871247756232,37.49688609538439,0 36.09870892594685,37.49686092411931,0 36.09869744818071,37.49683381294061,0 36.09868131143003,37.49680960372499,0 36.09865731805896,37.49678344015085,0 36.0986334041874,37.49675736638786,0 36.09860804729787,37.49673891977349,0 36.09859850987388,37.49672457100294,0 36.0985732408162,37.49670619685902,0 36.09855433114008,37.49669737861945,0 36.09852914231755,37.49667905732108,0 36.09851027304649,37.49667025873673,0 36.09847257724425,37.496652682962,0 36.09845374721249,37.49664390316051,0 36.09842872195345,37.4966256802615,0 36.09841323384362,37.49660211262025,0 36.09839471670281,37.49657393650764,0 36.09837627667447,37.49654587459848,0 36.09835790916544,37.49651792521139,0 36.0983490633765,37.49648483242164,0 36.09833387003439,37.4964617462823,0 36.09832815053625,37.49643353511928,0 36.09831775531671,37.49640803983463,0 36.09831142931794,37.49639866053447,0 36.09830240803607,37.49637649988364,0 36.09829024600062,37.49634976342635,0 36.09827788897293,37.49632238605727,0 36.09828096405551,37.4962222807068,0 36.0983010167305,37.49623746710986,0 36.09831580983683,37.49624989211488,0 36.09847948846633,37.49638737992739,0 36.0986294071439,37.49639451912643,0 36.0988721312076,37.49630171686025,0 36.09909344045074,37.4961303887767,0 36.09916482959991,37.49600189239249,0 36.09913627519978,37.49580914611484,0 36.09909344340978,37.49563781709136,0 36.09909344441734,37.49551090700597,0 36.09905616304095,37.49539906692708,0 36.09890386802517,37.49517062783452,0 36.09873253435796,37.49496122413009,0 36.09851551184638,37.49478204145341,0 36.09828963543162,37.49470069079185,0 36.0980083306746,37.49471691792817,0 36.09766566089218,37.49476688804358,0 36.09754718169639,37.49482375961863,0 36.09752682251131,37.49483353209646,0 36.09748718852649,37.494852555725,0 36.09744002256754,37.49488556979449,0 36.09743331459196,37.49496741587637,0 36.09740834911632,37.49506000821903,0 36.0973625345088,37.49509639083783,0 36.09734633595812,37.49508932219663,0 36.09733393181568,37.49506267847788,0 36.09733343730569,37.4950105594823,0 36.09732983988572,37.49498875195935,0 36.09732857645928,37.49497996415519,0 36.09732380433009,37.49494678238106,0 36.09731798953372,37.49490635045159,0 36.09731625135972,37.49488006022619,0 36.0973124123046,37.49486674122294,0 36.09730060492907,37.49483245652586,0 36.0972961172691,37.49480517075115,0 36.09728257095248,37.49476594095184,0 36.09727979036386,37.49473853378969,0 36.097273668388,37.49472141744067,0 36.09726138058901,37.49469482291727,0 36.09725534217925,37.49467792242027,0 36.097243201603,37.4946516610115,0 36.0972326623918,37.49462075157421,0 36.09722227381393,37.49459761666761,0 36.09721264854183,37.49458296192858,0 36.09719035938717,37.49454902707581,0 36.09718088018546,37.49453459555699,0 36.09716265918538,37.49451405118253,0 36.09714397092681,37.49448556758638,0 36.09711931709387,37.49444798978909,0 36.0971071012162,37.49442937006875,0 36.09709193342351,37.49440625244362,0 36.09707988163969,37.49438788159988,0 36.09706193686252,37.49436053088036,0 36.09705006252916,37.49434243108804,0 36.09703279648402,37.49432310143219,0 36.09702107933051,37.49430522006335,0 36.09700110681165,37.49428169420434,0 36.09698162911084,37.49426581671055,0 36.09695908422316,37.49423821997115,0 36.09693701964367,37.49421822152007,0 36.09692858026061,37.49420525207545,0 36.0969110952941,37.49418546682383,0 36.09690505781187,37.49417627358689,0 36.09688231442392,37.49415522703302,0 36.09686763135208,37.49413278052919,0 36.09684875826871,37.49410365029503,0 36.09684072700856,37.49409125219177,0 36.09681970740616,37.49406556340037,0 36.09680915339874,37.49404925529927,0 36.09679317667436,37.49402461901808,0 36.09677707434643,37.49399984366939,0 36.09677173903753,37.49399163303106,0 36.09675333623805,37.49396996708545,0 36.09673768987428,37.49395250233823,0 36.09672203179296,37.49392835144321,0 36.09670908538273,37.49390838580332,0 36.09669630609479,37.49389525450189,0 36.09667854305859,37.49388096821221,0 36.09665834009224,37.49386283281879,0 36.09664578201662,37.4938565037979,0 36.09663325667236,37.49384360639795,0 36.09661328596867,37.49383223965525,0 36.09659099360603,37.49381055499945,0 36.09658357558975,37.49380552372693,0 36.09656886861414,37.49378903443811,0 36.09655666209774,37.4937764359113,0 36.09653479879361,37.49375517247535,0 36.09652274101472,37.4937427250174,0 36.09650113578569,37.49372171339574,0 36.09649409519016,37.49371057322499,0 36.09647271934782,37.49368980335926,0 36.09646094041041,37.49367764501352,0 36.09644667526415,37.49366804230906,0 36.09643981443718,37.49365711996973,0 36.09642110543275,37.4936403536278,0 36.09640475295683,37.4936272790974,0 36.09639070733131,37.4936178436219,0 36.09637415520442,37.49361088322643,0 36.09635067262931,37.49359925086934,0 36.09632470483159,37.49359008852487,0 36.09631520498285,37.49358784734247,0 36.09630354606719,37.49358206774121,0 36.09627984618237,37.49357647789085,0 36.09626350563761,37.49356960203039,0 36.09624247762918,37.49356162555912,0 36.09622411301643,37.49355127620944,0 36.0962146909913,37.49354905730461,0 36.09619226463423,37.49353178746802,0 36.09617613381992,37.49352500610596,0 36.09615595356192,37.49351132826266,0 36.09614518988922,37.49349990190641,0 36.0961338520168,37.49349428325698,0 36.09611388138557,37.49348075217887,0 36.09609797008238,37.49347408308055,0 36.09607815254767,37.4934606443888,0 36.09606499095878,37.49345172088648,0 36.09604460267964,37.49344403664583,0 36.09602767769976,37.49342846143695,0 36.09601159678556,37.49342121742134,0 36.09599543901114,37.49341378260183,0 36.09596981175422,37.49340355434951,0 36.09594902634253,37.49339476955432,0 36.09592182692789,37.4933814677129,0 36.09589650927673,37.49337137007943,0 36.0958806752592,37.49336407992413,0 36.09586784836959,37.49335507283475,0 36.09585039865859,37.49334472285195,0 36.09582963551893,37.49332823825156,0 36.09581067813446,37.49331492471728,0 36.09579975897638,37.4933091481854,0 36.09578094929847,37.4932959334877,0 36.09576813400837,37.49327940618586,0 36.09575276308609,37.49327237597291,0 36.09573259672786,37.49325634873518,0 36.09570937379225,37.49323446395867,0 36.0956879179566,37.49321571792557,0 36.09568321134548,37.49320687264486,0 36.09566506777557,37.49319417836359,0 36.09565302482284,37.49318575166631,0 36.09564241176058,37.49317282201681,0 36.09562899619531,37.49316527557374,0 36.0956066638149,37.49314783826893,0 36.09559774428008,37.4931379636977,0 36.09558885797487,37.49312812699797,0 36.09557414235527,37.4931142390431,0 36.09555806606542,37.49310483239838,0 36.0955376997328,37.49308702815652,0 36.09552612042614,37.49307895690025,0 36.09551315037177,37.49306812445835,0 36.09550165733682,37.4930601158101,0 36.09548878905797,37.49304936539168,0 36.09546739944828,37.49303624353641,0 36.09546033333479,37.4930295441857,0 36.09545052398063,37.49301739984936,0 36.09544062247804,37.49301227686055,0 36.09542666667488,37.49299906995005,0 36.09541563026588,37.49299171246615,0 36.09540613537111,37.49298011760864,0 36.09538969000654,37.49296916636331,0 36.09538160203884,37.49296028631342,0 36.09536940376322,37.49295042473322,0 36.09535183390809,37.49293699814382,0 36.09533974211281,37.49292722296853,0 36.095323592829,37.49291648559877,0 36.09531159908569,37.49290678443542,0 36.09529448538171,37.49289024727208,0 36.09527835929583,37.49288297280143,0 36.09526652442875,37.49287339451008,0 36.09524683005323,37.49285860451847,0 36.09523086117041,37.49285141241602,0 36.09520829487408,37.49284152989705,0 36.09519265943768,37.49283113133065,0 36.0951730777629,37.49281980819183,0 36.09516556870577,37.49281141841524,0 36.09514675044951,37.49280907732442,0 36.09513078411546,37.49280523152298,0 36.09511142627884,37.4927940160317,0 36.09509949874952,37.49279114553085,0 36.09507995279218,37.49278317773241,0 36.09506673945821,37.49278107167364,0 36.09511025328497,37.49273391733873,0 36.09538842597012,37.49256130676873,0 36.09547791257337,37.49253614597807,0 36.09554819410619,37.49252290293997,0 36.09584105628587,37.49247203274891,0 36.09584563231781,37.492479798426,0 36.09589180463898,37.49247108629587,0 36.09605289746235,37.49248374738201,0 36.0960944120153,37.49251042140456,0 36.09610837532196,37.49253374376929,0 36.0962240545681,37.49259851518659,0 36.09627495896074,37.49261924026415,0 36.09633972750562,37.49264167483345,0 36.09644121234984,37.49266135395556,0 36.09648688330138,37.49265290432739,0 36.09654148108392,37.49263879814325,0 36.09679247410524,37.49260768418065,0 36.09684285701474,37.49260944004755,0 36.0968891045092,37.49262358798264,0 36.09702720301514,37.49264607120738,0 36.09708246954475,37.49265506914573,0 36.09711992092282,37.49267442233133,0 36.09717617425132,37.49270349063118,0 36.09735936709012,37.49279324399717,0 36.0973832237708,37.49281048238159,0 36.09742610001533,37.492837884248,0 36.09796518243073,37.49310619238742,0 36.098268844629,37.49329711263987,0 36.09845264561567,37.49354671220552,0 36.09850182780706,37.49356412611906,0 36.09866722212517,37.49378630945779,0 36.09874487479123,37.49391729954701,0 36.09876672331249,37.49394904448243,0 36.0989188931397,37.4941901725487,0 
								</coordinates>
							</LinearRing>
						</outerBoundaryIs>
					</Polygon>
				</MultiGeometry>
			</Placemark>
			<Placemark id="ID_200001">
				<name>Tatarlı Köyü</name>
				<Snippet maxLines="0"></Snippet>
				<description><![CDATA[<html xmlns:fo="http://www.w3.org/1999/XSL/Format" xmlns:msxsl="urn:schemas-microsoft-com:xslt">

<head>

<META http-equiv="Content-Type" content="text/html">

<meta http-equiv="content-type" content="text/html; charset=UTF-8">

</head>

<body style="margin:0px 0px 0px 0px;overflow:auto;background:#FFFFFF;">

<table style="font-family:Arial,Verdana,Times;font-size:12px;text-align:left;width:100%;border-collapse:collapse;padding:3px 3px 3px 3px">

<tr style="text-align:center;font-weight:bold;background:#9CBCE2">

<td>Tatarlı Köyü</td>

</tr>

<tr>

<td>

<table style="font-family:Arial,Verdana,Times;font-size:12px;text-align:left;width:100%;border-spacing:0px; padding:3px 3px 3px 3px">

<tr>

<td>SHAPE</td>

<td>Polygon</td>

</tr>

<tr bgcolor="#D4E4F3">

<td>Adı</td>

<td>Tatarlı Köyü</td>

</tr>

<tr>

<td>SHAPE_Length</td>

<td>446.177489</td>

</tr>

<tr bgcolor="#D4E4F3">

<td>SHAPE_Area</td>

<td>6671.968204</td>

</tr>

</table>

</td>

</tr>

</table>

</body>

</html>]]></description>
				<styleUrl>#PolyStyle130000</styleUrl>
				<MultiGeometry>
					<Polygon>
						<outerBoundaryIs>
							<LinearRing>
								<coordinates>
									36.0521695893224,37.12528977010986,0 36.05212196103668,37.12529355382274,0 36.05208615083866,37.12529409368707,0 36.05207448434374,37.12529326979416,0 36.05202271300071,37.1252988533379,0 36.05201074331253,37.1253010972781,0 36.05196622365614,37.12530285091159,0 36.05192440444612,37.1253073976354,0 36.05190519092622,37.12529053906526,0 36.05189352894048,37.12527126297029,0 36.05186979751188,37.12525838459007,0 36.05184640204578,37.12525571385572,0 36.0518334888077,37.12524164753213,0 36.05182281608894,37.12522531405637,0 36.05181613305191,37.12521809299791,0 36.05180006030751,37.12521669149535,0 36.05174967942362,37.12521064324773,0 36.0517385662715,37.12520908330811,0 36.05170822346543,37.12520482275873,0 36.05169075272082,37.12519484305312,0 36.05164660403553,37.12518180048168,0 36.05162039844758,37.12516682954293,0 36.05158508021593,37.12515639598779,0 36.05154044690487,37.12514851456473,0 36.05151071421419,37.12515450771606,0 36.05146224277217,37.12517362923929,0 36.0514508301312,37.12522645013395,0 36.05145016709297,37.12524036258594,0 36.05144631633132,37.12527685323003,0 36.05142417359532,37.12530967113731,0 36.05140297326201,37.12531867025859,0 36.0513308274482,37.12533591291923,0 36.05130405612283,37.125335232106,0 36.05127095706001,37.12534392952881,0 36.05125414706397,37.12535229830395,0 36.05122802977043,37.125385539351,0 36.05120938837059,37.12539481942542,0 36.05118910021771,37.1254030245963,0 36.05112163608673,37.12542229737127,0 36.05105738602987,37.12543300555746,0 36.05094829382193,37.1254461546738,0 36.05090677986558,37.12544197354078,0 36.05089516343394,37.12543452539155,0 36.05088345369254,37.12542946026662,0 36.05087212184342,37.12541486652292,0 36.05086143972074,37.12539134808233,0 36.0508560661449,37.12536915803374,0 36.05082763928323,37.12533505589037,0 36.05081630749602,37.12532046304013,0 36.05079614529151,37.12530326108613,0 36.05078114197858,37.12529677149924,0 36.05076649355691,37.12530012414683,0 36.05075086509284,37.12531880127268,0 36.05074992749622,37.12534271724506,0 36.05075167018235,37.12537365918835,0 36.0507541727324,37.125385644711,0 36.05075341793658,37.12540469921736,0 36.05074752078892,37.12542891504304,0 36.05073146381254,37.12543275270059,0 36.05071070119055,37.12544270637016,0 36.05068972431345,37.12543407742037,0 36.05065756886842,37.12541895496037,0 36.05062772809463,37.12542058139712,0 36.05059788731904,37.1254222078264,0 36.05057102151211,37.12542390990316,0 36.05053282279391,37.12541101822367,0 36.05051620144584,37.12537960077768,0 36.05049632281517,37.12535525410669,0 36.05046416740335,37.1253401306906,0 36.05042903710955,37.12532493340682,0 36.05039419145313,37.12530259051898,0 36.05038026165157,37.12527839427346,0 36.05037572698144,37.12524251519085,0 36.05039192140309,37.12520954701169,0 36.05041453599392,37.12516482123395,0 36.05044115949468,37.12513773153054,0 36.05045577395553,37.12512286054208,0 36.05047265869932,37.12512576411996,0 36.05050826031233,37.12512905335088,0 36.05053531498485,37.12512258698359,0 36.05058337995278,37.12511188597566,0 36.05062530819541,37.12511097813523,0 36.05069438579088,37.12509086303711,0 36.0507248867608,37.12507256423669,0 36.05076785327286,37.12504027513368,0 36.05083721299231,37.12501819376465,0 36.05094496020615,37.12500424051409,0 36.05102258330588,37.12499905835869,0 36.05108245345957,37.12499104188542,0 36.05113321093477,37.12498756273798,0 36.05116972496635,37.12498303402624,0 36.05118108791447,37.12498162577434,0 36.05123335659922,37.12496008088488,0 36.05128392425834,37.12494131994378,0 36.05131720985326,37.12492785917436,0 36.05137745781117,37.12491031573927,0 36.05141379951145,37.1249046641568,0 36.05144337107508,37.12490006823386,0 36.05151216474209,37.12489227667859,0 36.05155744455215,37.12487673711837,0 36.05160914536397,37.1248494380598,0 36.05163003686557,37.12484057030755,0 36.05165154466504,37.1248314415818,0 36.05168185628281,37.12481790415681,0 36.05175064991402,37.1248101142675,0 36.05182883945552,37.12479064047127,0 36.05187048414761,37.12479169842051,0 36.05192540093223,37.12479710531927,0 36.05193573828467,37.12479812296702,0 36.05198621105541,37.12480178815137,0 36.05204551647654,37.12480806226682,0 36.05209589598147,37.12481411042877,0 36.05212792223629,37.12482173443691,0 36.05215194197648,37.1248274535623,0 36.05218985842492,37.12484749025322,0 36.05219783880479,37.12487153503513,0 36.05219670885422,37.1249001171924,0 36.05218041973458,37.12493546776448,0 36.05216312614099,37.12496262558,0 36.05216106346504,37.12497312481496,0 36.05216772499114,37.12503051516255,0 36.05217254156845,37.12505924863698,0 36.05216762115154,37.12511024612277,0 36.05216300957682,37.12514960917109,0 36.05215768821353,37.12517097636248,0 36.05216278394549,37.12519352402084,0 36.05216127680699,37.12521991729172,0 36.05216492556258,37.12526307541896,0 36.0521695893224,37.12528977010986,0 
								</coordinates>
							</LinearRing>
						</outerBoundaryIs>
					</Polygon>
				</MultiGeometry>
			</Placemark>
			<Placemark id="ID_200002">
				<name>Haruniye Kaplıcaları</name>
				<Snippet maxLines="0"></Snippet>
				<description><![CDATA[<html xmlns:fo="http://www.w3.org/1999/XSL/Format" xmlns:msxsl="urn:schemas-microsoft-com:xslt">

<head>

<META http-equiv="Content-Type" content="text/html">

<meta http-equiv="content-type" content="text/html; charset=UTF-8">

</head>

<body style="margin:0px 0px 0px 0px;overflow:auto;background:#FFFFFF;">

<table style="font-family:Arial,Verdana,Times;font-size:12px;text-align:left;width:100%;border-collapse:collapse;padding:3px 3px 3px 3px">

<tr style="text-align:center;font-weight:bold;background:#9CBCE2">

<td>Haruniye Kaplıcaları</td>

</tr>

<tr>

<td>

<table style="font-family:Arial,Verdana,Times;font-size:12px;text-align:left;width:100%;border-spacing:0px; padding:3px 3px 3px 3px">

<tr>

<td>SHAPE</td>

<td>Polygon</td>

</tr>

<tr bgcolor="#D4E4F3">

<td>Adı</td>

<td>Haruniye Kaplıcaları</td>

</tr>

<tr>

<td>SHAPE_Length</td>

<td>1900.664842</td>

</tr>

<tr bgcolor="#D4E4F3">

<td>SHAPE_Area</td>

<td>53698.248319</td>

</tr>

</table>

</td>

</tr>

</table>

</body>

</html>]]></description>
				<styleUrl>#PolyStyle130000</styleUrl>
				<MultiGeometry>
					<Polygon>
						<outerBoundaryIs>
							<LinearRing>
								<coordinates>
									36.43560934494947,37.368946161311,0 36.43554516477287,37.36890181896588,0 36.43548214619005,37.36882412023146,0 36.43540154794863,37.36873649427833,0 36.43535727108628,37.36863536808658,0 36.43525378777211,37.36851862119141,0 36.4351736900955,37.3684166995356,0 36.43509856567151,37.36834350057931,0 36.43502907843601,37.3682799643285,0 36.43498911247062,37.36822662160291,0 36.43493720620122,37.36817301340375,0 36.434944568581,37.36811470419664,0 36.43495147755861,37.36812349659837,0 36.4350720625906,37.36810601292281,0 36.43512262979623,37.36809868182784,0 36.43529353143234,37.36808101593726,0 36.43549179883795,37.36804964964096,0 36.43555383446538,37.3680376143282,0 36.43561021287353,37.36799505261475,0 36.43571817667353,37.36798314193798,0 36.43588584298251,37.36805839336245,0 36.436045299268,37.36811200284767,0 36.4362057531167,37.36813702295399,0 36.43633884232687,37.36817574046353,0 36.43650675668643,37.36824384373019,0 36.43665452123728,37.36837587788394,0 36.43691199311193,37.36844596729588,0 36.43718762684897,37.36850930392914,0 36.43740032114463,37.36857839947753,0 36.43764112679035,37.36861235218628,0 36.43785332559497,37.36869574048183,0 36.43804114561568,37.36870705822705,0 36.43820931278248,37.36876801071543,0 36.43844141221916,37.36879461564435,0 36.43876381729525,37.36880176163732,0 36.43910462824856,37.36879500801567,0 36.43938399324667,37.368751125881,0 36.43964544787441,37.36870684742159,0 36.43985366546523,37.36864708253783,0 36.44003451864513,37.36860101755934,0 36.44031413111892,37.36854998510862,0 36.4405487170996,37.36850510959989,0 36.44088082115399,37.36849100494283,0 36.44121193078393,37.36850549022169,0 36.44156990767029,37.36852056848783,0 36.44178360058359,37.36856106594323,0 36.442041575656,37.36861684841465,0 36.44237069937314,37.36868851206772,0 36.44258315170622,37.3687647443139,0 36.44270579990212,37.36884614395554,0 36.44283889321043,37.36888485479992,0 36.44300756151273,37.36893150569649,0 36.44327449480461,37.36898748471007,0 36.44356928801155,37.36901546575222,0 36.44383696653571,37.36904999989092,0 36.44419519562516,37.36905792273753,0 36.44459894667675,37.36904539268129,0 36.44491264553729,37.36904517616588,0 36.44498716067162,37.36905269464729,0 36.44496487768253,37.36910839873504,0 36.44485065246504,37.3692654495938,0 36.44460792804821,37.36940822389667,0 36.44369414407348,37.36932255432804,0 36.44321724011761,37.36929165708055,0 36.44305170181361,37.36930435538908,0 36.44282319391358,37.36932159963615,0 36.44251859993774,37.36936919017063,0 36.44226159679605,37.36939774356932,0 36.44190940949547,37.36940726049983,0 36.44156674082176,37.36940725893101,0 36.44117647974464,37.36930255685386,0 36.44088140274079,37.36924544498785,0 36.4404911418028,37.3691883341621,0 36.44023591422537,37.36916706476998,0 36.44003424965107,37.36915025880386,0 36.43973917363274,37.3691502579285,0 36.43936794808309,37.36911218383776,0 36.43924414693779,37.36908316842477,0 36.43853983238262,37.36907981800403,0 36.43774027118573,37.36912264656993,0 36.43728337868173,37.36913692284873,0 36.43681691191112,37.36909693866308,0 36.43676329449032,37.36909575065164,0 36.43661419952309,37.36908767393416,0 36.43650092720101,37.36908039287437,0 36.43632795130866,37.36907178610608,0 36.43617869023722,37.36906847519156,0 36.43606525058134,37.36906595830139,0 36.43592892740612,37.36903432235249,0 36.43581068064512,37.36899831704323,0 36.43560934494947,37.368946161311,0 
								</coordinates>
							</LinearRing>
						</outerBoundaryIs>
					</Polygon>
				</MultiGeometry>
			</Placemark>
			<Placemark id="ID_200003">
				<name>Harun Reşit Kalesi</name>
				<Snippet maxLines="0"></Snippet>
				<description><![CDATA[<html xmlns:fo="http://www.w3.org/1999/XSL/Format" xmlns:msxsl="urn:schemas-microsoft-com:xslt">

<head>

<META http-equiv="Content-Type" content="text/html">

<meta http-equiv="content-type" content="text/html; charset=UTF-8">

</head>

<body style="margin:0px 0px 0px 0px;overflow:auto;background:#FFFFFF;">

<table style="font-family:Arial,Verdana,Times;font-size:12px;text-align:left;width:100%;border-collapse:collapse;padding:3px 3px 3px 3px">

<tr style="text-align:center;font-weight:bold;background:#9CBCE2">

<td>Harun Reşit Kalesi</td>

</tr>

<tr>

<td>

<table style="font-family:Arial,Verdana,Times;font-size:12px;text-align:left;width:100%;border-spacing:0px; padding:3px 3px 3px 3px">

<tr>

<td>SHAPE</td>

<td>Polygon</td>

</tr>

<tr bgcolor="#D4E4F3">

<td>Adı</td>

<td>Harun Reşit Kalesi</td>

</tr>

<tr>

<td>SHAPE_Length</td>

<td>1536.381456</td>

</tr>

<tr bgcolor="#D4E4F3">

<td>SHAPE_Area</td>

<td>99967.741675</td>

</tr>

</table>

</td>

</tr>

</table>

</body>

</html>]]></description>
				<styleUrl>#PolyStyle130000</styleUrl>
				<MultiGeometry>
					<Polygon>
						<outerBoundaryIs>
							<LinearRing>
								<coordinates>
									36.48741751260568,37.27070612798271,0 36.48733366819622,37.27068128512639,0 36.48688999787749,37.27047744172991,0 36.4868701040047,37.27046528811074,0 36.48677696863988,37.27039649853643,0 36.48674409888299,37.27036876095548,0 36.48673668815192,37.27035270297451,0 36.48668431992667,37.27031341361446,0 36.48666496871477,37.27028710538686,0 36.48665580418857,37.2702746434446,0 36.48657394517584,37.27022517534746,0 36.48652770209039,37.27018125011102,0 36.48648758402529,37.27013268906087,0 36.48645878161903,37.27010440801536,0 36.48644013577419,37.27007156960198,0 36.48643843090805,37.27004724113127,0 36.48643764134057,37.27003597463838,0 36.48644526371842,37.26994331625892,0 36.48644701796632,37.26992197694175,0 36.48646153935219,37.26984599168321,0 36.48649427328346,37.26976086263905,0 36.48652271527911,37.26973807057702,0 36.48659856158723,37.26967729048266,0 36.48668962465276,37.26963158134534,0 36.48673282449186,37.26958960082211,0 36.486747021176,37.26952314452051,0 36.48674994100163,37.26943736929274,0 36.48673399851079,37.26937979587142,0 36.48667631573614,37.26932131535905,0 36.48659494538844,37.26925755101756,0 36.48657385578911,37.26924271083523,0 36.48655997976263,37.26923294650262,0 36.48655638922031,37.26921997962766,0 36.48654935273204,37.26919456506411,0 36.48655178511447,37.26912308422767,0 36.48654180562073,37.2690656412634,0 36.48652472830353,37.26904142642319,0 36.48645512161782,37.26898268564766,0 36.4863671393548,37.26893785400706,0 36.48628512098533,37.26889315097377,0 36.4862147037577,37.2688582378885,0 36.48615686069591,37.26880452153461,0 36.4861228685883,37.26875132542956,0 36.48610669140485,37.2687357141636,0 36.48608242722722,37.26871229496073,0 36.48606084717069,37.2686450619056,0 36.48605764290836,37.26856392151311,0 36.48607861378618,37.26847376973404,0 36.48611552515566,37.26844118973666,0 36.48620013901879,37.26840964754504,0 36.48629071543292,37.2683782340097,0 36.48639658215099,37.26835469972463,0 36.48649007929384,37.26830626660597,0 36.48667090725769,37.26825297072734,0 36.48680305977639,37.26822723115982,0 36.48691716201765,37.26820586629371,0 36.48700741358594,37.26818398301288,0 36.48713891734305,37.2681773046348,0 36.48716987550266,37.26818331449474,0 36.48722190919954,37.26819341472999,0 36.48739016144143,37.26815892023974,0 36.48749781441877,37.26815172143093,0 36.48761175424411,37.26813512219669,0 36.4877255307976,37.26812328827573,0 36.48786054377015,37.26813782470379,0 36.48789200083637,37.26814121141356,0 36.48798708017485,37.26815281554303,0 36.48806893763734,37.26820228184247,0 36.48812098085733,37.26825110141132,0 36.48814901141763,37.26830416736546,0 36.48817043004021,37.26837616627181,0 36.48818609330452,37.26843272875197,0 36.48823164385956,37.26850625638321,0 36.4882651511255,37.26857374797172,0 36.48831589835245,37.26866069052102,0 36.4883798685662,37.26870976893309,0 36.48849912233489,37.26871235899276,0 36.4886720425901,37.26871611519789,0 36.48884690702145,37.26866268652764,0 36.4889368344712,37.26865033344388,0 36.48900895518737,37.26864513580352,0 36.48903852524585,37.26864300462447,0 36.48912910057672,37.26861158895933,0 36.48921878093226,37.268586911692,0 36.48922861733308,37.26858499791552,0 36.48931381350223,37.26858306757559,0 36.48933296901076,37.26858263472398,0 36.48942192321708,37.26859887271705,0 36.48955310436789,37.26860172056004,0 36.48967214995459,37.26858536596268,0 36.48984190756728,37.26853168923945,0 36.49004707093251,37.2684646107343,0 36.49016214399466,37.26841465136619,0 36.49025138636074,37.26838687618482,0 36.49039131921803,37.26834332367766,0 36.49061822732435,37.26833871091446,0 36.49082144552121,37.26832881483451,0 36.49102369240978,37.26834751159495,0 36.49112344105636,37.2683973646495,0 36.49121093965079,37.26845648968057,0 36.49126846089389,37.26851973238712,0 36.49128215418563,37.26855579657628,0 36.49129568446416,37.26859662527717,0 36.49128036003973,37.2686964395518,0 36.49120063643388,37.26877571185155,0 36.49116301898701,37.26881311538895,0 36.49115003599792,37.26882594800658,0 36.49108275100851,37.26889244422916,0 36.49102665742831,37.26896275974752,0 36.49099409199036,37.26904312436457,0 36.49099214828758,37.26910030806928,0 36.49099713977726,37.26912903062655,0 36.49100365210951,37.26913709912875,0 36.49102150774137,37.26915921993327,0 36.49107157945912,37.26922125377038,0 36.49119469352186,37.26928592034032,0 36.49127091527019,37.26932572592066,0 36.49131265555132,37.26932663228083,0 36.49138420827575,37.26932818362156,0 36.49149733947634,37.26933540749298,0 36.49155068153694,37.26934610321899,0 36.49169612322679,37.26939629661096,0 36.49181045480965,37.26942804092261,0 36.49188780974264,37.26943448842738,0 36.49198273031315,37.26945085276973,0 36.49204315944993,37.26948713575708,0 36.49208763366744,37.26952466204162,0 36.49210503648192,37.2695393461217,0 36.49213355577491,37.26957811571759,0 36.49213651310686,37.26958685133966,0 36.49216771428735,37.26962654627241,0 36.49220654003947,37.26971322828373,0 36.49220233321719,37.2698371272199,0 36.49207919101691,37.26994890838065,0 36.49186339480344,37.26997760883678,0 36.49165501888884,37.26996355159557,0 36.49145357679713,37.26992102925134,0 36.49122134765855,37.26990645301442,0 36.49100668536216,37.26990179421741,0 36.49079766210385,37.26990679606933,0 36.49068952142303,37.26992829233952,0 36.49059314329298,37.2699548145063,0 36.49048483952109,37.26998107780963,0 36.49038298636325,37.26999317240643,0 36.49019700424011,37.27002251771674,0 36.4900098860959,37.27008521958361,0 36.48993671202904,37.27013132040233,0 36.48988077841159,37.27019686918378,0 36.48976408186888,37.27029448227236,0 36.48959135329721,37.27036782511722,0 36.48944679653498,37.27045285496306,0 36.48924690467023,37.27058135128294,0 36.48915647810904,37.27063370069664,0 36.48894706976461,37.27068129212901,0 36.48874977440538,37.27073840016383,0 36.48873290040085,37.27073840073031,0 36.48832722620143,37.2707629850039,0 36.48826173063092,37.27076695342765,0 36.48811895060837,37.27079550835999,0 36.48771917154934,37.27079550637421,0 36.48743736499062,37.27071200943355,0 36.48741751260568,37.27070612798271,0 
								</coordinates>
							</LinearRing>
						</outerBoundaryIs>
					</Polygon>
				</MultiGeometry>
			</Placemark>
			<Placemark id="ID_200004">
				<name>Karatepe ve Aslantaş MP</name>
				<Snippet maxLines="0"></Snippet>
				<description><![CDATA[<html xmlns:fo="http://www.w3.org/1999/XSL/Format" xmlns:msxsl="urn:schemas-microsoft-com:xslt">

<head>

<META http-equiv="Content-Type" content="text/html">

<meta http-equiv="content-type" content="text/html; charset=UTF-8">

</head>

<body style="margin:0px 0px 0px 0px;overflow:auto;background:#FFFFFF;">

<table style="font-family:Arial,Verdana,Times;font-size:12px;text-align:left;width:100%;border-collapse:collapse;padding:3px 3px 3px 3px">

<tr style="text-align:center;font-weight:bold;background:#9CBCE2">

<td>Karatepe ve Aslantaş MP</td>

</tr>

<tr>

<td>

<table style="font-family:Arial,Verdana,Times;font-size:12px;text-align:left;width:100%;border-spacing:0px; padding:3px 3px 3px 3px">

<tr>

<td>SHAPE</td>

<td>Polygon</td>

</tr>

<tr bgcolor="#D4E4F3">

<td>Adı</td>

<td>Karatepe ve Aslantaş MP</td>

</tr>

<tr>

<td>SHAPE_Length</td>

<td>19427.283247</td>

</tr>

<tr bgcolor="#D4E4F3">

<td>SHAPE_Area</td>

<td>3400784.363051</td>

</tr>

</table>

</td>

</tr>

</table>

</body>

</html>]]></description>
				<styleUrl>#PolyStyle130000</styleUrl>
				<MultiGeometry>
					<Polygon>
						<outerBoundaryIs>
							<LinearRing>
								<coordinates>
									36.27218195612753,37.29945557343255,0 36.27202477718281,37.29950909390362,0 36.27189215876745,37.29954411810966,0 36.27174585283853,37.29962650620367,0 36.2715377939188,37.2997646619883,0 36.27121220980555,37.29985236181188,0 36.27080664664869,37.29984280243295,0 36.27033268221361,37.29974579354803,0 36.27021727197245,37.29963816324307,0 36.27000467545853,37.29957592742004,0 36.26978050315142,37.29950388054147,0 36.26944968112737,37.2994102430747,0 36.2691546443899,37.29931744955022,0 36.26901678926129,37.29917113891308,0 36.26895120590923,37.29900745872661,0 36.26869090118459,37.29894409521474,0 36.26840462441985,37.29893734170244,0 36.26825101147121,37.29892002567812,0 36.26819062234855,37.29891321760174,0 36.2679205024905,37.29879239759943,0 36.26786390972378,37.29861442526075,0 36.26783494261579,37.29852333486382,0 36.26775255462393,37.29816851198142,0 36.26759613260767,37.29787870337174,0 36.26727060640528,37.29764212555591,0 36.26679525231767,37.29758321939141,0 36.26657103256704,37.297835432686,0 36.26637278286724,37.29803103547097,0 36.2661748668385,37.29805782648239,0 36.26601282835675,37.29807975984681,0 36.26579988704667,37.2980270457566,0 36.26572889401235,37.29792775970353,0 36.26555016470198,37.29767780653261,0 36.26517905159034,37.29738292407039,0 36.26492263320717,37.29721473502393,0 36.26482721005986,37.29721248046537,0 36.26452830953118,37.29722449325482,0 36.26440515047122,37.29732649396504,0 36.26427846458505,37.29752378347291,0 36.26405670557999,37.29770928895496,0 36.26375639175962,37.29775941600934,0 36.26339925989377,37.29773190106026,0 36.26297444253065,37.29759787632581,0 36.26265239008423,37.29759026438356,0 36.26241065524758,37.29767038390604,0 36.26215522662309,37.29779786616041,0 36.26194821633121,37.2979074191535,0 36.26166575156967,37.29812009620125,0 36.26133451619111,37.29836023078693,0 36.26101838411966,37.29851488621576,0 36.26061106587355,37.29855293715745,0 36.26017396958969,37.29842814827859,0 36.25987090839369,37.2982302317841,0 36.25972291122557,37.29803598505629,0 36.25948267251368,37.29775371894623,0 36.25932451729538,37.29751154456268,0 36.25905415332336,37.29707596922363,0 36.25881285988385,37.29682228881817,0 36.2585242105789,37.29655794959518,0 36.2582341494312,37.29633172574987,0 36.25800302126387,37.29612597060469,0 36.25773717228463,37.29589078091918,0 36.25746257969238,37.29556954887189,0 36.2573987935445,37.29535821849092,0 36.2573935836889,37.29517688675426,0 36.25726874806597,37.29500226021961,0 36.25717827871398,37.294866594838,0 36.25704080917299,37.29471074248616,0 36.25683425035089,37.2944864933841,0 36.25660348416019,37.29427120710445,0 36.25640461132635,37.29416158541257,0 36.25630328031207,37.29399705211515,0 36.25627634140585,37.29375798241735,0 36.25616555859741,37.29352646299201,0 36.25599337243384,37.29334117551374,0 36.25579379479309,37.29325061030319,0 36.25524242074771,37.29298957488107,0 36.25510004800049,37.29287522731997,0 36.25502217498441,37.29281268378069,0 36.25501631979272,37.29279631698735,0 36.2549464706364,37.29260106996174,0 36.25496795220525,37.29234407393174,0 36.25498695711818,37.29215377883011,0 36.25472466982217,37.2918232945785,0 36.25430768953222,37.29147960620102,0 36.25406288988427,37.29132120540937,0 36.2539266121544,37.29119922555273,0 36.25385493336895,37.29113506639551,0 36.25383218351563,37.29108433801043,0 36.25371529591016,37.29082370228798,0 36.25363445349692,37.29064343870971,0 36.2536338556705,37.290338232222,0 36.25387001862383,37.29008632600074,0 36.25425981205555,37.28987621329125,0 36.2543351493261,37.28984948736158,0 36.25456222273891,37.28976893498357,0 36.25487549901132,37.2896905258695,0 36.25515546993085,37.28954456656605,0 36.25533376318682,37.2892435999653,0 36.25541522789845,37.28897848850047,0 36.25547692566288,37.28885099802466,0 36.25557037262045,37.28865789806769,0 36.25580546333984,37.28843457496459,0 36.25583745399268,37.28840669640203,0 36.25599169080895,37.28820913987022,0 36.25624701534493,37.2877621704281,0 36.25632874915009,37.28716802724918,0 36.25632368910478,37.28650029999072,0 36.25610992378479,37.28582762715192,0 36.25589439274346,37.28520259881373,0 36.25561570003911,37.28467144476133,0 36.25536770858646,37.28411717548837,0 36.25518023408215,37.28354049667559,0 36.25505327198599,37.28294140875669,0 36.25498328880443,37.28241520116105,0 36.25500117820512,37.28193327538501,0 36.25500628106418,37.28179582464535,0 36.25508250820898,37.28172415253999,0 36.25562465052943,37.28121440021593,0 36.25594690687689,37.28099388855511,0 36.25596143425931,37.28098394870679,0 36.2563516550346,37.28092166382152,0 36.25667252805106,37.28112001077674,0 36.2567811738992,37.28140870204773,0 36.25679554528517,37.28162310902262,0 36.25680038237952,37.28169527500553,0 36.2568270052684,37.28172198178244,0 36.25711684009284,37.28201273144592,0 36.25728423469898,37.28232665645756,0 36.2572900803135,37.28233413593296,0 36.25751213897559,37.28261817221299,0 36.25765855759858,37.28269316896293,0 36.25775683346145,37.28245706373677,0 36.25777025370046,37.28209945168774,0 36.25789729015214,37.28188815415428,0 36.25794867815157,37.28188527324772,0 36.25813675656632,37.28187472912926,0 36.25849532489769,37.28185462564911,0 36.25905648254926,37.28201096703066,0 36.25961145998002,37.28233406243439,0 36.25972034208333,37.28240343025012,0 36.26007788530957,37.28263121685647,0 36.26036984389225,37.2828050251935,0 36.26095288286593,37.28317646470032,0 36.26145533292123,37.28365000018126,0 36.26147188813856,37.28366560209563,0 36.26153874225267,37.28374624115537,0 36.26181465957722,37.28407904112471,0 36.26184350491666,37.28409788182264,0 36.26219342449916,37.28432642880744,0 36.26250815229146,37.28469151674814,0 36.2633008021433,37.28504405515148,0 36.26406011733726,37.28549117457393,0 36.26482825728773,37.28570006654187,0 36.26534128146496,37.28554528050265,0 36.26570522850786,37.28538697202111,0 36.26612440092416,37.28534918201849,0 36.26677504544657,37.28550759990927,0 36.26721170410924,37.28580402475722,0 36.26743701639989,37.28616698892019,0 36.26766145205176,37.28655377674239,0 36.26816127363238,37.28675631415602,0 36.26847956081349,37.28702609803806,0 36.26865229433555,37.28719707560934,0 36.26917293678633,37.2871656641247,0 36.26922055388734,37.28716279150461,0 36.2694634798406,37.28704930322898,0 36.26950121411475,37.28683560493805,0 36.26962663638868,37.28667165961919,0 36.26998882217378,37.28656098201611,0 36.27033720244636,37.28663151488669,0 36.27076865741211,37.28677356935386,0 36.27082643738308,37.28682869700771,0 36.27093303450681,37.28717455112871,0 36.27092459212619,37.28740324748956,0 36.27086562845463,37.2877070504248,0 36.27081088633394,37.28789650604876,0 36.27079445558547,37.28798541258558,0 36.27077707136367,37.28807948479635,0 36.27075121869628,37.2882193674176,0 36.2707139962235,37.28858090764772,0 36.27061013993703,37.28880735452917,0 36.27054765427202,37.28920644710552,0 36.27055813783071,37.28956911114666,0 36.27054476568029,37.28993121330795,0 36.27068989662467,37.29010972845812,0 36.27075029969013,37.29018402615363,0 36.27092916505336,37.29051250978885,0 36.27108206966673,37.29089760482734,0 36.27117499458726,37.29102094397547,0 36.27123984867625,37.29110702313847,0 36.27128690300744,37.29116947681524,0 36.27163627009362,37.29140660426567,0 36.27186636701551,37.2916409198271,0 36.27214206537456,37.29193353427136,0 36.27216652611237,37.29202280939419,0 36.27222622882068,37.29224071057371,0 36.27221145718074,37.29264092849429,0 36.27227176611537,37.29294754227387,0 36.2726386678716,37.29335675028056,0 36.27300341689276,37.29349460984602,0 36.27301542001304,37.29349914565023,0 36.27344480454207,37.29350925852021,0 36.27380262568063,37.29351768349452,0 36.27421448113321,37.29335570990073,0 36.27436112357156,37.29326378881718,0 36.27488943978253,37.29318085128703,0 36.27539319792369,37.29311640809149,0 36.27569979432568,37.2932189951385,0 36.2757333578374,37.29324114787058,0 36.27588231168568,37.29333946239401,0 36.27589896724618,37.29351552254129,0 36.27594762501965,37.29355087915548,0 36.27606173499878,37.29363379858526,0 36.27607821447784,37.29383446981168,0 36.27607083909958,37.29403457938854,0 36.27593891858447,37.29437481770874,0 36.27574140489621,37.294551379891,0 36.27546916218569,37.29481201822131,0 36.27523410527003,37.29503538137792,0 36.2750485164156,37.29521222207614,0 36.27480539419074,37.29533048482018,0 36.27452754422948,37.29541931738164,0 36.27428547731495,37.2955089918274,0 36.27409484430551,37.29564456542823,0 36.27406480356809,37.29566593019096,0 36.27405953012812,37.29580886545264,0 36.27405729769468,37.29586938963056,0 36.27405179725712,37.29601850391084,0 36.27403073011153,37.29626597781856,0 36.27398327189038,37.29631264198611,0 36.27386969247726,37.29642431962346,0 36.27383583438837,37.29644304650402,0 36.27363814277665,37.29655238951403,0 36.27357595040511,37.29662488856667,0 36.27352587028742,37.29668326784999,0 36.27349568512822,37.29685422823724,0 36.27348548860886,37.29713056907222,0 36.27359105663166,37.29750500906634,0 36.27359475875111,37.29751685198356,0 36.27368715908879,37.29781246417598,0 36.2737380084545,37.29805209460781,0 36.27385096245896,37.29822642452691,0 36.27406564236492,37.29855574689684,0 36.27420456251377,37.29867346485589,0 36.27440347488122,37.29878305730932,0 36.27419014935057,37.29906415358024,0 36.27373054910584,37.29922500352306,0 36.2735007471199,37.29930542878864,0 36.27343723777457,37.29940884324714,0 36.27334075720351,37.29943518293977,0 36.27315796381901,37.29953578755859,0 36.27310438794633,37.2995597804938,0 36.27304511105767,37.29958632699342,0 36.27291517727174,37.29964451654918,0 36.27268818826293,37.29964870736689,0 36.27259302648358,37.29960785318532,0 36.27252365376465,37.29957807101042,0 36.27236123119597,37.29945025900757,0 36.27218195612753,37.29945557343255,0 
								</coordinates>
							</LinearRing>
						</outerBoundaryIs>
					</Polygon>
					<Polygon>
						<outerBoundaryIs>
							<LinearRing>
								<coordinates>
									36.24884013449607,37.30169496568929,0 36.24875660356511,37.30170467731774,0 36.24858947943483,37.30170502787091,0 36.24849397925182,37.30170522745574,0 36.24831550920789,37.30188678651519,0 36.24807725905811,37.30203986271413,0 36.24766022431579,37.30227913669522,0 36.24707553141926,37.30235664308191,0 36.24637121405824,37.30235810538628,0 36.24598834366547,37.30209188862003,0 36.24556969559153,37.30183527897556,0 36.24499490684136,37.30128337160056,0 36.24447966021796,37.30068365701895,0 36.2441440639394,37.30026475697307,0 36.24409822927226,37.30021668470418,0 36.24407405984103,37.30013656205499,0 36.24409274032322,37.29995579991141,0 36.2441205043471,37.29985155048638,0 36.24425668703478,37.29972127103351,0 36.24440408725856,37.29961033179576,0 36.24455077721336,37.29951845009686,0 36.24469853150123,37.29939798167648,0 36.24480907990859,37.29931477713998,0 36.24481263217708,37.29921948943211,0 36.24461589660071,37.29905267630146,0 36.24421354593783,37.29895726598217,0 36.2437403383764,37.29884109576655,0 36.24329971635325,37.29881153348617,0 36.24273839592334,37.298817244224,0 36.24241527735514,37.29883816274631,0 36.24210195151033,37.29891653563164,0 36.24202781675391,37.29894397334529,0 36.24181141597676,37.29902406279671,0 36.24157802728337,37.29919971153254,0 36.24148812982332,37.29936923984193,0 36.24154279053988,37.29950406232331,0 36.24160689012224,37.29970587068335,0 36.24157804984197,37.29979667456451,0 36.24155277614659,37.29987625143343,0 36.24143509693512,37.29992891161974,0 36.24109061890786,37.30010367321629,0 36.24059160606024,37.30035882548996,0 36.2400195980655,37.30065038561872,0 36.23935607602454,37.30083485048103,0 36.23869183810195,37.30103837043057,0 36.2382245027649,37.30108444974038,0 36.23768915994046,37.30103353312903,0 36.23730852578901,37.30099584199857,0 36.23675217816804,37.3008681214746,0 36.23667956718164,37.30082437703853,0 36.23647196026911,37.30069930299686,0 36.23647623610394,37.30058495907704,0 36.23653356780237,37.30032882196876,0 36.2366097677909,37.30020665697834,0 36.23674596469738,37.30007638554852,0 36.23678317354054,37.30003912476875,0 36.23666923773533,37.29989334738434,0 36.23666087235181,37.29979777601336,0 36.23670342555042,37.29961758558255,0 36.23679760967328,37.29933371557326,0 36.23698757088464,37.29904259471662,0 36.237044771237,37.29894197735337,0 36.23708833640028,37.29890194124436,0 36.23717717374733,37.29876100341728,0 36.23720199379239,37.29866541451644,0 36.23721901351983,37.29859986880955,0 36.23724856728413,37.29844797884943,0 36.23725355480606,37.29831457534584,0 36.23725708398927,37.29822015506601,0 36.23726103453397,37.29811447328298,0 36.23719694699268,37.29791266283601,0 36.23706165208412,37.29769961669202,0 36.23693721565419,37.29751544136153,0 36.23683449842851,37.29738900692285,0 36.23666092904028,37.29724180672363,0 36.23650978829497,37.29713329147196,0 36.23641686185493,37.29706431430643,0 36.23632536059193,37.29695722151113,0 36.23626482001594,37.29691610161186,0 36.23624365005079,37.29690758543324,0 36.23598373891228,37.29683462267579,0 36.23575996792996,37.29675298464369,0 36.23562983470086,37.29672126632377,0 36.23538256549857,37.29662952884207,0 36.23524192965913,37.29655941186045,0 36.23507779747361,37.29647919492795,0 36.23475896500644,37.29638574805884,0 36.23453448414721,37.29632316534628,0 36.23428579139643,37.29626954101703,0 36.23415744196251,37.29619017833848,0 36.23406487502482,37.2961116702696,0 36.23387796022965,37.29600229652252,0 36.2337513954658,37.29587528975393,0 36.23363604471626,37.29576762530105,0 36.23334356833171,37.29560804410918,0 36.23312016108699,37.29551687183309,0 36.23293324804107,37.29540749827825,0 36.23266213153939,37.29531518434449,0 36.23240151710365,37.2952612719216,0 36.23216868141021,37.29510311245307,0 36.23198177179152,37.29499373634189,0 36.23182549632377,37.29470388589233,0 36.23179649510853,37.29452198575313,0 36.23181591458371,37.29432216818476,0 36.23200445376046,37.29406916962569,0 36.23215828016779,37.29378673054816,0 36.23246644348915,37.29352705340839,0 36.23271746726438,37.29319924846446,0 36.23290207777156,37.29305106389547,0 36.23308953882327,37.29282664972114,0 36.23324050774567,37.29262043883892,0 36.23338826390607,37.29249998345748,0 36.23358515458708,37.29234255467225,0 36.23387087884186,37.29204418846297,0 36.23420537764519,37.29171837441226,0 36.23433391186875,37.29147347573489,0 36.2345687163226,37.29125972691256,0 36.23476845203163,37.29102606524593,0 36.23494183904874,37.29085853551748,0 36.23520120411473,37.29062629698417,0 36.23539986789873,37.29042122106713,0 36.23560831932018,37.2902736009336,0 36.23569679100533,37.29014219157792,0 36.23575820476552,37.29009597048289,0 36.23574183420337,37.28989529920402,0 36.23572296884004,37.28976132749952,0 36.23562275674198,37.28956819177354,0 36.23543799248775,37.28940164911895,0 36.23523294022726,37.28913924985449,0 36.23500367960084,37.28888580902558,0 36.23470214973462,37.28864971784471,0 36.23462898759713,37.28853585244912,0 36.23456948904214,37.28849209906716,0 36.23455645852285,37.28848251741755,0 36.23446423614854,37.2883551392258,0 36.23440995144472,37.28821078434263,0 36.23448215901213,37.28807541124433,0 36.23459650629309,37.28805492703464,0 36.23480512310859,37.28801755478986,0 36.23511139725228,37.28800698399667,0 36.23531109212305,37.28805347570864,0 36.23555417338887,37.28813676811833,0 36.235858666213,37.28817383804929,0 36.23592919586928,37.28818307220863,0 36.23608139149432,37.2882029970783,0 36.23616145701865,37.28818861509063,0 36.23623906503946,37.28817467423046,0 36.23637431696058,37.2881503788105,0 36.23644696643121,37.28800309377785,0 36.23643039105625,37.28784771822586,0 36.23647036033265,37.28776452977601,0 36.23648702007764,37.28772985439226,0 36.23660530985941,37.28769419909644,0 36.23677838631441,37.28771892330696,0 36.23693365003634,37.28777464842708,0 36.23699187483769,37.28779554538095,0 36.23710101139822,37.28786967834899,0 36.23721103794062,37.28791998943805,0 36.2373680126062,37.28791181183662,0 36.23751163882086,37.28786159091307,0 36.23758817966397,37.28780976941594,0 36.2375981705846,37.28780000913992,0 36.23761888391422,37.28778665847579,0 36.23779076666173,37.28777883615629,0 36.237975553822,37.2878249684074,0 36.23810972300761,37.28782816787322,0 36.23827392948289,37.28782612329665,0 36.2384241179583,37.28779990007627,0 36.23855216687867,37.2877671885417,0 36.23863807103575,37.2877353933876,0 36.23877911760584,37.28768318820555,0 36.2389749177403,37.28763420875773,0 36.23916393171289,37.28756718572524,0 36.23931723285434,37.28745758523008,0 36.23935924766529,37.28741520409152,0 36.23957233361104,37.28761864559821,0 36.2399772959135,37.28796209924558,0 36.24015263190175,37.28806164912515,0 36.24040117150864,37.28819870799938,0 36.24053923789175,37.28829737034548,0 36.24059309153795,37.28845363267629,0 36.2406848791877,37.28859291737117,0 36.2407486306159,37.28868384755903,0 36.24077868470318,37.28877351818993,0 36.24078890883972,37.28880402354218,0 36.24082690447281,37.28884056758719,0 36.2409314902707,37.28886626729661,0 36.24097279500384,37.28888230828897,0 36.24100610316439,37.28889162260359,0 36.241086820619,37.28892512681402,0 36.24117210637392,37.28897081528735,0 36.2412504527985,37.28901477928779,0 36.24137544483063,37.28908026895616,0 36.2415019399519,37.28908924220948,0 36.24165580757548,37.28916443665658,0 36.2416542509561,37.28920612383943,0 36.24157749054675,37.28926390420543,0 36.24149416341124,37.28929768334818,0 36.24134222829773,37.28936670213179,0 36.24135333831903,37.28939209425798,0 36.24136047702648,37.28940875187744,0 36.24138903151248,37.28943968719627,0 36.24141520807471,37.28946824146591,0 36.24144138415821,37.2894872784139,0 36.24146756010315,37.28949441667184,0 36.24151437864038,37.28951602498837,0 36.24162956710149,37.28946781035991,0 36.24183349045533,37.28940113740456,0 36.24202818320718,37.2893819308246,0 36.24224935962151,37.2894527659461,0 36.24241857977793,37.28951640283699,0 36.24268270382915,37.28963594625148,0 36.24281288358957,37.28979351902766,0 36.24284632517401,37.28980728912829,0 36.24291771400498,37.28985297631693,0 36.24300338148253,37.28993293081171,0 36.2430405031965,37.29004715035659,0 36.24306905741405,37.29012424918545,0 36.24306334691397,37.29020705777773,0 36.24303193432474,37.29030985467002,0 36.24302051177578,37.29038124291071,0 36.24301479944894,37.2904440636388,0 36.24298909882385,37.29050117242595,0 36.24295437435193,37.29054912491795,0 36.24292007888823,37.29067280958105,0 36.24295446140845,37.29075111810082,0 36.24313180689441,37.29079706503105,0 36.24331793766923,37.29080745668523,0 36.24348982719967,37.29079962574735,0 36.24369943079523,37.29078077135461,0 36.24392172258329,37.29082182681977,0 36.24405735427919,37.29082505496248,0 36.24407136005323,37.29079529159448,0 36.24410562757993,37.29074960473882,0 36.2441513165536,37.2907210497571,0 36.24419986237303,37.29068678418545,0 36.24423127439832,37.29065822897572,0 36.24429695223377,37.29062681979256,0 36.24434549751852,37.29059826384896,0 36.24437119729403,37.29057542094579,0 36.2444254531148,37.2905497212347,0 36.24447114232893,37.29053258907265,0 36.24450826470285,37.29052687795959,0 36.24456823227492,37.29052116702538,0 36.24462526040571,37.29052215731274,0 36.24464698890517,37.29050746120048,0 36.2446629800347,37.29048461706524,0 36.24467211900868,37.29045720456191,0 36.24469953204402,37.29043093490248,0 36.24471780725747,37.29041951319341,0 36.24475664385021,37.29039095862481,0 36.24478520058634,37.29037154124001,0 36.24480804408027,37.29036011848638,0 36.24486972491992,37.29033841709466,0 36.24490284945983,37.29033270655547,0 36.24495425016312,37.29032585380551,0 36.24498166405726,37.290322427246,0 36.24501821413726,37.29032014288763,0 36.24508043358604,37.29033121959198,0 36.24537266905736,37.29032583757653,0 36.24551975393366,37.29038298298149,0 36.24564691760251,37.29037408627169,0 36.24580456401303,37.29034803180642,0 36.24597622994948,37.29034615274286,0 36.24608950579084,37.29050978824818,0 36.24615326531225,37.29060071510885,0 36.24624595386253,37.29071617400714,0 36.24635945171199,37.29087385289166,0 36.24642143829023,37.29101242385212,0 36.24652570835844,37.2912175694804,0 36.24654119363282,37.29140272153164,0 36.24666214835719,37.29156057734895,0 36.24681469529993,37.29167149800845,0 36.24694243925944,37.29184739710017,0 36.24697039486929,37.2920984142158,0 36.24696551561554,37.29222943444818,0 36.24688560127715,37.29224795256809,0 36.24688313233274,37.29225940005806,0 36.24688717608527,37.29228780760729,0 36.24692815055927,37.29232818353874,0 36.24699394630967,37.29237465965814,0 36.24703305639035,37.29242409679767,0 36.24703677859357,37.29243255231566,0 36.24703719430372,37.29244465220224,0 36.24701261523246,37.29250415380625,0 36.24695560715406,37.29255273382128,0 36.24694601049993,37.29255654462385,0 36.24684039433593,37.29255686547434,0 36.24672913139049,37.29251421741088,0 36.2466002816726,37.29243647239102,0 36.24649185823724,37.29241984642933,0 36.24635209563689,37.29237408280952,0 36.24613919767152,37.29229576897296,0 36.24604534454718,37.29228587311035,0 36.24597212669328,37.2923026146908,0 36.24590462379229,37.29229231334647,0 36.24568196025264,37.29218620226733,0 36.24560727758095,37.29211939850636,0 36.24558610386875,37.29211618831404,0 36.24555631516623,37.29211748356553,0 36.24552911504139,37.29212007367586,0 36.2455161638143,37.29212914010587,0 36.2455070969142,37.29213950097213,0 36.24549414418493,37.29215763245193,0 36.24548248832273,37.29218224079536,0 36.24547083095256,37.29219907801137,0 36.24546106798194,37.29222836737232,0 36.24549870454673,37.29234953665194,0 36.24559906946754,37.29245921708507,0 36.24570644701516,37.29258098651309,0 36.24588357514662,37.29263288537717,0 36.2459767100229,37.29273643259536,0 36.24601699796483,37.29285660626034,0 36.24598474039481,37.29292140735084,0 36.24589461523888,37.29293808238059,0 36.24590058503738,37.29294892606338,0 36.2459022831079,37.29296118987342,0 36.24589821924154,37.29297384072483,0 36.24586738299918,37.29300991567362,0 36.24585718516433,37.29301516918461,0 36.24579170897002,37.29302465677971,0 36.24578112364026,37.29302223805416,0 36.2457605990444,37.29301047486025,0 36.2457316452774,37.29310613380235,0 36.24564086080452,37.29313973860347,0 36.24561046089236,37.29313535360162,0 36.24559823141617,37.29318053232552,0 36.24559145619659,37.29318969141992,0 36.2455398223673,37.29322643721312,0 36.24553030758067,37.2932297690244,0 36.24547227948454,37.29322907065974,0 36.24546184290293,37.2932251287286,0 36.24538767752119,37.29315453544304,0 36.24526863999498,37.29306597246546,0 36.24523372567323,37.29301917843967,0 36.24523046120412,37.29300722791394,0 36.24523856884142,37.29295806008446,0 36.24524693208927,37.29294675357478,0 36.24531107708184,37.29291294415383,0 36.24536916888496,37.29289653617684,0 36.24539715223202,37.29287069128656,0 36.24539503286412,37.29285686317418,0 36.24531252634678,37.29278921531798,0 36.24519192492203,37.29274197561649,0 36.24507163142749,37.29271033905038,0 36.24497138944211,37.29268279671428,0 36.24486136709623,37.29263685298572,0 36.24480917503649,37.29261392670043,0 36.24476800748933,37.29257596279852,0 36.24474493688485,37.29252989414773,0 36.24474236667827,37.29241308900483,0 36.24473195522248,37.29241054107207,0 36.24471759440274,37.29240933049368,0 36.24469387098626,37.29240733078729,0 36.24462233336185,37.29244194371555,0 36.24455551095096,37.2924771119701,0 36.24451446151762,37.29253795256305,0 36.2444534534417,37.29258051433237,0 36.24438858262955,37.29260017129658,0 36.24429852821868,37.29261796761918,0 36.24419535483851,37.29261677295834,0 36.24410522400834,37.29264202795075,0 36.24398610485712,37.29269442093234,0 36.24393845951088,37.29270991811687,0 36.24385493832092,37.29271381884969,0 36.24382107776895,37.29269854867702,0 36.24376472248623,37.29267048328493,0 36.24375577704458,37.29265980041345,0 36.24373304523918,37.29256463728978,0 36.24371128518907,37.29254062331766,0 36.24368554723522,37.29251221885337,0 36.2436674360928,37.29250406787738,0 36.24360176627476,37.29247451629945,0 36.24356719972227,37.29247173172917,0 36.24354719648292,37.29247011988032,0 36.24352683112865,37.29246847921883,0 36.24345903627267,37.29252044665643,0 36.24345046485325,37.29252400199941,0 36.24343763900154,37.29252366007317,0 36.24341829662613,37.29251493735876,0 36.24332692813974,37.29246841287484,0 36.24317315461489,37.29233627287503,0 36.24314882624242,37.29231520795612,0 36.24306145744041,37.29221803974931,0 36.24302315529371,37.29214802804057,0 36.24302204025378,37.29203056479808,0 36.24304250268582,37.29195817536912,0 36.24305499344474,37.29189518854377,0 36.24307075525796,37.29181570918781,0 36.24305476232711,37.29173016580149,0 36.24305769126107,37.29171851835345,0 36.24308712351824,37.2916767549362,0 36.24311427138288,37.29163885911876,0 36.24310436719814,37.29162310189777,0 36.24310925575403,37.29158255139918,0 36.24314420879692,37.291556391519,0 36.24317146405194,37.29150803206887,0 36.24315049538021,37.29146300464494,0 36.24310646614306,37.29138462743275,0 36.24306908662891,37.29132718016876,0 36.24307292703573,37.29128291744487,0 36.24309195691821,37.29127030937865,0 36.24310227186874,37.29126347793647,0 36.24308809332805,37.29120871358843,0 36.243073756224,37.2911533291903,0 36.24291331819937,37.29105413754373,0 36.24286614523612,37.29102735694986,0 36.24275989112583,37.29096703409167,0 36.24266923310638,37.2909620844893,0 36.24263585891041,37.29096026254106,0 36.24243338523987,37.2910536705739,0 36.24228475853685,37.29108349532856,0 36.24215871242329,37.29105132058441,0 36.24205340669349,37.29097292302391,0 36.24197097805854,37.29081445098227,0 36.24184931458494,37.290741155447,0 36.24175045385179,37.29069863373847,0 36.24165298111595,37.29065707580855,0 36.24132061481458,37.29063555994209,0 36.24110776877838,37.29063792408311,0 36.24082409463264,37.2906365664368,0 36.24071031609893,37.29064066444699,0 36.24058537052859,37.29064257352779,0 36.24057714930812,37.29064041569304,0 36.24036827930684,37.29052178961319,0 36.24027419530905,37.29043896796619,0 36.24026950487833,37.29043192179499,0 36.24024771564228,37.2903659201446,0 36.24024888368174,37.29035388312527,0 36.240291785932,37.29027580648355,0 36.24030135299362,37.29021496062429,0 36.24011711386813,37.28992464080513,0 36.24003832577892,37.28980277723217,0 36.23994591950123,37.28965899586889,0 36.23994356088647,37.28964997114643,0 36.23994632666555,37.28955961450235,0 36.23995080327519,37.28954959697901,0 36.2400269920714,37.28946485627083,0 36.24003261656178,37.28939675273499,0 36.24002634746728,37.28928840819901,0 36.2400200787986,37.28918840066307,0 36.24002377331168,37.28911954991871,0 36.23998037531444,37.2890607059711,0 36.239965281587,37.28896448481572,0 36.23996857029537,37.28875621531769,0 36.23995388901724,37.28870217699461,0 36.23989917797702,37.28869423813659,0 36.23977358153002,37.28868671527171,0 36.23962641080715,37.28866115598291,0 36.23959201933167,37.28866361557723,0 36.23956335090149,37.28868152559557,0 36.23947121217981,37.28874203794487,0 36.23946281020989,37.28874438640906,0 36.23936461665775,37.28874448718003,0 36.23935357916191,37.28874057917082,0 36.2392843665197,37.28867870391455,0 36.23925322445787,37.28861784893848,0 36.23924274550873,37.28857345509328,0 36.23923310064699,37.28853118008927,0 36.23922063687361,37.28849918621294,0 36.2391232877458,37.28844808465154,0 36.23902055551999,37.28841470280956,0 36.23898188398697,37.28838629654845,0 36.23890733810448,37.28833128145692,0 36.23886756756927,37.28833936180391,0 36.23876620007359,37.28838863406578,0 36.23862780360604,37.28841871452037,0 36.2385123689111,37.28847318596066,0 36.23840992862503,37.28849935575403,0 36.23824732365833,37.28853839618655,0 36.23812592703978,37.28859272419728,0 36.23802455269096,37.28859030704879,0 36.23790164095811,37.28852538298133,0 36.23775292005107,37.28851229948655,0 36.23775692550453,37.28856485006858,0 36.23773129280946,37.28861192501527,0 36.23774544411469,37.28871240255405,0 36.23771856593853,37.28879282814543,0 36.23757963447789,37.2888372012028,0 36.23748894044453,37.28886841767579,0 36.23746295158661,37.28892502056014,0 36.23749953175533,37.28906418323172,0 36.23753717963606,37.2891747592294,0 36.23761932798221,37.2893722315784,0 36.237717319625,37.28946517306293,0 36.23789301119983,37.28955519739958,0 36.23802642666541,37.28965851941622,0 36.23805232720216,37.28976404693205,0 36.23806594448104,37.28987881818954,0 36.23804342787857,37.29000226461049,0 36.23810154782679,37.29020393286176,0 36.23818245370586,37.29043475440079,0 36.23829477799974,37.29062340960974,0 36.23842187529358,37.2907361178587,0 36.23854932985183,37.29083929794063,0 36.23865257702161,37.29095143743008,0 36.2386976132298,37.29102403950017,0 36.23868319559825,37.2910904565946,0 36.23875680412634,37.29119712151366,0 36.23881973111653,37.29127015067751,0 36.2388996584473,37.29136742871176,0 36.23895591160429,37.29145937254497,0 36.23900673339033,37.29153688144716,0 36.23910419618484,37.29164411440393,0 36.23918501452754,37.29171757043172,0 36.23932003715363,37.29177801206863,0 36.23944135300042,37.29188581297473,0 36.23958198450056,37.29195592609936,0 36.23978242540407,37.29202269459044,0 36.23994165923591,37.29207417650064,0 36.24015474078744,37.29212217147534,0 36.24029982143188,37.29215304821224,0 36.24044487988282,37.29222445803911,0 36.24061610841689,37.29231437155999,0 36.24086257171437,37.29242753726743,0 36.24103627339618,37.29257115710545,0 36.24120443580513,37.29274325705158,0 36.24130657764142,37.29288517107202,0 36.24134424470186,37.29296836085938,0 36.2413851561791,37.29305871388134,0 36.24137995543666,37.29319807087317,0 36.24134070826959,37.29329012410506,0 36.24126301042674,37.29345279088747,0 36.24126715510032,37.29358164183059,0 36.24136115290283,37.29370190351077,0 36.24141229062729,37.29377107551977,0 36.24152657904558,37.29382744367155,0 36.24167497715213,37.29380951931148,0 36.24185261059802,37.29372791556883,0 36.24201168555786,37.29366375035235,0 36.24215300444146,37.29359558662961,0 36.24237009065251,37.29353638044891,0 36.24252362751361,37.29350069494762,0 36.24269952568066,37.29346554113348,0 36.24283003175497,37.29344719063374,0 36.24297275646264,37.29346131766252,0 36.24311662150777,37.29356488307208,0 36.24314947206144,37.29364434714346,0 36.243159423908,37.29373757148433,0 36.24315489328369,37.29385906388482,0 36.24296291022565,37.29396536327817,0 36.24291144473313,37.29402493841586,0 36.2428942868464,37.29419691540397,0 36.24293595303674,37.29436003934554,0 36.24294112784634,37.294541370691,0 36.24308978477063,37.29471657962438,0 36.24317509771834,37.29485941480498,0 36.2432920358928,37.29505519580942,0 36.24338237692746,37.2952236057728,0 36.24343714050991,37.29532569199554,0 36.24358437777729,37.29553901655666,0 36.24374389933781,37.29574309474219,0 36.24393778262083,37.29598613899761,0 36.2441247130809,37.29609549697498,0 36.24420242706491,37.29612432214901,0 36.2443719931444,37.29618721564895,0 36.24469225898591,37.29624252230285,0 36.24503851043392,37.29624122372745,0 36.24552576261571,37.29630049971267,0 36.24582991567561,37.29625053611915,0 36.24598220426022,37.29622551937683,0 36.24611802154732,37.29610476525519,0 36.2462173458362,37.29600221856225,0 36.2464345265517,37.29594062178987,0 36.2466267859553,37.29590704364846,0 36.24683097251627,37.29587374943207,0 36.2469548604483,37.29575271020564,0 36.24706931791658,37.29568391779971,0 36.24707697382539,37.295679316041,0 36.24722081279047,37.2956636614682,0 36.24741342562417,37.29562055324777,0 36.24756520657521,37.29552660360289,0 36.24765679419762,37.29569759145279,0 36.24770285981936,37.29578359280397,0 36.24768273387059,37.29578869031976,0 36.24761086551047,37.29580829353109,0 36.2475621272561,37.29582158772998,0 36.2474996073122,37.29589759102697,0 36.24749694587639,37.2959690578932,0 36.24747737854233,37.29609376904624,0 36.24756040430854,37.29626860425104,0 36.24758512130257,37.29640628889198,0 36.2475903127041,37.29641132345924,0 36.24768593991028,37.29650405801024,0 36.24769183463285,37.29650905613361,0 36.24776550228262,37.29657151733165,0 36.2478145800435,37.29665613392195,0 36.24789192420379,37.29678314827672,0 36.2480438184932,37.2969119338483,0 36.24809857787193,37.29704437267008,0 36.24813163878989,37.29709151400413,0 36.24816234475994,37.29713529891608,0 36.24817481492333,37.29720116387249,0 36.24826005965124,37.29731644426342,0 36.24853935133566,37.2974303744171,0 36.24864780868116,37.29746214777802,0 36.24880506530025,37.29750821698774,0 36.249095359937,37.2975270344365,0 36.24931493071227,37.29751429834148,0 36.2493869850614,37.29751011864414,0 36.24958147523896,37.29749685592302,0 36.24974592641949,37.29748884070549,0 36.24981759251535,37.29756803224991,0 36.2498287351554,37.29766962943986,0 36.24987670871407,37.2977840238801,0 36.2500012249479,37.29784658871554,0 36.25012751472715,37.29786150916151,0 36.25028473136637,37.29784736071097,0 36.25048652202403,37.29780476274029,0 36.2505762823136,37.29797381702424,0 36.25072931248216,37.29816019230155,0 36.25075606157292,37.29819276869311,0 36.25098330474745,37.2983257935994,0 36.25131811281064,37.2984967348542,0 36.2513921476958,37.29853663958009,0 36.25146636567579,37.29864143215173,0 36.25147518923834,37.29866172784325,0 36.25147814094298,37.29874286486361,0 36.25147093620544,37.29877607395365,0 36.251438990804,37.29883253899413,0 36.25139493832423,37.29889348611138,0 36.25130317569089,37.29895329997843,0 36.25128612124603,37.29896527750135,0 36.2511940517545,37.29899839580162,0 36.25104122998015,37.29909490876872,0 36.25092997875472,37.29919717742804,0 36.25086502103071,37.29933869385111,0 36.25085320905949,37.2994957778417,0 36.25090192296936,37.29963045462812,0 36.25104204580084,37.29971484840046,0 36.25118848975218,37.29978985361112,0 36.25131107587836,37.2998642929976,0 36.2515229476449,37.29994561914753,0 36.25172814508266,37.30004586213088,0 36.25182326168874,37.30007753177324,0 36.25188090885327,37.30011147897298,0 36.25196694153667,37.3002060991302,0 36.25197840019197,37.30021870341283,0 36.2520390446825,37.30035366327319,0 36.25204462358106,37.30039561996695,0 36.2520475120828,37.30041733936648,0 36.25205303915857,37.30045890464773,0 36.25202723729037,37.30057213069227,0 36.25201506827664,37.30067736014598,0 36.25197255187509,37.30085755885946,0 36.25194391024818,37.30098563133165,0 36.25190068447263,37.30118488771525,0 36.25184588203214,37.30137433164214,0 36.25177283471499,37.30157287925473,0 36.25169033912822,37.3017044430826,0 36.25161977037895,37.30183628969571,0 36.25153971952221,37.30191543613663,0 36.25150202042214,37.30195270951786,0 36.25139218207879,37.30201686342537,0 36.2512551821904,37.30200884337756,0 36.25116607356807,37.30199719056238,0 36.25101714541563,37.30198888649021,0 36.25090524257529,37.30194808036143,0 36.25075773325589,37.30190166056942,0 36.25055707538139,37.30183967389301,0 36.25030185574227,37.30180023258513,0 36.25023905168369,37.30178587815853,0 36.24940331602587,37.30173351809006,0 36.24916218153727,37.30170521729139,0 36.24915054049041,37.30170385055065,0 36.24895950969017,37.30169471607213,0 36.24884013449607,37.30169496568929,0 
								</coordinates>
							</LinearRing>
						</outerBoundaryIs>
						<innerBoundaryIs>
							<LinearRing>
								<coordinates>
									36.23642331152141,37.29406461867314,0 36.23665096973198,37.2941096674329,0 36.23674698621437,37.29415790342875,0 36.23677155160191,37.29416572020124,0 36.23677858856456,37.29416907842092,0 36.2367888550377,37.29417397814808,0 36.23685495310094,37.29425374032994,0 36.23703158272421,37.29440208921471,0 36.2372934060862,37.29450024637955,0 36.23751436805845,37.29457704625273,0 36.23774347612203,37.29467549906087,0 36.23795255759294,37.29483069655063,0 36.23798159653555,37.29488454640525,0 36.23806978325433,37.29504807856464,0 36.23823200229026,37.29525938160381,0 36.23841184753367,37.29547825749876,0 36.23857647118297,37.29562524159458,0 36.2387834207999,37.29583761068497,0 36.23890705690801,37.29588347542234,0 36.23902748900979,37.29601509816725,0 36.23917662776425,37.29609733582794,0 36.23931980069563,37.29614124036588,0 36.23941238355126,37.29613117036879,0 36.23955551223304,37.29613458191806,0 36.23977305299641,37.29606346921243,0 36.23999201540597,37.29595424154658,0 36.24030782003568,37.29580917172267,0 36.24057875995785,37.29558673425571,0 36.24094369369256,37.29540468500476,0 36.24128334967607,37.29526018058271,0 36.24138303511482,37.29514810791827,0 36.24141115706796,37.29503433189909,0 36.24146597823574,37.29484489354409,0 36.24165965891375,37.29477320804876,0 36.24180136263881,37.29481473248554,0 36.24201605285342,37.29481984509157,0 36.2422118655342,37.29469098820444,0 36.24245894257865,37.29446797739738,0 36.24258461175528,37.29429929999097,0 36.24268856069393,37.29407288077749,0 36.2427290933153,37.29389303574666,0 36.24265832501597,37.29379001856268,0 36.24258489066213,37.2937584665204,0 36.24244192418237,37.29379082673526,0 36.242333784612,37.2938895845701,0 36.24220439356731,37.29395803320627,0 36.24197809343146,37.2940241727146,0 36.24177571327299,37.29404915753527,0 36.24153761472009,37.29403156488861,0 36.24115988340333,37.2939569989256,0 36.24095382747065,37.29388056136836,0 36.24072674147211,37.29376785684508,0 36.24059244350096,37.2935679519748,0 36.24041342107535,37.29336698145698,0 36.24020191325556,37.29323676583791,0 36.24000286940323,37.29317241509841,0 36.23969178842353,37.29311135385051,0 36.23945614090878,37.29302824787845,0 36.2391165773309,37.29293074220597,0 36.23892565810456,37.29284870101731,0 36.23869835551758,37.29274194863131,0 36.23857763855134,37.29257812941179,0 36.23849664140886,37.29234968942787,0 36.23827557228588,37.29207618462271,0 36.23804805029064,37.29197538626553,0 36.23802947082989,37.29187361010676,0 36.23807931373385,37.29173770133125,0 36.23789084450475,37.29159014844635,0 36.23763128278172,37.29154819383482,0 36.23746439805932,37.29162170319672,0 36.23724344392718,37.291544903717,0 36.23713140850307,37.29149255564752,0 36.23700146343878,37.29143183819416,0 36.23695803924897,37.29140649328889,0 36.23688610868074,37.29136451051573,0 36.23682830126054,37.29133077090388,0 36.23681693618281,37.29131599647545,0 36.2367360289396,37.29121129427256,0 36.23670740671787,37.29116210705978,0 36.23654979642991,37.29108990444239,0 36.23639749122491,37.29107427029425,0 36.23622063369552,37.29111337652024,0 36.23618626866854,37.29123457186198,0 36.23624032296962,37.29137919967167,0 36.23624580891702,37.29139541631012,0 36.23633890851928,37.29149022543913,0 36.23636805887671,37.29151990949989,0 36.23639206806005,37.29153155555978,0 36.23657193896442,37.29161957796812,0 36.23668248014536,37.29170361715413,0 36.23669705445472,37.29177605108698,0 36.23670192528278,37.29180221904418,0 36.23669563189844,37.29182826374618,0 36.23667213734978,37.29187716395341,0 36.23665359008413,37.29191307225442,0 36.23664437877203,37.29191846375812,0 36.23655113238274,37.29197093663246,0 36.2365391330211,37.29197768928479,0 36.23652788465913,37.2919840195289,0 36.23650280234874,37.29199813383713,0 36.23648299668254,37.29212879853624,0 36.23649214229278,37.29219669045321,0 36.23649882647153,37.29224631515413,0 36.23650635723563,37.29230221652141,0 36.23649878882748,37.29250470248774,0 36.23648820147675,37.29251708652149,0 36.23639256811621,37.29259457260896,0 36.23628452836994,37.29263363958896,0 36.23617159170605,37.29261018897591,0 36.23608321275468,37.29255157104406,0 36.23603902688154,37.29249295354185,0 36.23598501178216,37.29246950375378,0 36.23588678961111,37.29247731152521,0 36.23580819992393,37.29255155107912,0 36.23573452033072,37.29266877120445,0 36.23566575497273,37.29277036037634,0 36.23560681395809,37.29287585862489,0 36.23556160456977,37.29291836376701,0 36.23555278573141,37.29292665380069,0 36.23542017568419,37.29292665256536,0 36.23541001583943,37.29292341846076,0 36.23539292848668,37.29291798084846,0 36.23529738439352,37.29288757251455,0 36.23508616537776,37.29283676250222,0 36.23491913808223,37.29279767426342,0 36.23463419353488,37.29278984488094,0 36.23453338709564,37.29277641791386,0 36.23445846109499,37.29276311539248,0 36.23437128311473,37.29271494291952,0 36.2343649874288,37.29270821883153,0 36.23436397701101,37.29263740745686,0 36.23431976096642,37.29258268786937,0 36.23417870803728,37.29252952787888,0 36.23413304683324,37.29251231885282,0 36.23402987541417,37.29249277342225,0 36.23388738289991,37.29255920896301,0 36.23381366987455,37.29263737288157,0 36.23374486367004,37.29273117379083,0 36.23371806653427,37.29282943538077,0 36.23369529995402,37.29285502857973,0 36.23360206016073,37.29295413425663,0 36.2333987891817,37.29300292557538,0 36.23336167881895,37.29309741099601,0 36.23345633058027,37.29319981330304,0 36.23369464171423,37.29329133972244,0 36.23392587905182,37.29333262703482,0 36.23410237587112,37.29340121881858,0 36.23427780418287,37.29349839519067,0 36.23444375307143,37.29360965117082,0 36.23454655153662,37.29373370524555,0 36.23464120569977,37.29383610648016,0 36.23482718525616,37.29389061715382,0 36.23504841088774,37.29396027494501,0 36.23532544711605,37.29397404103779,0 36.23557511368725,37.29400145971352,0 36.2357529492002,37.2940343153252,0 36.23585236327493,37.29403668792019,0 36.23594974643625,37.29403901240067,0 36.23607455293207,37.29403829855266,0 36.23619153688273,37.29403762929938,0 36.23642331152141,37.29406461867314,0 
								</coordinates>
							</LinearRing>
						</innerBoundaryIs>
					</Polygon>
				</MultiGeometry>
			</Placemark>
			<Placemark id="ID_200005">
				<name>Yenişehir Gölü</name>
				<Snippet maxLines="0"></Snippet>
				<description><![CDATA[<html xmlns:fo="http://www.w3.org/1999/XSL/Format" xmlns:msxsl="urn:schemas-microsoft-com:xslt">

<head>

<META http-equiv="Content-Type" content="text/html">

<meta http-equiv="content-type" content="text/html; charset=UTF-8">

</head>

<body style="margin:0px 0px 0px 0px;overflow:auto;background:#FFFFFF;">

<table style="font-family:Arial,Verdana,Times;font-size:12px;text-align:left;width:100%;border-collapse:collapse;padding:3px 3px 3px 3px">

<tr style="text-align:center;font-weight:bold;background:#9CBCE2">

<td>Yenişehir Gölü</td>

</tr>

<tr>

<td>

<table style="font-family:Arial,Verdana,Times;font-size:12px;text-align:left;width:100%;border-spacing:0px; padding:3px 3px 3px 3px">

<tr>

<td>SHAPE</td>

<td>Polygon</td>

</tr>

<tr bgcolor="#D4E4F3">

<td>Adı</td>

<td>Yenişehir Gölü</td>

</tr>

<tr>

<td>SHAPE_Length</td>

<td>1574.134577</td>

</tr>

<tr bgcolor="#D4E4F3">

<td>SHAPE_Area</td>

<td>139616.918386</td>

</tr>

</table>

</td>

</tr>

</table>

</body>

</html>]]></description>
				<styleUrl>#PolyStyle130000</styleUrl>
				<MultiGeometry>
					<Polygon>
						<outerBoundaryIs>
							<LinearRing>
								<coordinates>
									36.56770705164784,36.23924898545942,0 36.5676782311557,36.23923881750845,0 36.56765406155276,36.23922712220452,0 36.56762756688925,36.23922094119568,0 36.56761051842034,36.239211750737,0 36.56758613325061,36.23919996184181,0 36.56756166610885,36.23918813123888,0 36.56754445361427,36.23917885556562,0 36.56752462733972,36.2391654483561,0 36.56750473102436,36.23915199277707,0 36.5674873654478,36.23914262795952,0 36.56746473304194,36.23912494357619,0 36.56744681954295,36.23910566224316,0 36.56743146602787,36.23909047890952,0 36.56742354131049,36.23907791379443,0 36.56739696826623,36.2390357824839,0 36.56738845579169,36.23901303624405,0 36.56738040599419,36.23900026402089,0 36.5673604911667,36.23896762440301,0 36.56734891425173,36.23894802682135,0 36.56734234425284,36.23892695344598,0 36.5673380820521,36.23890976485362,0 36.56734392074007,36.23888970497125,0 36.56734237800289,36.23886704076568,0 36.56734316892839,36.23884829210711,0 36.56734669778119,36.23882408260137,0 36.56735023771518,36.23879979888086,0 36.56735338419708,36.23878490925205,0 36.56736163000856,36.2387685708048,0 36.56737498608954,36.23875077960739,0 36.5673934645719,36.23873153349395,0 36.56741707762781,36.23871083119776,0 36.56743562209036,36.2386915200367,0 36.56744908591012,36.23867360397686,0 36.56746257165741,36.23865565662614,0 36.56747839999466,36.23864177231964,0 36.56749705141097,36.23862234352652,0 36.56750684114655,36.23860644912857,0 36.56750684169587,36.23847672263364,0 36.56745924969425,36.23829587580799,0 36.56733550816754,36.23821021050971,0 36.56726264682808,36.2381082087288,0 36.56724888507601,36.23809908677305,0 36.56722662778553,36.2380753128374,0 36.56721516587793,36.23805948618586,0 36.56720827189914,36.23804996727032,0 36.56719213774338,36.23802769092882,0 36.56718289028947,36.23801492020439,0 36.5671695540992,36.23799598421222,0 36.56716070927379,36.23798336004552,0 36.56715345356921,36.23796596257342,0 36.56714679339026,36.23795644838717,0 36.5671417253359,36.23794215359816,0 36.56713441511968,36.23792463341094,0 36.56712100582866,36.23790545902185,0 36.56711204217871,36.23789264287647,0 36.56709631070699,36.23787014636219,0 36.56708503791088,36.23785402572342,0 36.56706920652401,36.23783138622227,0 36.5670624020244,36.23782165739063,0 36.56705034713936,36.23779726798678,0 36.56704509355056,36.23778258588575,0 36.56703912535945,36.23775967625718,0 36.5670354282514,36.23773996773834,0 36.56703171709144,36.23772019476517,0 36.56703188591362,36.23769869763667,0 36.56702974882151,36.23767379590559,0 36.56703151261894,36.23764711623485,0 36.56702544925135,36.23762367874402,0 36.56702790461328,36.23759716493941,0 36.56702699647931,36.23757255539282,0 36.56702854988419,36.23755939283466,0 36.56702608548701,36.23754785853224,0 36.56702733737264,36.2375263804288,0 36.56702889672147,36.23751312849194,0 36.56703449770213,36.23749818541729,0 36.56704602879903,36.23747653740119,0 36.56705166278503,36.23746151314951,0 36.56706263099878,36.23744683152223,0 36.56705947489805,36.23738211970127,0 36.56707509151334,36.23733624916698,0 36.56707243028392,36.2372902404132,0 36.56702218082427,36.23717880726366,0 36.56701721169672,36.23715651383931,0 36.56701091808325,36.2371472563031,0 36.567016104794,36.23710802231626,0 36.56702667144115,36.23702805648014,0 36.56703601082541,36.2370192810289,0 36.56704539790089,36.23691993697378,0 36.56707009933025,36.23690062677956,0 36.56708145660851,36.2368759907535,0 36.56708423647347,36.23686311504736,0 36.56710034365025,36.23682076908191,0 36.56710116916452,36.2368049062636,0 36.5670926356602,36.23674731176863,0 36.56709128640179,36.23673642805156,0 36.56709211580125,36.23672067504192,0 36.56707010641178,36.23666617780334,0 36.56707837330359,36.23665458443276,0 36.5670752847889,36.23664082071049,0 36.56707778297606,36.23659400108198,0 36.56708077683097,36.23657360445948,0 36.56712836747452,36.23650158048771,0 36.56713131558435,36.23648130326379,0 36.56716877114423,36.23641814246189,0 36.56718949409943,36.23638572851435,0 36.56719812922607,36.23636665646831,0 36.56723575664283,36.23630399959446,0 36.56724183251015,36.23629739571373,0 36.56725397881107,36.23628419081671,0 36.56727128003256,36.23627797532605,0 36.56743854812942,36.23621788663259,0 36.5674593742796,36.23620908806255,0 36.56747186120459,36.2362038118836,0 36.56764068483506,36.23613912450573,0 36.5677671777168,36.23608445878962,0 36.56778307726812,36.23607721196126,0 36.56785855854364,36.23604280515696,0 36.56787296481619,36.23603297642561,0 36.56789730030859,36.23602245205392,0 36.56795160988681,36.23600235129214,0 36.56796779639931,36.23599534995947,0 36.5679799297199,36.23599010140709,0 36.56807680993902,36.23594819870066,0 36.56811072325363,36.23593690803374,0 36.56818711585488,36.23590386138832,0 36.56821504223371,36.23589157003826,0 36.56823053267628,36.23588415786774,0 36.56830204009844,36.23585342669717,0 36.5683175490378,36.23584600585414,0 36.56833306126524,36.23583858400993,0 36.56835827530334,36.23582652049411,0 36.56843784024369,36.23578845126438,0 36.56844949046216,36.23578287740789,0 36.56846502549675,36.23577544405369,0 36.56859838269106,36.23571376165525,0 36.56868638580411,36.23564751667483,0 36.56870216129408,36.23563331934419,0 36.56875919082191,36.23558286444806,0 36.56877290656362,36.23557314093264,0 36.56879738775113,36.23555328645268,0 36.56891890908011,36.23551757417482,0 36.5689405960254,36.23551186177383,0 36.56896227412272,36.23550615053427,0 36.56902106078177,36.23550105544881,0 36.56904067477571,36.23549935502805,0 36.56907215479674,36.2354927923572,0 36.56908005414081,36.2354895542008,0 36.5691507863963,36.23547958631718,0 36.56916847167739,36.23547543864558,0 36.56918994310322,36.23546919472743,0 36.56919970640941,36.23546813001397,0 36.56939079211162,36.23541632390849,0 36.56940848951532,36.2354129074696,0 36.56941835223939,36.23541243894821,0 36.56965692335865,36.23533863366318,0 36.5697488099391,36.23530898765231,0 36.56976231604252,36.23530675688069,0 36.56986695565306,36.23529686851733,0 36.56989443270749,36.23529880743244,0 36.56991385539379,36.23529745046837,0 36.56995841815147,36.235320454772,0 36.56997667242417,36.23533046936259,0 36.56998473016882,36.23533420572977,0 36.57006668199358,36.23538465709491,0 36.57007478075636,36.2353884147557,0 36.5700984675588,36.23539316452708,0 36.57014429069148,36.23540661991481,0 36.57016052319268,36.23541414589322,0 36.57017980914451,36.23541374264749,0 36.57020348135666,36.23541848922946,0 36.57027224600459,36.23541311611938,0 36.57028551902923,36.23541153107704,0 36.57031202743632,36.23540836481582,0 36.5703230408458,36.2354042226105,0 36.57042117232408,36.23539439126684,0 36.57043876563925,36.23539792376227,0 36.57045694753607,36.23539093275504,0 36.57054953742331,36.23539642838676,0 36.57058094086539,36.23539685953722,0 36.57060716332214,36.23540314446201,0 36.5706783680636,36.23540751753547,0 36.57072189935203,36.2354098162587,0 36.57073766232564,36.2354100335858,0 36.57082965150816,36.23539095356679,0 36.57086632468015,36.23538552639612,0 36.57091180997875,36.23537260606702,0 36.57094518218347,36.23535784923285,0 36.57097850862795,36.23534311357965,0 36.57105609111917,36.23530880959349,0 36.5710821044303,36.23529711717644,0 36.57110068764362,36.23528875623963,0 36.57118839407295,36.23525288456523,0 36.57121062701754,36.23524287738841,0 36.57122914257035,36.23523454548501,0 36.57124394818083,36.23522788142591,0 36.57130912448397,36.23520218521094,0 36.57132746013796,36.23519403076472,0 36.57134211885069,36.23518751164369,0 36.57135310827589,36.23518262491735,0 36.57141633337032,36.23516261113999,0 36.57143704950436,36.23515605331725,0 36.57151689323856,36.23516364381973,0 36.57152900173283,36.23516545335698,0 36.57161257765088,36.23521503966885,0 36.57161986655743,36.23522269942622,0 36.57169806023077,36.23528282451834,0 36.57170789019901,36.23529313930896,0 36.5717520173582,36.23535462595272,0 36.57177197831382,36.23537458697744,0 36.57185684907515,36.23545945533453,0 36.57196155249653,36.23563078381454,0 36.57199010665934,36.23584970459424,0 36.57198816977732,36.23588263174758,0 36.57189492108513,36.23596392348384,0 36.57138091496245,36.23638272551086,0 36.57132222150533,36.23645315384528,0 36.57123813339048,36.23655404692712,0 36.57123000431129,36.23660484619607,0 36.57120963049041,36.23673217566788,0 36.57116475874369,36.23677885527754,0 36.571157695052,36.23679675614584,0 36.5711398885392,36.23681780819759,0 36.57112336211538,36.23684369471178,0 36.57110974649393,36.23685820353001,0 36.57109203582481,36.23687913828093,0 36.57107436114831,36.23690003320983,0 36.57106207111543,36.23691930124485,0 36.57105576461903,36.23694535534517,0 36.57104392368638,36.23697416799067,0 36.57103642383174,36.23699521654125,0 36.57103112527306,36.23702762695579,0 36.57101942047041,36.23705605890378,0 36.57101310434151,36.2370824881149,0 36.57099616900054,36.23711253693861,0 36.57098883136847,36.23713311841441,0 36.57097201868054,36.23716293020487,0 36.57096475244094,36.23718334555983,0 36.5709544520083,36.2372166064524,0 36.57094724540021,36.23723684162206,0 36.57094241031541,36.23726726764819,0 36.57093545764194,36.23728611846755,0 36.57092793414319,36.23732738483551,0 36.57091816445769,36.23735798896998,0 36.57090843958888,36.23738845390813,0 36.57090106111367,36.23742907080916,0 36.57089540220358,36.23745259260007,0 36.57089206423651,36.2374862202619,0 36.57088759639441,36.23751459990353,0 36.57089218357334,36.23753483130122,0 36.57089789278454,36.23756001631899,0 36.57090130561171,36.23757507310708,0 36.57090923443732,36.23761004355637,0 36.57090725357266,36.23762823941401,0 36.57091238035628,36.23765582593921,0 36.57091849381441,36.23768871522048,0 36.57092052226505,36.23769962723588,0 36.57092758196073,36.2377376150484,0 36.5709335880869,36.23776992998138,0 36.57093357402837,36.23779829455175,0 36.57093356307278,36.23782633646368,0 36.57093850700032,36.23785293552603,0 36.57095728094397,36.23786919200701,0 36.57097803165078,36.23786806637154,0 36.57100465225189,36.23787059464153,0 36.57103214600966,36.23787835066452,0 36.57106448250197,36.23788449688505,0 36.57109672134205,36.23789062348969,0 36.57111903096236,36.23789989227158,0 36.571127417172,36.23791903971338,0 36.57112598051194,36.23794124687281,0 36.57111793520176,36.23795466656563,0 36.57109703098944,36.23798297431712,0 36.57108418302839,36.23799785844393,0 36.57106164673262,36.23801582619355,0 36.5710431168759,36.23802713098248,0 36.57102173978512,36.23804942772566,0 36.57100728554366,36.2380537079782,0 36.57098991674844,36.23806930926805,0 36.57097258641605,36.23808487606821,0 36.57095146112791,36.23810674359609,0 36.57093421829372,36.23812222938718,0 36.57091222262988,36.23813910152922,0 36.57089027200868,36.23815593718147,0 36.5708731501965,36.23817132113605,0 36.57085230636875,36.23819292254375,0 36.57083526876413,36.23820822648883,0 36.57081246930684,36.23822010034246,0 36.57079074204983,36.23823676171211,0 36.57076642364783,36.2382643488102,0 36.57074113958404,36.23828707041438,0 36.57072906527257,36.23830077447387,0 36.5707075510192,36.23831725376456,0 36.57068608189103,36.23833369836527,0 36.57066577903841,36.23835470061503,0 36.57064807935564,36.2383644794352,0 36.57063509547068,36.23837296221808,0 36.57061385678355,36.23838863044779,0 36.57060084750984,36.23839755728832,0 36.57058074061475,36.23841846717053,0 36.57056306877684,36.23842880918593,0 36.57055012075317,36.23843768913976,0 36.57053087659231,36.23844977385848,0 36.5705195690491,36.23845686941979,0 36.57050435570234,36.23847616168916,0 36.57048799149379,36.23849091746604,0 36.57046698232476,36.23850708428535,0 36.57044479867339,36.23851875766383,0 36.5704260875977,36.23852452379219,0 36.57039802702612,36.23853317144728,0 36.5703652938805,36.23854325889339,0 36.57034785929275,36.23855346314064,0 36.57033044309104,36.23856365602381,0 36.57030709451727,36.23857085097058,0 36.5702977581801,36.2385737284952,0 36.57027908324114,36.23857948270901,0 36.57015524465881,36.23864365779642,0 36.57013473809946,36.23866016634628,0 36.5701175487375,36.23867070111693,0 36.57009111401828,36.23868428006775,0 36.57007074427732,36.2387006917139,0 36.57005364574061,36.23871116970067,0 36.57003938487964,36.23873035236311,0 36.5700237611296,36.23874512920442,0 36.57000817576228,36.23875986975715,0 36.56998803301978,36.23877608899716,0 36.56997252770798,36.23879075597286,0 36.56995849739995,36.23880967764979,0 36.56994764573257,36.2388227576385,0 36.56993514346917,36.23884582881387,0 36.56993035776885,36.23886156758182,0 36.56991644083673,36.23887973081079,0 36.56990711397928,36.23889642518738,0 36.5698841443123,36.23891690510786,0 36.56986431514678,36.2389318048742,0 36.56985817002079,36.23894284758573,0 36.56983988777539,36.23896192061402,0 36.5698247012727,36.23897545627494,0 36.5698169982661,36.23899557106194,0 36.56981086303314,36.23900602510864,0 36.56980009650882,36.23903087078311,0 36.56978946943554,36.23904248439354,0 36.56978485497596,36.23905683046712,0 36.56976671199088,36.23907478566188,0 36.56975762823386,36.23909027350516,0 36.56974406221564,36.23910693594193,0 36.5697245297716,36.23912085461939,0 36.56970651558925,36.23912571051049,0 36.56968550280258,36.23913569720077,0 36.56966297495602,36.23914177096341,0 36.56964187401035,36.23913880268911,0 36.56961168753987,36.23913826198939,0 36.56959204508144,36.23913921012313,0 36.56957376219916,36.23913107858783,0 36.56955246988923,36.23912808447878,0 36.5695343179566,36.23913296878701,0 36.56952070078593,36.23913663459044,0 36.56948890962422,36.23914518895688,0 36.56946326814551,36.23915645728415,0 36.56944508991074,36.23916135047404,0 36.5694314517901,36.2391650204974,0 36.56940570270852,36.23917592891549,0 36.56939198420297,36.23917937247637,0 36.56935994841908,36.2391874160294,0 36.5693278774121,36.23919546783437,0 36.56930036016106,36.23920237625541,0 36.56927570695469,36.23920425160399,0 36.56924812798532,36.23921117266911,0 36.56921464728082,36.23922783977622,0 36.56919614214738,36.2392322228045,0 36.56917011779641,36.2392427051033,0 36.5691487182842,36.23925209055864,0 36.56913195254033,36.23926037980723,0 36.56909663239708,36.23927306975673,0 36.56907522093554,36.23928246186334,0 36.5690538062593,36.23929185676535,0 36.56903703720485,36.2393001470009,0 36.56901744917604,36.23931341038205,0 36.56898569197486,36.23935528699025,0 36.56897450751324,36.23937503808987,0 36.56897261152873,36.23939251868119,0 36.56896804921459,36.23941505165484,0 36.56895987106723,36.23943001142312,0 36.56896269925093,36.23944637779987,0 36.56896722492081,36.23946783109829,0 36.56896561826332,36.23948387312578,0 36.56896117624495,36.23950614120957,0 36.56895944797708,36.23952342126923,0 36.5689577271252,36.23954064434293,0 36.56895332443755,36.23956267698601,0 36.56894527585452,36.23957725805842,0 36.56893992261342,36.23958695977914,0 36.56890671363837,36.23961216758242,0 36.56886985860985,36.239630018416,0 36.56885633226401,36.2396335318638,0 36.56883828802814,36.23963822003429,0 36.56880216869424,36.23964760269519,0 36.56877053214866,36.23965582158345,0 36.56875504510354,36.23965569849281,0 36.56872661049069,36.23965061816008,0 36.56870976608377,36.23963831594798,0 36.56869285722812,36.23962596610206,0 36.56867131514404,36.2396147493653,0 36.56865426291093,36.23960230378253,0 36.56863455206036,36.23959471391954,0 36.56861736697797,36.23958218399889,0 36.56859292149773,36.23957572305856,0 36.56857097628718,36.23956429939472,0 36.56855356613971,36.23955163833003,0 36.56853608808892,36.23953892703138,0 36.56851596608531,36.23953114940083,0 36.56849369355653,36.23951954718431,0 36.56847132984071,36.23950789632858,0 36.56844887160575,36.23949619693307,0 36.56843101133531,36.23948324925242,0 36.56841735893874,36.23947795622286,0 36.56839036333856,36.2394584002621,0 36.56837444452174,36.23944917978347,0 36.56835629741655,36.23943603882838,0 36.56833807553955,36.23942284333902,0 36.56831757273457,36.23940567037733,0 36.56829442310309,36.23939356361409,0 36.56827311223655,36.23939446404782,0 36.56824501553892,36.23938351055534,0 36.56822159521641,36.23937129653056,0 36.56820035912183,36.23936301240341,0 36.568174236586,36.23935591848256,0 36.56814802396698,36.23934880021536,0 36.56812171904333,36.23934165766809,0 36.56810017231283,36.23933326836929,0 36.56808091328839,36.23932888336907,0 36.56804950686725,36.23932289778883,0 36.56802774003344,36.23931443756147,0 36.56800830446078,36.23931001006721,0 36.56798151181407,36.23930273248297,0 36.56794972222524,36.23929666100758,0 36.5679276458471,36.23929750584927,0 36.56789814669811,36.23929549895259,0 36.56787349611999,36.23929225162348,0 36.56784728279688,36.23928592350612,0 36.56782368954511,36.23928386457802,0 36.56780236090987,36.23927633189076,0 36.56776912193552,36.2392677393366,0 36.56774049900209,36.23925763578173,0 36.56770705164784,36.23924898545942,0 
								</coordinates>
							</LinearRing>
						</outerBoundaryIs>
					</Polygon>
				</MultiGeometry>
			</Placemark>
			<Placemark id="ID_200006">
				<name>Habib-i Neccar Dağı ve Antakya Kal.S.Pierre Kilise</name>
				<Snippet maxLines="0"></Snippet>
				<description><![CDATA[<html xmlns:fo="http://www.w3.org/1999/XSL/Format" xmlns:msxsl="urn:schemas-microsoft-com:xslt">

<head>

<META http-equiv="Content-Type" content="text/html">

<meta http-equiv="content-type" content="text/html; charset=UTF-8">

</head>

<body style="margin:0px 0px 0px 0px;overflow:auto;background:#FFFFFF;">

<table style="font-family:Arial,Verdana,Times;font-size:12px;text-align:left;width:100%;border-collapse:collapse;padding:3px 3px 3px 3px">

<tr style="text-align:center;font-weight:bold;background:#9CBCE2">

<td>Habib-i Neccar Dağı ve Antakya Kal.S.Pierre Kilise</td>

</tr>

<tr>

<td>

<table style="font-family:Arial,Verdana,Times;font-size:12px;text-align:left;width:100%;border-spacing:0px; padding:3px 3px 3px 3px">

<tr>

<td>SHAPE</td>

<td>Polygon</td>

</tr>

<tr bgcolor="#D4E4F3">

<td>Adı</td>

<td>Habib-i Neccar Dağı ve Antakya Kal.S.Pierre Kilise</td>

</tr>

<tr>

<td>SHAPE_Length</td>

<td>6073.121207</td>

</tr>

<tr bgcolor="#D4E4F3">

<td>SHAPE_Area</td>

<td>682873.016951</td>

</tr>

</table>

</td>

</tr>

</table>

</body>

</html>]]></description>
				<styleUrl>#PolyStyle130000</styleUrl>
				<MultiGeometry>
					<Polygon>
						<outerBoundaryIs>
							<LinearRing>
								<coordinates>
									36.1794861574812,36.21277915629308,0 36.17940976475106,36.21269765467518,0 36.17935653264017,36.21264151675083,0 36.17934271576741,36.21263069211931,0 36.17933350418721,36.21262347660729,0 36.17925561120227,36.21258411394613,0 36.17924186148023,36.21257695152631,0 36.17919153501919,36.21255557318218,0 36.17917778426973,36.21254841258428,0 36.17905129945896,36.21252720848796,0 36.17892182838067,36.2124666076923,0 36.17876669042362,36.21240631164255,0 36.17874089624174,36.21239971452438,0 36.178715229171,36.21240001940992,0 36.17857632037177,36.21229119987309,0 36.17856763829095,36.21228439825955,0 36.17843741080997,36.21218237928325,0 36.17842860385822,36.2121686746878,0 36.1783056728508,36.21199752481583,0 36.17828793086462,36.21196321361689,0 36.17816500050915,36.21179206356395,0 36.1781559405847,36.21176455308689,0 36.17802357310517,36.21154518354082,0 36.17800595728323,36.21151777433038,0 36.17795260613637,36.21140793670207,0 36.17793385680969,36.21131840187734,0 36.17793588614343,36.21128818156427,0 36.17792917490326,36.21128152305685,0 36.17791999790073,36.21127023698647,0 36.1779074568876,36.21126116971686,0 36.17790038435673,36.21125055762302,0 36.17789541022307,36.21123818930956,0 36.17789128130714,36.21122769181164,0 36.17788601060292,36.21121882057282,0 36.17788191847441,36.2112084077044,0 36.177876686342,36.21119961023395,0 36.17787122548308,36.21118892556002,0 36.17786719192277,36.21117864089748,0 36.17786456863433,36.21116874768774,0 36.17786195798477,36.21115889198958,0 36.17785796500069,36.2111487306046,0 36.17785131752916,36.21113339968329,0 36.17784286348844,36.21111409502002,0 36.17783848542567,36.21110040872028,0 36.17783345065049,36.21109200880859,0 36.17782780460765,36.21107985299667,0 36.17782098514607,36.21106922876363,0 36.17781583621903,36.21106083819326,0 36.17781047808981,36.21105065812393,0 36.17780537103033,36.21104234033316,0 36.1778014558769,36.21103259049767,0 36.17779458867687,36.21101518199059,0 36.17778798888256,36.21099968218667,0 36.17778393019827,36.21098833665224,0 36.17777989151028,36.21097704555529,0 36.17777745402754,36.21096789624678,0 36.1777736593798,36.21095845860403,0 36.17777008826591,36.21095080737562,0 36.17776768381915,36.21094175991801,0 36.17776128098183,36.21092675770996,0 36.17775647099093,36.21091388309448,0 36.17775121791527,36.2109026441001,0 36.17774656274282,36.21089076472693,0 36.1777386741019,36.21087325720718,0 36.17773332358813,36.21086054474374,0 36.17772658235886,36.21084676986151,0 36.17771916743237,36.21083055369013,0 36.17771759617733,36.21082167872992,0 36.17771463142993,36.21080876047245,0 36.17771157258165,36.21079739106258,0 36.17770967625922,36.21078782005543,0 36.17770668406763,36.21077576220927,0 36.17770474786126,36.21076699156826,0 36.17770177162397,36.21075499817952,0 36.17769724608509,36.21073818885672,0 36.17769325575149,36.21072306394629,0 36.17769041951151,36.21070972144243,0 36.17768692063736,36.21069704086219,0 36.17768224767322,36.21068342997837,0 36.17767871978772,36.21067157110231,0 36.1776764361825,36.21065998644038,0 36.17767442525015,36.21064478098206,0 36.17767276965921,36.21063338238286,0 36.17767045081465,36.2106226304044,0 36.17766813872698,36.21061190798371,0 36.17766543705992,36.21059820865733,0 36.17766486062112,36.21058932347462,0 36.17766190187118,36.21057930040041,0 36.17766138460437,36.21056973418956,0 36.17765959976342,36.21056069188727,0 36.1776580869594,36.21054809548941,0 36.17765547737555,36.21053389628893,0 36.17765156029601,36.21052096549375,0 36.17764897023653,36.21050686399773,0 36.17764726707893,36.21049725721615,0 36.17764556809208,36.21048767104979,0 36.17764392723925,36.21047740568512,0 36.17764114799098,36.21046626764152,0 36.17763967999208,36.21045395390961,0 36.17763745600062,36.21044367701016,0 36.17763562175387,36.21042855065985,0 36.17763276078745,36.21041893770504,0 36.17763007252901,36.21040727278236,0 36.1776287144344,36.21039410275475,0 36.17762548998301,36.21037440945889,0 36.17762288165978,36.21036219181817,0 36.17762028257016,36.21035000997734,0 36.17761928863966,36.21034017798467,0 36.17761829791466,36.21033037023737,0 36.17761677892404,36.21031981867682,0 36.17761456744594,36.21031056513273,0 36.17761497364518,36.21029829169924,0 36.17761582213527,36.21028065377163,0 36.17761972491789,36.21026894342818,0 36.17762749326,36.21026051139786,0 36.17763589259543,36.2102589607797,0 36.17764425238872,36.21025808165596,0 36.17765176600478,36.21025299960322,0 36.17765533096038,36.2102453335178,0 36.17765976642208,36.21023406408776,0 36.17766152249654,36.2102190693948,0 36.17766235080521,36.21020837884858,0 36.17765977389172,36.21019592067184,0 36.17765476709289,36.21018452824008,0 36.17764972647206,36.21017383869072,0 36.17764470182287,36.21016318656425,0 36.17764227485306,36.21014957004839,0 36.17764135381079,36.2101393134863,0 36.17764078417114,36.21012749132505,0 36.17764061718757,36.2101109464296,0 36.17764026334814,36.21009640611786,0 36.17764119641269,36.21008665537388,0 36.17764098055401,36.21007678828241,0 36.17764197344632,36.21006642768248,0 36.17764468294017,36.21005628008225,0 36.17764814811618,36.21004428039024,0 36.1776531398307,36.2100344190669,0 36.17766024974708,36.21002568192917,0 36.17767058292433,36.21001844781877,0 36.17768516271307,36.21001157122681,0 36.17769805537252,36.2100013908609,0 36.17770689867943,36.20999479289863,0 36.17771430745663,36.20998604961651,0 36.17771997665956,36.20997380570641,0 36.17772361385725,36.20996138601714,0 36.17772765722553,36.20995232577458,0 36.17773197297807,36.20993760457458,0 36.17773504119688,36.20992475394685,0 36.17773634527676,36.20991079044974,0 36.17773658216121,36.20989809798294,0 36.17773984950343,36.20988692538153,0 36.17774425606,36.2098671121603,0 36.17774810960255,36.20985393877834,0 36.17775100303171,36.20984405031931,0 36.17775370483467,36.20983481216592,0 36.17775640867648,36.20982556945259,0 36.1777610748178,36.20981439571585,0 36.17776732048037,36.20980260326898,0 36.17777249690855,36.20979208641233,0 36.17778173602552,36.20977969083905,0 36.17778883088533,36.20976986822747,0 36.17780074763139,36.20976288578466,0 36.17781251993046,36.20975653797425,0 36.1778253307801,36.20974681033739,0 36.17783521981771,36.20973841203873,0 36.1778424547236,36.20973147293631,0 36.17785167108355,36.20972398283744,0 36.17785899983061,36.20971430719789,0 36.17786262915576,36.20970232566538,0 36.17786569240344,36.2096889407941,0 36.17787017382573,36.20966748911866,0 36.17787253032339,36.2096581267735,0 36.17787539256973,36.20964675407111,0 36.17787893031885,36.20963270236317,0 36.17788213163528,36.20961998156207,0 36.17788231476001,36.20960708776887,0 36.17788309877334,36.20959423207147,0 36.17788347744009,36.20958542783533,0 36.17788684829015,36.20957203298482,0 36.17788773059279,36.209561221151,0 36.17788493602768,36.20952772547292,0 36.17788463342877,36.20951189697993,0 36.17788859119701,36.20949849734207,0 36.17789172220479,36.20949049584827,0 36.17789505141671,36.20947549538163,0 36.1778791918276,36.209468139255,0 36.17787250183623,36.20945972116004,0 36.17786581058041,36.20945069483251,0 36.17786290530842,36.20943866801936,0 36.17786414837415,36.20942775828493,0 36.17786738793615,36.20941565284343,0 36.17786858689389,36.20940678535089,0 36.17787178542464,36.20939671576146,0 36.17787251125773,36.20938709307842,0 36.1778725487302,36.20937532596995,0 36.1778728479316,36.2093628823616,0 36.17787319967051,36.20934835753842,0 36.1778762453314,36.20933473072896,0 36.17787967484518,36.20932597245817,0 36.17788215487025,36.20931573362994,0 36.17788533022866,36.20930761921676,0 36.177888511741,36.20929949202401,0 36.17789020734322,36.2092912466297,0 36.17789275279426,36.20927886046106,0 36.17789759707033,36.20926450638665,0 36.1779016025125,36.20925426305619,0 36.17790588395739,36.20924331130654,0 36.17790813276567,36.20923362381017,0 36.17791135292944,36.20922538024427,0 36.17791592639854,36.20921367639489,0 36.17792207873338,36.20919990933253,0 36.17793096720662,36.20918904508562,0 36.17793836661998,36.20917806722655,0 36.17794831231767,36.20916857073318,0 36.17795725704679,36.20915970100186,0 36.17796405484032,36.20915526064326,0 36.17797038351835,36.20915021908159,0 36.17798164876411,36.20914563203447,0 36.17799184663447,36.20914384975431,0 36.1780049584042,36.20914287853474,0 36.1780198930112,36.20914556973055,0 36.17803333044213,36.20914822142284,0 36.17804352354761,36.20915511268375,0 36.17805508037246,36.20916281205579,0 36.17806490722563,36.20916683572843,0 36.17807808755402,36.2091688220037,0 36.17809466642425,36.20916875796777,0 36.17810632914208,36.209162617601,0 36.1781136325558,36.20915701574802,0 36.17812456894128,36.20915078745253,0 36.17813918873643,36.20914391515233,0 36.1781528593012,36.20914364546387,0 36.17816263817347,36.20914472549672,0 36.178175160586,36.20914963270583,0 36.17818512210434,36.20915670853531,0 36.178185932416,36.20916719512246,0 36.17818851196216,36.20917551430795,0 36.17819374585261,36.20918993480087,0 36.17819626120282,36.20920051393543,0 36.17819877913969,36.20921110201252,0 36.17820410125163,36.20922333400759,0 36.17820895511133,36.20923256866148,0 36.17821210233248,36.20924172612963,0 36.17821713947252,36.20925474698309,0 36.17822232704219,36.20926329781541,0 36.17822690177576,36.20927332838119,0 36.17823431963835,36.2092850586,0 36.17824207040785,36.20929608519371,0 36.17824960303938,36.20930562350506,0 36.17825422233892,36.20931573849265,0 36.1782562293976,36.20932568232124,0 36.17825979024602,36.20933725644782,0 36.17826352370621,36.20935262787134,0 36.17826378486517,36.20936245861226,0 36.17826460535518,36.20937308640584,0 36.17826479317795,36.209385171031,0 36.17826777519861,36.20940126261202,0 36.17826827935612,36.20941261882127,0 36.17827109537807,36.20942493906221,0 36.17827191501465,36.20943557318623,0 36.17827522149546,36.20945097218041,0 36.17827836046433,36.20946344153423,0 36.17828303146899,36.20947156453993,0 36.17828578346247,36.2094825501003,0 36.17829035602569,36.2094921968374,0 36.17829762069231,36.20950060864164,0 36.17830796329841,36.20951204302742,0 36.17831350462406,36.20952372850804,0 36.17832003741421,36.2095305692654,0 36.17832288984364,36.20954005266712,0 36.17832226298506,36.20954912483062,0 36.17831990473032,36.20955797538591,0 36.17831928204058,36.20956701319547,0 36.17831347566828,36.20957539851678,0 36.17830652342397,36.2095881379428,0 36.17829980701373,36.20959783067173,0 36.17829654046671,36.20960792190444,0 36.17829308573377,36.20962094592529,0 36.17829049663408,36.20963403794817,0 36.17828546362618,36.20964526651356,0 36.17827988383637,36.20965859033374,0 36.17827695689532,36.20967075325687,0 36.17827469806701,36.20967928577114,0 36.17827412735375,36.20968804194594,0 36.17827673408849,36.20970019112753,0 36.17827578132079,36.20971472742194,0 36.1782742766429,36.20972474928752,0 36.17827379686423,36.2097385539026,0 36.17827741993025,36.20974787353786,0 36.17828206314527,36.20976099587364,0 36.1782839108485,36.20977148011221,0 36.1782848199442,36.2097832526934,0 36.17828572823865,36.2097950054709,0 36.17828654027277,36.20980817108258,0 36.17828697910805,36.20982052297878,0 36.17828508996706,36.20983604567636,0 36.17828357511575,36.20985229915596,0 36.1782861460914,36.20986422400404,0 36.17828890578333,36.20987331157004,0 36.17828833025854,36.20988178401533,0 36.17828942122241,36.20989055008312,0 36.17829161530418,36.20990165230244,0 36.17829371114079,36.20991414578143,0 36.17829703426226,36.20992627411491,0 36.17829945223451,36.20994345664283,0 36.17830223358232,36.20995925978633,0 36.17830592404931,36.2099715901202,0 36.17831207317148,36.20998510406326,0 36.1783176389293,36.20999560660459,0 36.17832309556617,36.21000390787217,0 36.17832988453467,36.21001246118139,0 36.17833668634262,36.2100210294681,0 36.17834446608704,36.21003125867921,0 36.17835019995891,36.21004407356562,0 36.17835400618714,36.2100536046005,0 36.17836359263828,36.21006476170704,0 36.17841130324202,36.21007686162675,0 36.17850827426212,36.21008872062316,0 36.17853648903844,36.21008838410987,0 36.17856351527485,36.21002300828976,0 36.17856191220142,36.20993520384324,0 36.17856164556077,36.20992056930385,0 36.17857281598073,36.20987001966715,0 36.17858063967326,36.20985691552741,0 36.17858443331286,36.20984385905946,0 36.17863985227731,36.20978790394984,0 36.17864767598762,36.20977480070668,0 36.17869918245668,36.20972539720974,0 36.17871702293926,36.20970892142707,0 36.17880308480549,36.20967537012862,0 36.17881908950474,36.20966867449044,0 36.17883118073763,36.20966853142149,0 36.17891961497958,36.20965446886913,0 36.17893964855566,36.2096477246618,0 36.17895980208414,36.20964748615347,0 36.17904041267975,36.20964652767395,0 36.17906459506149,36.20964623969009,0 36.17907680618151,36.20965260049772,0 36.17924650546607,36.20967335208398,0 36.17927273311783,36.20967466595323,0 36.17928704779482,36.20968588017767,0 36.17939652656207,36.20972035862692,0 36.17942491945836,36.20972977915419,0 36.17943303893017,36.20973293526792,0 36.17953463487066,36.20977726535693,0 36.17955484670538,36.20978027829018,0 36.17957114728489,36.20978984195318,0 36.17963652801435,36.20983785562292,0 36.17964470804944,36.20984426410558,0 36.17965697753097,36.20985387639311,0 36.17970623598117,36.20990208181092,0 36.17975934737585,36.20994048312303,0 36.17985317968038,36.21000116863718,0 36.17986550865521,36.21001403331386,0 36.1798908213998,36.21007553377713,0 36.17994849797857,36.21014315629363,0 36.17998655704692,36.21024028645421,0 36.1800850752179,36.21040522996092,0 36.18010683484591,36.21049279465378,0 36.18012468002654,36.2105869119785,0 36.18014614036395,36.2106582173557,0 36.18017987043321,36.21073913494892,0 36.18022160349231,36.2108167036977,0 36.18029149227407,36.21089068487365,0 36.18032166697728,36.2109976658662,0 36.1803219653459,36.21101392609433,0 36.18032226260417,36.21103018635199,0 36.18033169126151,36.21110488641849,0 36.18033607810126,36.21112435135293,0 36.18033655258279,36.21115036707384,0 36.18036649189192,36.21124434013881,0 36.18037075981226,36.21125730024806,0 36.18037099765258,36.2112703089933,0 36.1803722461815,36.2113386015297,0 36.18038066424551,36.21135801779465,0 36.18038511051348,36.21138073333621,0 36.18039475601857,36.21144461492209,0 36.18042945362715,36.21154668332268,0 36.18043915877512,36.21156177414404,0 36.1804651829489,36.21170625172543,0 36.18046056507793,36.2117139431964,0 36.18045237427143,36.21179431962767,0 36.1804778141286,36.21189749667553,0 36.1804883418282,36.21195883070249,0 36.18052282973223,36.21202768705897,0 36.18053731872558,36.21203907129858,0 36.1805701202154,36.21208073574597,0 36.18061626087722,36.21216710467412,0 36.18066833294144,36.21221770658775,0 36.18078478932968,36.21227787766446,0 36.18089511279795,36.21234336268037,0 36.18096044765247,36.21239919859964,0 36.18100027010203,36.21246058123992,0 36.18102761262956,36.21253771702857,0 36.1810736698668,36.21258372261388,0 36.18114544112784,36.2126242949787,0 36.18128510717176,36.21266929194188,0 36.18139914075744,36.2127146500534,0 36.18142535355484,36.21272992327317,0 36.18151753511592,36.21279643294988,0 36.18153734060621,36.21281181628181,0 36.1816158970643,36.21284734977129,0 36.18163573674953,36.21286275290205,0 36.18171501786117,36.21291921027159,0 36.18172826847167,36.21292949819623,0 36.18185367191646,36.21300643804516,0 36.18186031385509,36.21301159417271,0 36.18193974884852,36.21306303338505,0 36.18202418190928,36.21306727063166,0 36.18212159026871,36.21307135258672,0 36.18223274188276,36.21309625517313,0 36.18227164785126,36.21309579176626,0 36.18228461763009,36.21309563756497,0 36.1823822855541,36.2131049696056,0 36.1824082261867,36.21310466024774,0 36.1825195312318,36.21312958641418,0 36.18255218127688,36.21313445024145,0 36.18266468593513,36.21318567363255,0 36.1826913239604,36.21320113980039,0 36.18270498245969,36.2132167667783,0 36.18275922075283,36.213268799627,0 36.18276617683684,36.21327926131831,0 36.18285349408762,36.21334154875054,0 36.18286697644616,36.2133519520259,0 36.18288720637382,36.21336756352428,0 36.18296194015819,36.213435443103,0 36.18298172561583,36.21344050243994,0 36.18305661491348,36.21350851118233,0 36.18315198436943,36.2135923454394,0 36.18323423247686,36.21367119429398,0 36.18339609336672,36.21375843305524,0 36.18344657704744,36.21375964705606,0 36.18352843815207,36.21378849314797,0 36.18357295089847,36.21383104604981,0 36.18374621537148,36.21392105980907,0 36.18387278883841,36.21400041105513,0 36.18401286630996,36.21403239583201,0 36.18417611867037,36.21407447583867,0 36.1842992550264,36.21408697575149,0 36.18447206171908,36.21408238714016,0 36.18461215420341,36.21407383337309,0 36.18471702192775,36.21402270124997,0 36.18483506247637,36.21401361637224,0 36.18494531679249,36.21401626699845,0 36.18505469958836,36.21404274324397,0 36.18514872772329,36.21408673467579,0 36.18521270041102,36.21414788777895,0 36.18526197121265,36.21420868642943,0 36.18526957402955,36.21423104820252,0 36.18528853754641,36.21428682493026,0 36.18533067735042,36.214341491208,0 36.18540352667031,36.21436112682825,0 36.18542247585505,36.21436601158659,0 36.18545454291675,36.2143742774909,0 36.18550161609734,36.21441475459182,0 36.18551873362964,36.21442947353237,0 36.18559049303028,36.2144788907485,0 36.18563263315005,36.2145335569026,0 36.18571021635563,36.21462484403595,0 36.18575905279812,36.21469755618539,0 36.18584420492615,36.21478306441681,0 36.18591574619398,36.21483843740887,0 36.18606569664208,36.21491873480913,0 36.18609801807192,36.21495052230198,0 36.18624462883779,36.215125737259,0 36.18630905518003,36.21523838001009,0 36.18632357462075,36.21526376628236,0 36.18633313261029,36.21528047893511,0 36.18640504590802,36.21533505230464,0 36.18646878650225,36.2153834238084,0 36.186527834361,36.21542823383294,0 36.18673596935582,36.21553068366951,0 36.18695565859296,36.2156388203335,0 36.18717667123399,36.21571089947114,0 36.18750597404931,36.21571881031309,0 36.18763559213431,36.21569907613677,0 36.18788475849932,36.21566114018107,0 36.18821650146999,36.2156023381423,0 36.18826110416451,36.21557686943221,0 36.18840885601263,36.21549249748082,0 36.18857490041396,36.21545833147242,0 36.18879905296783,36.21544463709564,0 36.18902146030415,36.2154785919931,0 36.1892538897405,36.21556047968522,0 36.189292548851,36.21559789867576,0 36.18943578920685,36.21573653871795,0 36.18947238124967,36.21602356832172,0 36.18952561045907,36.21617746162274,0 36.1895784920159,36.216340883712,0 36.18958293563987,36.2165412973483,0 36.18972955711124,36.21671650745192,0 36.18980596145306,36.21688049486008,0 36.18986197992815,36.21695814729007,0 36.18992211852066,36.21698938425942,0 36.19000975964792,36.21703490734073,0 36.19003525922003,36.21704815115236,0 36.19023022552725,36.21706162963297,0 36.19024747117391,36.21706329336606,0 36.19032719418939,36.21711238873292,0 36.19033407849972,36.21724609134628,0 36.19033093073266,36.21733220896714,0 36.19032885355026,36.21738904191946,0 36.19030807795124,36.2174541353221,0 36.19026238532414,36.21759729176982,0 36.1902225731235,36.21772033574113,0 36.1902940676947,36.2177973172041,0 36.19035699010479,36.21786506732934,0 36.19050893844936,36.21793705300213,0 36.1907206382644,36.21794213424881,0 36.19078342942624,36.21791502567168,0 36.19086490711978,36.21785974997859,0 36.19102023979772,36.21779670853543,0 36.1912101584761,36.21775357324276,0 36.19139938168897,36.21772949709524,0 36.19162299610071,36.21775430790917,0 36.19181895243717,36.21784448401265,0 36.19196055955649,36.21791072256866,0 36.19196941096737,36.2179148621089,0 36.19207317286475,36.21797458120535,0 36.19221262782911,36.21803084824547,0 36.19222397933653,36.21803542834049,0 36.19225142100729,36.21803608688673,0 36.19240039652049,36.21803966002477,0 36.19256407887499,36.21807029222109,0 36.19257577017432,36.21807248062053,0 36.1926272929367,36.21809113401522,0 36.19277327424089,36.21814398562254,0 36.1928870582855,36.21825163682966,0 36.19295449396832,36.21833909973455,0 36.19297314253315,36.21847308439457,0 36.1929215737017,36.21859584754139,0 36.19283472053269,36.21871776434207,0 36.19279421492806,36.21885986936389,0 36.19278864714506,36.21901234950668,0 36.19276971575192,36.21910092072089,0 36.1927602517084,36.21914520628275,0 36.19261354507427,36.21929430368603,0 36.19260762847259,36.21945631537286,0 36.19257749203716,36.21963682257369,0 36.19257435936991,36.21972259193605,0 36.19259867301211,36.21977871644435,0 36.19262864110883,36.21984789417913,0 36.19268734257099,36.21993276272031,0 36.19270714286742,36.21995469904516,0 36.19272927368539,36.21999338278937,0 36.19272753320129,36.22004103323756,0 36.1927015728135,36.22010718013215,0 36.19266489600312,36.22014445359072,0 36.19258013003093,36.22020919009252,0 36.19254240853172,36.22027505361427,0 36.19253788280207,36.22039894550863,0 36.19255722856568,36.22051387072302,0 36.19265751340151,36.22066888908471,0 36.19275638296433,36.22073894162318,0 36.19285258682533,36.22080710441813,0 36.19300339947866,36.22086795114311,0 36.19310751467943,36.22091813934295,0 36.19317599527538,36.22097701283604,0 36.19318604894901,36.22099926619753,0 36.19324517398844,36.22101682497689,0 36.19338283360473,36.22111550953335,0 36.19342918407507,36.22113569744845,0 36.19348764402152,36.22114663705577,0 36.19362878401613,36.22115002134962,0 36.19377286393517,36.22115347471343,0 36.19385225551965,36.22115537797469,0 36.19392905439914,36.22114768044251,0 36.19400585325985,36.22113998286166,0 36.19405738821752,36.2211793720298,0 36.19409706725299,36.22120969721748,0 36.194108925412,36.22121876021338,0 36.19410648906996,36.22128547100456,0 36.19405770308255,36.22133199412805,0 36.19413933808999,36.22135302768988,0 36.19423308475054,36.22136481277311,0 36.19440951043322,36.22136904107878,0 36.19451501708833,36.2213811082229,0 36.19455962975503,36.22144894605722,0 36.19455910728438,36.2214632411084,0 36.19455719380492,36.22151565683665,0 36.19444701074261,36.22172532209319,0 36.19443184114055,36.22178764132981,0 36.19442913999492,36.22179873972484,0 36.19433475526079,36.22189859287923,0 36.19420873011131,36.22203191771658,0 36.19408519751778,36.22219110941207,0 36.1940536716281,36.22240973840815,0 36.1940488000042,36.2225431590439,0 36.194090281103,36.22269676814779,0 36.19408471284314,36.22284924914559,0 36.19412897659935,36.22292661686701,0 36.19445239668151,36.22309652210367,0 36.19451008572857,36.22314115965029,0 36.19452122961595,36.22314586309994,0 36.19456688613654,36.22318511172782,0 36.19462395680601,36.22323417135938,0 36.1946197817179,36.22334853252322,0 36.19460454184142,36.22344355110145,0 36.19462458605679,36.22353941543933,0 36.19466989453132,36.22358819284268,0 36.1947376843881,36.2236661255457,0 36.19472700947257,36.22373771804539,0 36.19472209521712,36.22377067389132,0 36.19471896515181,36.22385644495146,0 36.19471479023836,36.22397080610333,0 36.19474096885068,36.22412629272633,0 36.19474381446369,36.2241431930312,0 36.19475279306866,36.22421971568757,0 36.19474896647806,36.22432454620284,0 36.19474861818889,36.22433407593312,0 36.19475516222688,36.2244773084077,0 36.19479873228754,36.22457373701428,0 36.19484334614401,36.22464157553907,0 36.19493396482487,36.22473913096731,0 36.19497927426972,36.224787909101,0 36.19509376578609,36.22487649807566,0 36.19519823486232,36.22491715529408,0 36.19527743977812,36.22500489767042,0 36.19534529950045,36.22505161392641,0 36.19536513267854,36.22506103129922,0 36.19556961063756,36.22513589696296,0 36.19560226260692,36.22513667941803,0 36.19573129998528,36.22514931027758,0 36.1959423249249,36.22517344156488,0 36.19610491108234,36.22523456584246,0 36.19619657521549,36.2253035310486,0 36.19626228072403,36.22543864283266,0 36.19627056599852,36.22553422559823,0 36.19625390951828,36.22561216978846,0 36.19624217389167,36.22566708293321,0 36.19612107270866,36.22575956697882,0 36.19602349573226,36.22585261321345,0 36.1958574313983,36.2258867887234,0 36.19562009692956,36.22593833455684,0 36.19540698190971,36.22597138202914,0 36.19528892231787,36.2259761942992,0 36.19511222758261,36.22598339562855,0 36.19491226581333,36.22597860460144,0 36.1947960337013,36.22593766591911,0 36.1945988571712,36.22585663295298,0 36.19441378996505,36.2257663521633,0 36.19425329261846,36.22564804362426,0 36.19422409336935,36.22561369972787,0 36.19412912585433,36.22550199151387,0 36.19394485022749,36.22536338651742,0 36.19375071463768,36.22522584576711,0 36.19363691973167,36.22511819602287,0 36.19358099705365,36.22499969494063,0 36.19352765009832,36.22488665343636,0 36.19350969396333,36.22473360876963,0 36.1935064756053,36.22466313367215,0 36.19350315210213,36.22459037521946,0 36.19354400812189,36.22443874022495,0 36.1936080385806,36.22429719958387,0 36.19365500801391,36.22416975422506,0 36.19366030734296,36.22415537660861,0 36.19365432744937,36.22413477617319,0 36.19361847991671,36.22401129795839,0 36.19352890676812,36.22388515135381,0 36.19336771785029,36.22378590170612,0 36.19333615710563,36.22376455725273,0 36.19320687899786,36.2236771238539,0 36.19307217119295,36.22364945764227,0 36.19299655334922,36.22363392717089,0 36.19295799092991,36.22375311596903,0 36.19294760090246,36.22376294997479,0 36.19287232002907,36.2238121781689,0 36.1927294348063,36.22385644364623,0 36.1925073474334,36.22381296370934,0 36.19238214457847,36.22369549946514,0 36.1922855019881,36.22362516376531,0 36.19224552600295,36.22356822386668,0 36.19209879871512,36.22348984297727,0 36.19185293019228,36.22335850054105,0 36.1915187988049,36.22315971629116,0 36.1913105664065,36.22305933719114,0 36.1910905732115,36.22295867512888,0 36.19090516911064,36.22287791893755,0 36.19078052923836,36.22281783352878,0 36.19069693815597,36.22277753778693,0 36.19051188366968,36.22268725119546,0 36.19034861132104,36.22264517913322,0 36.19023917432265,36.22260802574302,0 36.19019744920963,36.22259385885524,0 36.18998817547536,36.22252206646641,0 36.18977952884389,36.22243909737375,0 36.18973289949554,36.2224205555364,0 36.18958313273581,36.22233111457054,0 36.18932750997026,36.22223913153469,0 36.18930454315322,36.22223264339768,0 36.18910612662683,36.22217658543826,0 36.1889093141038,36.22208601431935,0 36.18871494186067,36.22192873287796,0 36.1886003640072,36.22179393702901,0 36.18859079146682,36.22178267592552,0 36.18852475230358,36.22165709062251,0 36.18851068246135,36.22155596349621,0 36.18850611011756,36.22152310498719,0 36.18852484441866,36.22133278666959,0 36.18863546244237,36.22118033399763,0 36.18864978033726,36.22113548038889,0 36.18869996464242,36.22105084033777,0 36.18872767054772,36.22093704456235,0 36.18873681382954,36.22089772404564,0 36.18873185331004,36.22082268407382,0 36.18871146709212,36.22073634989987,0 36.18871355900969,36.22067916873917,0 36.18864612677616,36.22059170330333,0 36.18857764870532,36.2205328288532,0 36.18853164877401,36.22050310921932,0 36.18846212590557,36.22047282479853,0 36.18840625376689,36.22044066684494,0 36.18824214351561,36.22037215780891,0 36.18801972114538,36.22033819948688,0 36.18778588613021,36.22029442989699,0 36.18758698591994,36.22026103568147,0 36.18740089552936,36.22019933567987,0 36.18728851242683,36.220053559107,0 36.18722422087273,36.21988032414208,0 36.18719591157149,36.21968887492231,0 36.18713301635305,36.21947751906463,0 36.18704415643109,36.21933230814728,0 36.18700094727752,36.21922634718987,0 36.18694632679993,36.21911057434015,0 36.18687233602933,36.21890082525425,0 36.18679596785719,36.21871588724952,0 36.18668393635918,36.21856058018275,0 36.18655735367415,36.21848123244527,0 36.18644182219085,36.21843892566245,0 36.18633234423398,36.2184267615544,0 36.1861134297834,36.21839939782,0 36.1861018749176,36.21839596519069,0 36.18602254367961,36.21835232820166,0 36.18596171511901,36.21831158989684,0 36.1859550597766,36.21830442304962,0 36.18591862970133,36.2182909578266,0 36.18586216526838,36.21828463811988,0 36.18579799718771,36.21833086410392,0 36.18578079076789,36.21833806311583,0 36.1857507770133,36.21835590607127,0 36.18568739593525,36.21832693954182,0 36.1856149617109,36.21827709981842,0 36.18550916155068,36.21818045047941,0 36.18549156980792,36.21816667326575,0 36.18548283908501,36.21816328066383,0 36.18539902667472,36.21808385346535,0 36.18539010274331,36.2180699723278,0 36.18528455702483,36.2179873069632,0 36.18527582629376,36.21798391344446,0 36.18514887081948,36.21791549129411,0 36.18508271349458,36.21785333672938,0 36.18505964030688,36.21777208097024,0 36.18500380414675,36.21768182982341,0 36.18496613681997,36.217636819805,0 36.18495307229686,36.21763347864617,0 36.18487455720421,36.21760644048711,0 36.18481375947221,36.21760017263831,0 36.18480509174989,36.21760027649938,0 36.18468811503987,36.21758632272733,0 36.18455579875669,36.21755127016305,0 36.18438777095854,36.21754961308537,0 36.18428769971994,36.21753981697791,0 36.18418228604298,36.21748612927664,0 36.1841132535672,36.21743566902175,0 36.18409496195606,36.21742856148761,0 36.18401211011489,36.21736727719556,0 36.1839938174173,36.21736016967419,0 36.18398453629473,36.21734929059556,0 36.18391597455106,36.21732446660272,0 36.18390222243273,36.21731730391615,0 36.18389307609388,36.21731375014686,0 36.1838103592858,36.21725979101782,0 36.18379640399721,36.21724164172077,0 36.18378258565546,36.21723081678051,0 36.18371552085048,36.21716384920642,0 36.18367142302417,36.21711126117614,0 36.18366207462346,36.217096719859,0 36.18361547189181,36.2170313393603,0 36.18360612462267,36.21701679800802,0 36.18360145048879,36.21700952869656,0 36.18353655641425,36.21693704053997,0 36.18351812912989,36.21692260761817,0 36.18346705450941,36.2168609434628,0 36.18344856102488,36.21684284828888,0 36.18340242893444,36.21680310409025,0 36.18336146113177,36.21676807224605,0 36.18330171746902,36.21672753161254,0 36.18328980369407,36.21672132736453,0 36.18319455314201,36.21667486283193,0 36.18317477423121,36.21666875175566,0 36.18306355921202,36.21660978456306,0 36.18304765427091,36.21660045329795,0 36.18303973169874,36.21659737511419,0 36.18301983674675,36.21658491862391,0 36.18293262517265,36.21654787833824,0 36.18291290380571,36.21654494037438,0 36.18289717359641,36.21654512850409,0 36.1828343112125,36.21654905053071,0 36.18281464841209,36.21654928477948,0 36.18275976832122,36.21655945896661,0 36.18274403807062,36.21655964617617,0 36.18268898335724,36.21656030271392,0 36.18261403264722,36.21654850269432,0 36.18251132195219,36.216524339187,0 36.18249553426504,36.2165213541041,0 36.18238073543252,36.21648146942703,0 36.18236876425415,36.21647209102136,0 36.18226553121523,36.21641937530148,0 36.18225755007434,36.21641312303254,0 36.18213089526083,36.21637020510124,0 36.18202664223556,36.21629558455197,0 36.1819392557512,36.21624902500579,0 36.18192728362197,36.21623964838106,0 36.18190756343289,36.21623670931564,0 36.18185591791703,36.21620876468628,0 36.18184793686591,36.21620251328722,0 36.18183995689044,36.21619626095787,0 36.18176876578082,36.21617489573236,0 36.18175696816886,36.21617503671418,0 36.18174117946334,36.21617205155602,0 36.18166212328937,36.21615077935035,0 36.18164627718669,36.21614462191754,0 36.18159451697692,36.21611033174333,0 36.18158647740641,36.21610090719274,0 36.18151493860585,36.21606050562394,0 36.18145155421531,36.21603587309449,0 36.18144357321301,36.2160296216658,0 36.1813325932877,36.21598334350786,0 36.18132067973472,36.21597713814924,0 36.18120570888963,36.21592773371101,0 36.18119373800536,36.21591835697599,0 36.18112196666379,36.21586526528851,0 36.18111386975637,36.21585266753839,0 36.18110976279267,36.21584319597933,0 36.18105135033673,36.21576773228669,0 36.18098515634836,36.21567688421747,0 36.18090835771831,36.21558388702063,0 36.18090073861303,36.21557791969315,0 36.18082046329346,36.21550011072243,0 36.18081278926486,36.21549111343878,0 36.18074791704721,36.21543432802788,0 36.1807402430336,36.21542533073876,0 36.18072122327472,36.21541192509819,0 36.18066399935017,36.21536262100621,0 36.18065626830951,36.2153505965202,0 36.18059885180929,36.21529069118166,0 36.18058736720882,36.21527871068561,0 36.18050753599472,36.21522513195527,0 36.18049991695494,36.21521916459864,0 36.18045409278457,36.21517729784553,0 36.18043888263089,36.21516687538412,0 36.1803872351275,36.21511447698958,0 36.18036998196707,36.21509499120467,0 36.18033174897209,36.21505757770274,0 36.1803202644473,36.21504559717688,0 36.18031264543932,36.21503962980661,0 36.18027024358158,36.21497954563862,0 36.18026061066048,36.21496602897906,0 36.18023524030632,36.21491331625386,0 36.1802256051419,36.21489979874959,0 36.18020051247395,36.21486222938189,0 36.18018897312381,36.21484721978931,0 36.18018422210923,36.21479274831317,0 36.18018333762938,36.21474428816872,0 36.18018311483457,36.21473217295184,0 36.18018626046743,36.21469881312379,0 36.18018554054227,36.21465943833277,0 36.18018523715765,36.2146427808445,0 36.18018757894396,36.21456550404205,0 36.18017984909973,36.21455347768643,0 36.18016786759346,36.21451423846543,0 36.18016008181049,36.21449918398618,0 36.18010622974008,36.21443758765476,0 36.18005241547638,36.21435386296166,0 36.18003642596384,36.21433718027494,0 36.18003104491306,36.21432880860434,0 36.1799773845577,36.21425351889278,0 36.17996131763612,36.21423261824641,0 36.1799611639273,36.21422418412203,0 36.17987552373574,36.21411552897772,0 36.17985953431148,36.21409884626248,0 36.17985938054201,36.21409041033694,0 36.17980033948734,36.21400674794554,0 36.17978957744998,36.21399000367704,0 36.1797683596132,36.21397338251769,0 36.1796880247116,36.21386888271676,0 36.17967726157131,36.21385213756505,0 36.17966642215466,36.21383117533393,0 36.17961268619923,36.21375166744035,0 36.17959665710356,36.21373287618768,0 36.1795581023787,36.21362577008699,0 36.17954734041337,36.21360902489042,0 36.17954718560806,36.21360058989186,0 36.17951896840262,36.21348703336683,0 36.17950820643021,36.21347028726488,0 36.17950789797815,36.21345341813752,0 36.1795077432151,36.21344498403867,0 36.17949540254304,36.21334178371279,0 36.17950380033135,36.2132477667779,0 36.17950813709739,36.21323672699573,0 36.17953322791972,36.21311922320635,0 36.17953736554115,36.21309719849412,0 36.1795371652594,36.21308621269411,0 36.17953589428117,36.21301663752942,0 36.17953555867772,36.21299832911191,0 36.17952501004357,36.21291787619867,0 36.1794861574812,36.21277915629308,0 
								</coordinates>
							</LinearRing>
						</outerBoundaryIs>
					</Polygon>
				</MultiGeometry>
			</Placemark>
			<Placemark id="ID_200007">
				<name>Harbiye Şelaleleri</name>
				<Snippet maxLines="0"></Snippet>
				<description><![CDATA[<html xmlns:fo="http://www.w3.org/1999/XSL/Format" xmlns:msxsl="urn:schemas-microsoft-com:xslt">

<head>

<META http-equiv="Content-Type" content="text/html">

<meta http-equiv="content-type" content="text/html; charset=UTF-8">

</head>

<body style="margin:0px 0px 0px 0px;overflow:auto;background:#FFFFFF;">

<table style="font-family:Arial,Verdana,Times;font-size:12px;text-align:left;width:100%;border-collapse:collapse;padding:3px 3px 3px 3px">

<tr style="text-align:center;font-weight:bold;background:#9CBCE2">

<td>Harbiye Şelaleleri</td>

</tr>

<tr>

<td>

<table style="font-family:Arial,Verdana,Times;font-size:12px;text-align:left;width:100%;border-spacing:0px; padding:3px 3px 3px 3px">

<tr>

<td>SHAPE</td>

<td>Polygon</td>

</tr>

<tr bgcolor="#D4E4F3">

<td>Adı</td>

<td>Harbiye Şelaleleri</td>

</tr>

<tr>

<td>SHAPE_Length</td>

<td>2167.204284</td>

</tr>

<tr bgcolor="#D4E4F3">

<td>SHAPE_Area</td>

<td>140808.224014</td>

</tr>

</table>

</td>

</tr>

</table>

</body>

</html>]]></description>
				<styleUrl>#PolyStyle130000</styleUrl>
				<MultiGeometry>
					<Polygon>
						<outerBoundaryIs>
							<LinearRing>
								<coordinates>
									36.14082700118099,36.12738181120609,0 36.14085897185493,36.12730252582117,0 36.14087076574505,36.12728315147734,0 36.14087770865039,36.12727174088196,0 36.14090144477595,36.12724938567309,0 36.14092992567115,36.12716039183105,0 36.14093765606476,36.12710396960647,0 36.14094075155992,36.12708137305357,0 36.14094848709306,36.12703521842871,0 36.14094930728217,36.12699266969572,0 36.14095250374272,36.12693820662877,0 36.14093835417298,36.12689316352152,0 36.14093679571162,36.12686230209338,0 36.14093523717729,36.12683141092894,0 36.14092580344557,36.12676242566851,0 36.1409266096147,36.12671949701559,0 36.14093373991065,36.12668362420986,0 36.14094088010964,36.12664769347,0 36.14096787437649,36.12658991852862,0 36.14098113373682,36.12655064069606,0 36.14098785309001,36.12650429736443,0 36.14099929306627,36.12647660925104,0 36.14099795077811,36.12643465165982,0 36.14100469533102,36.12638813284197,0 36.14101036073947,36.12635279681958,0 36.14101662822883,36.12631701604467,0 36.14101882361647,36.12626193492517,0 36.14103338492502,36.12622135228803,0 36.14105626774924,36.12617599409373,0 36.14107709309901,36.12614254997427,0 36.14109175666658,36.12610171953293,0 36.14108583939147,36.12605202848098,0 36.14107945331783,36.12600016353657,0 36.14107886757405,36.12595706685472,0 36.14108640257265,36.12590928549505,0 36.14108582114699,36.12586607425308,0 36.14110151182243,36.12581348203707,0 36.14110093746508,36.12577014174446,0 36.14109847018759,36.1257387742925,0 36.14112046746363,36.12569327442077,0 36.14111570855758,36.12565288079611,0 36.14110982420424,36.12561331693618,0 36.14112585119701,36.12558277881674,0 36.14112755522108,36.12553888578814,0 36.14112925981619,36.12549497922705,0 36.14111620459185,36.12544873860912,0 36.14111031607076,36.12540915322965,0 36.14110442873848,36.12536956962065,0 36.14109795540954,36.12533044385864,0 36.14109064555001,36.12529198347674,0 36.141076317113,36.12526810053485,0 36.14101897428629,36.12515153209337,0 36.14099746329374,36.12509995418865,0 36.1409760833764,36.12506957246404,0 36.14093348734271,36.1250300178455,0 36.14091216124068,36.12499970318331,0 36.14087362134876,36.12495361866176,0 36.14085727126177,36.12494067828458,0 36.14084639114599,36.12493206856441,0 36.14083790680963,36.12492200638526,0 36.14082434859889,36.12491127895275,0 36.14081081570072,36.12490057338307,0 36.14080237654977,36.12489055777635,0 36.1407986851409,36.1248776248875,0 36.1407926323224,36.12486617058805,0 36.14079164249776,36.12485538723512,0 36.14079808154953,36.12484379702304,0 36.14079945821923,36.12483155116782,0 36.14080859755627,36.1248220780839,0 36.14082585454376,36.12481895954786,0 36.14084856579969,36.12482008466915,0 36.14086861757053,36.12481908528007,0 36.14088666607334,36.12482316960408,0 36.14090475377313,36.12482726190805,0 36.14092562291442,36.12483350074534,0 36.14094139685563,36.1248390965185,0 36.14095720118922,36.12484470230565,0 36.14097544721862,36.12484883730297,0 36.14098855527007,36.1248523150423,0 36.14100410247353,36.12485431394831,0 36.14102523006996,36.12486062708779,0 36.14104084328114,36.1248626377737,0 36.14105684432042,36.12486830146499,0 36.14106972584163,36.12486815980252,0 36.14109066041255,36.124870858065,0 36.14111201234667,36.12487722567763,0 36.14112815270828,36.12488292895751,0 36.14114678090039,36.12488714851806,0 36.1411629910314,36.1248928742929,0 36.14118416182096,36.12489561860517,0 36.14120044612384,36.12490136585782,0 36.14121923697609,36.12490562529367,0 36.14123844767226,36.12491358825845,0 36.14124701894139,36.12492017508245,0 36.14126343064995,36.1249259694465,0 36.1412860048128,36.12493989355336,0 36.14132807879,36.12496192711336,0 36.14136457165278,36.12497962843511,0 36.14137871276861,36.12498703327125,0 36.14138257235612,36.125004876613,0 36.14138272121921,36.12501718696015,0 36.14138562537668,36.1250360565633,0 36.14139108904176,36.12504507425876,0 36.14139665490023,36.12506230778597,0 36.14140488360467,36.12507790610814,0 36.14141040408339,36.12509104959153,0 36.14141859417327,36.12510256039545,0 36.14142945956655,36.12511244197453,0 36.14144040525053,36.12512642529517,0 36.14146248977585,36.12514595026898,0 36.14147631897062,36.12515817723966,0 36.14149016886083,36.12517042168839,0 36.1415095925794,36.12518759420438,0 36.14152349084318,36.12519988153555,0 36.14154298255703,36.12521711534139,0 36.14155693030414,36.12522944552583,0 36.14157644489882,36.12524260190962,0 36.1415960016688,36.12525578511855,0 36.14160993573268,36.1252598908335,0 36.14162674926523,36.12527063273913,0 36.14164073294616,36.12527475697318,0 36.14166593916243,36.12528053306944,0 36.14167711106109,36.12527801933093,0 36.1416939173842,36.1252763273093,0 36.14171071272784,36.12527046143372,0 36.14171961413803,36.12527340430378,0 36.14172825234515,36.12528080397586,0 36.14175421856079,36.12530304308656,0 36.1417806627151,36.12532077829778,0 36.14180678278225,36.12534314222189,0 36.14181800485974,36.12535767516113,0 36.14183797929513,36.12537971200297,0 36.14184881443072,36.1253988572852,0 36.14185757477203,36.12540636638471,0 36.14186592245852,36.12541845606341,0 36.14188891503561,36.12544311350862,0 36.14190595167067,36.12546713160574,0 36.141920485568,36.12548410080943,0 36.14192640726017,36.12550184132567,0 36.1419322923673,36.1255153789245,0 36.14194108702375,36.1255314886192,0 36.14194698058559,36.12554504311708,0 36.14195008257032,36.12556867280333,0 36.14195307045483,36.12557966862048,0 36.14195896917961,36.12559324100506,0 36.1419562129366,36.12560751553902,0 36.14195345969846,36.12562178188365,0 36.14194489326011,36.12563088495736,0 36.1419392395206,36.12564255553816,0 36.14193362873866,36.1256584216591,0 36.14193088522688,36.12567265350409,0 36.141930585974,36.12568556226351,0 36.14192823449511,36.12570460948821,0 36.14192588866406,36.12572360339659,0 36.14192696858725,36.12574053924265,0 36.14193290511711,36.12575021405118,0 36.14193883814009,36.12575988444566,0 36.1419472716942,36.12578119786394,0 36.14195713924837,36.12579727578196,0 36.14196502523938,36.12581012553076,0 36.14197684357997,36.12582938376102,0 36.14198668261253,36.125845414664,0 36.14200387060492,36.12586587282078,0 36.14201761024592,36.12588826797753,0 36.14203232739182,36.12589715892619,0 36.14204705363343,36.12590605504102,0 36.14206327773781,36.12590981310333,0 36.1420795265426,36.12591357772409,0 36.14209383712419,36.12591414277672,0 36.14211360527034,36.12591596762276,0 36.1421322796371,36.12590986580956,0 36.14214848709628,36.12590953126193,0 36.14216471563801,36.12590919615856,0 36.14218060147491,36.12590043796637,0 36.14219511029155,36.12589675607628,0 36.14221106588124,36.12588796450827,0 36.14222705836843,36.12587915124286,0 36.14224630396667,36.12586854667277,0 36.14225916409363,36.12586146115787,0 36.14227027868112,36.12585099439327,0 36.14228342342823,36.12583500612476,0 36.14229697204222,36.12581424555953,0 36.14231058452927,36.12579338779346,0 36.14232217486607,36.12577802969154,0 36.14233380739249,36.12576261551043,0 36.14234922430172,36.12574502840209,0 36.14236258775517,36.12573301927923,0 36.14237976325835,36.12571883469904,0 36.1423932254117,36.1257067382728,0 36.14240673043728,36.12569460287093,0 36.14242191758882,36.12568598555188,0 36.14243558309303,36.12567400273333,0 36.14244553768766,36.12566411341403,0 36.14245821600854,36.12565709393126,0 36.14247634372125,36.12565583479667,0 36.14248813814633,36.12565809335894,0 36.14250904267502,36.12565972609175,0 36.14252312456852,36.12566953841892,0 36.14254937915838,36.1256903937146,0 36.14255199232868,36.12570686214159,0 36.14254624687409,36.12573686099598,0 36.14254437802509,36.12576457635768,0 36.14253929664719,36.12578510558353,0 36.14252335685983,36.1258027271731,0 36.14251130135307,36.12581817410717,0 36.14249387759207,36.12583214984993,0 36.1424803085537,36.12584398956236,0 36.14246678571653,36.12585579021166,0 36.14245491536348,36.12587103402472,0 36.14244308830956,36.1258862217293,0 36.14242916715936,36.12590685962363,0 36.14241743611464,36.12592192044563,0 36.14240895644858,36.1259438050236,0 36.14240793589046,36.12596157371479,0 36.14240953219799,36.12597357570051,0 36.14241026475723,36.12599881306674,0 36.14241399536748,36.12601386167466,0 36.14241123783601,36.12603233381933,0 36.14241495945616,36.12604732408828,0 36.14240897444821,36.12606742285719,0 36.14240449795351,36.12608245628513,0 36.14239681213255,36.1260991537087,0 36.14239236150335,36.12611411166135,0 36.14238471103017,36.12613072074418,0 36.1423869497928,36.12615047289334,0 36.14238598319687,36.12617184928303,0 36.14238476416861,36.12618497774401,0 36.14238699525523,36.1262045931194,0 36.14238431005895,36.12622256772995,0 36.14238653630225,36.12624208951254,0 36.14238703984513,36.12625832947705,0 36.14238607986615,36.1262793983997,0 36.14238486990358,36.12629233647933,0 36.14238537361162,36.12630846920225,0 36.1423844190181,36.12632939470012,0 36.1423834664925,36.12635026066759,0 36.1423825476394,36.12637105185628,0 36.14238256769379,36.12638324752802,0 36.14238459473604,36.12639847243893,0 36.14238461460771,36.12641063567394,0 36.14238564416596,36.12643037091314,0 36.14238167843842,36.12644854586264,0 36.14238270941867,36.12646820536765,0 36.1423817399558,36.12648480482238,0 36.1423777886715,36.12650286855073,0 36.14237483143216,36.12651639140175,0 36.14236890224841,36.12653137556332,0 36.14236893093758,36.12654337005112,0 36.14236996758294,36.12656283746181,0 36.14236702657879,36.12657626616644,0 36.14236607709574,36.12659267044736,0 36.14236512875431,36.1266090476637,0 36.14236958130325,36.12662673841717,0 36.14237283759338,36.12663705310991,0 36.14237530999807,36.12665171932587,0 36.14237979737065,36.12666933617095,0 36.14238506254471,36.12668258813486,0 36.14239312260285,36.12669445102323,0 36.14239759257995,36.12671202146426,0 36.14240485504357,36.12672819838673,0 36.14241491046187,36.12674299349273,0 36.14242295033849,36.12675482356605,0 36.14243098552765,36.1267666474538,0 36.1424430340193,36.12678437303373,0 36.14245227144669,36.12680344395746,0 36.14246029121464,36.12681524301564,0 36.14246750812356,36.12683133552036,0 36.14248152607114,36.12685195614584,0 36.14249153179126,36.12686667414931,0 36.14249753240403,36.1268755010599,0 36.14250552966684,36.12688726465951,0 36.14251471216447,36.12690623879444,0 36.14252669202882,36.12692385802861,0 36.14253866251877,36.12694146489147,0 36.14254464542083,36.12695026522987,0 36.14255062481577,36.12695906115428,0 36.14257054415987,36.12698835898584,0 36.1425804944218,36.12700299463006,0 36.14259441558661,36.12702347089427,0 36.14260716404824,36.12703677233903,0 36.14262106754011,36.12705722293048,0 36.14263582848344,36.12707391302174,0 36.14265323235862,36.12708935859985,0 36.14266557558555,36.12710327715559,0 36.14267545412267,36.12711441640106,0 36.14268286564084,36.12712277369464,0 36.14270016848568,36.12714228431346,0 36.1427151493273,36.12715499183361,0 36.14272780558211,36.12716088731237,0 36.14274557043324,36.12716834188946,0 36.14276320996802,36.12717983781862,0 36.14277823997831,36.12719258008515,0 36.14279328037542,36.12720533198957,0 36.14280848003045,36.12721405786644,0 36.14282566304281,36.12722572077384,0 36.14284018222969,36.12723863324855,0 36.14285964931298,36.12725316941376,0 36.14287913015018,36.1272677160282,0 36.1428888757445,36.12727499370397,0 36.14290342717042,36.12728793416058,0 36.14294231802762,36.12732112496801,0 36.14297870272696,36.12735556299607,0 36.14301512905819,36.12739004137171,0 36.14302717902505,36.12740423523169,0 36.14307058951697,36.1274553699807,0 36.14309247056153,36.12747692215321,0 36.14311179047384,36.12749968064823,0 36.14313595574776,36.12752814502942,0 36.14315288139908,36.12754808001444,0 36.1431627169473,36.12755543911062,0 36.1432001339435,36.12760571743854,0 36.14320906704022,36.12761626508142,0 36.14322470556852,36.12763473164306,0 36.14323588045123,36.12764792746013,0 36.14324253628115,36.12765978030944,0 36.14325595176988,36.12767562252915,0 36.14326489999047,36.12768618689206,0 36.14327384835723,36.127696754855,0 36.14328951376879,36.12771525404371,0 36.14329622970286,36.12772318529898,0 36.1433074255545,36.12773640488897,0 36.14332534558471,36.12775756722967,0 36.14333879257712,36.12777344645998,0 36.14335454338128,36.12778804501212,0 36.14336127207348,36.12779598944552,0 36.1433793370748,36.12780931695733,0 36.14339067896821,36.12781470078951,0 36.14340657880927,36.12782145539601,0 36.1434156272821,36.12782812954293,0 36.14342692560274,36.12783745885886,0 36.14344272816685,36.12785210109652,0 36.14345622610815,36.12786803124092,0 36.14347886183091,36.12788672217938,0 36.14349012160663,36.1279000112625,0 36.14349913586599,36.12791064235903,0 36.14351055348959,36.12792382275986,0 36.14352661347302,36.12793834557925,0 36.14354725674904,36.1279581576106,0 36.14355640710635,36.12796871934304,0 36.14357249710835,36.12798327020407,0 36.14359095961474,36.12799653587362,0 36.14360478105524,36.12800846359556,0 36.14361631878156,36.12801775055693,0 36.14363008145097,36.12803363227243,0 36.14363933449822,36.1280402821028,0 36.14365081359946,36.12805352665806,0 36.14366229732291,36.12806677559645,0 36.14367608320973,36.12808268192848,0 36.1436829790911,36.12809063907181,0 36.1436944756427,36.1281039029894,0 36.1437060550302,36.12811323120108,0 36.14372216511445,36.12813181777253,0 36.1437498836052,36.12815976332666,0 36.14377524400914,36.12818902072241,0 36.1438007113167,36.12821436069957,0 36.14381225674043,36.12822767919219,0 36.14382727337655,36.1282450022232,0 36.14384461073512,36.12826500198118,0 36.14386088805513,36.12827973441736,0 36.14387477286959,36.12829575167032,0 36.14388171873375,36.12830376335933,0 36.14389329791013,36.12831711970609,0 36.14390256564332,36.12832780899277,0 36.14392110820662,36.12834919819108,0 36.14393734287518,36.12836792564179,0 36.14395590865716,36.1283893394564,0 36.14397448504735,36.12841076830869,0 36.14398610270742,36.12842416959322,0 36.14399728649506,36.12843780486038,0 36.14400374686637,36.12844612036928,0 36.14401881986601,36.12846552085032,0 36.14402958482096,36.12847937708684,0 36.14404716081094,36.12849747722261,0 36.14405827989809,36.1285072653638,0 36.1440755041065,36.12852943622922,0 36.14409093244314,36.12854477037834,0 36.14410421081841,36.1285573368046,0 36.14411533686677,36.12856713196636,0 36.14412395073897,36.12857821960131,0 36.14414117612779,36.12860039132641,0 36.14415661265451,36.12861573516376,0 36.14416307191241,36.12862404979124,0 36.14418281766581,36.12864493873212,0 36.14419954005931,36.12866360917212,0 36.1442093079605,36.12867419247192,0 36.14423460487463,36.12869253037009,0 36.14425419038866,36.12871374521972,0 36.14426932538885,36.12872559779176,0 36.14428447754171,36.12873746252717,0 36.14430166427616,36.12875607659416,0 36.14431728806993,36.12876389537685,0 36.14433003165554,36.12877313706101,0 36.14434480664064,36.12878913176474,0 36.14435264249236,36.12879305674466,0 36.14437326772905,36.12880625734479,0 36.14439100517301,36.12882088555132,0 36.14439841813047,36.12882890836361,0 36.14440830973749,36.12883961185297,0 36.14442068006801,36.12885299781908,0 36.14443599415814,36.1288649943526,0 36.14445334503488,36.12888376719123,0 36.14446869368394,36.12889579435246,0 36.14447614249391,36.12890385226348,0 36.14449151413446,36.12891589864276,0 36.1445044150728,36.12892526864149,0 36.14452183765422,36.12894411167724,0 36.1445397513339,36.12895889563391,0 36.14454723141222,36.12896698515989,0 36.14456220199192,36.12898317475025,0 36.14456969134766,36.12899127394354,0 36.14458218209574,36.12900478108603,0 36.14460218319118,36.12902641209877,0 36.14460968991917,36.12903452885586,0 36.14463428906134,36.12907817221688,0 36.14464856453868,36.12909336626635,0 36.14465378905512,36.12910433386173,0 36.14466614608229,36.12912990281861,0 36.14466873511456,36.12915164895805,0 36.14465563543071,36.12917274402799,0 36.14464083980567,36.12918550115207,0 36.14463735848165,36.1292058649456,0 36.14462781493901,36.12922491106124,0 36.14462175540506,36.1292420209624,0 36.14461916395638,36.1292572130911,0 36.14461657722848,36.12927238436917,0 36.14461399414766,36.12928753572601,0 36.14461400386016,36.12930583335467,0 36.14461228554779,36.1293159074267,0 36.14460885006296,36.12933602850618,0 36.1446088637012,36.12935425754408,0 36.14461231934418,36.1293706109482,0 36.14461577112063,36.12938695093649,0 36.14461922010428,36.12940327657956,0 36.14462266636702,36.12941958967787,0 36.14462610869134,36.12943588755993,0 36.14463212810237,36.12945532762014,0 36.14463814246691,36.12947475249299,0 36.14463899889618,36.12948785435867,0 36.14464500542123,36.12950724969901,0 36.14465187075682,36.12952166883959,0 36.14465873366007,36.1295360826367,0 36.14466559305727,36.12955049201973,0 36.14467245109583,36.12956489512992,0 36.1446784377247,36.12958423692183,0 36.14468873399864,36.12959683658619,0 36.14469558366719,36.12961122459514,0 36.14470587883795,36.12962382428682,0 36.14472904904395,36.12965217928741,0 36.14473589167182,36.12966655756605,0 36.14474484397739,36.12968430657971,0 36.14475371088303,36.12970208667375,0 36.14475876411348,36.12972178191092,0 36.14476508638535,36.12973637031366,0 36.14477140604495,36.12975094887198,0 36.14478278244419,36.12977184678117,0 36.1447878106901,36.12979147238345,0 36.14478922908572,36.12980840919748,0 36.14478877263325,36.12983047056903,0 36.14478936504389,36.12984324684607,0 36.14479323074449,36.12986307962594,0 36.1447970865587,36.12988285949748,0 36.14480093130489,36.12990258468941,0 36.14480313726993,36.12991874203545,0 36.14479731364765,36.12995155101321,0 36.14479256327587,36.12997515716134,0 36.14478621585359,36.12999518355286,0 36.14477827382005,36.13001166346606,0 36.14476874380198,36.13002462376103,0 36.14475985600991,36.13004988321509,0 36.14475201154875,36.13006616411141,0 36.1447484083124,36.13008041499492,0 36.14473640448956,36.13009855073018,0 36.14473444546826,36.13011611609345,0 36.14473249091161,36.13013362636909,0 36.14472733493574,36.1301442945281,0 36.14473214707277,36.130154474534,0 36.14473020448717,36.13017186734525,0 36.14473785092763,36.13020943275339,0 36.14473590756427,36.13022666698241,0 36.14473556002315,36.13024719984135,0 36.14473935862507,36.13026579710425,0 36.14474570622303,36.13027915476882,0 36.14474534419503,36.13029951949301,0 36.1447500904814,36.1303094966669,0 36.14475798965782,36.13032610185621,0 36.1447721738859,36.13035591676032,0 36.14477689221225,36.13036583338942,0 36.144781604596,36.13037574026183,0 36.14479828435633,36.13040031156147,0 36.14481282695878,36.13040989249914,0 36.14483308611663,36.13042097861265,0 36.1448739097465,36.13044309053798,0 36.14488621282339,36.13045386577517,0 36.1449102826977,36.1304638235094,0 36.14492260533044,36.13047461535049,0 36.14493814076492,36.13049993221814,0 36.1449442276465,36.13051332465839,0 36.14493804029726,36.13053555106615,0 36.14491951885864,36.13056622551785,0 36.14490784384644,36.13059003619034,0 36.14489563231004,36.13060238750271,0 36.14488009807509,36.13061979779219,0 36.14485564929974,36.13064483090731,0 36.14484389298788,36.13066104339958,0 36.14483726930551,36.13066753274768,0 36.14482257640363,36.13070754072093,0 36.14481051824792,36.1307424537271,0 36.14479855067464,36.13077710391877,0 36.14478927721954,36.130836323489,0 36.1447780555929,36.1308810577844,0 36.1447658144073,36.13090401731721,0 36.1447551416052,36.13092989411086,0 36.1447463721526,36.13094048331308,0 36.14473521822232,36.13095556433922,0 36.14472800724391,36.13096910080084,0 36.14471276338288,36.13100352078274,0 36.14469242896904,36.13101430937794,0 36.14467074305362,36.13101478826875,0 36.14463837129083,36.13101550472163,0 36.14461566991847,36.13101294817568,0 36.14459654281509,36.13100573426502,0 36.14458216619885,36.13099689058926,0 36.14455962524447,36.13099437307209,0 36.14454184018024,36.13099022204369,0 36.14452285281117,36.1309830576168,0 36.14450514521857,36.13097892707574,0 36.14448159455841,36.13097343434167,0 36.1444639777894,36.13096932483765,0 36.14444974872495,36.13096055927278,0 36.14443093485122,36.13095345515464,0 36.14441673189121,36.13094470331814,0 36.14440127333206,36.13093293858196,0 36.14439164731505,36.13092252279817,0 36.14438074826343,36.13090907474823,0 36.14436856439932,36.13089257761932,0 36.14435836904151,36.13086826481599,0 36.14434485515071,36.13084864319656,0 36.14433587368513,36.13082724435759,0 36.1443294397245,36.13081191812243,0 36.14432557267413,36.1308027054346,0 36.14431523474899,36.1307780764642,0 36.14431005169765,36.13076572900616,0 36.14431138232457,36.13074394114393,0 36.1443035946597,36.13072492511748,0 36.14430295878464,36.13071064145203,0 36.14430691562168,36.13069447715576,0 36.14430497418017,36.13067695841852,0 36.14430302467524,36.13065937681245,0 36.14430238296953,36.13064489144215,0 36.14429579893142,36.13062908883411,0 36.14429514600921,36.13061451724785,0 36.1442898588551,36.13060181566785,0 36.14428447197476,36.13058912031261,0 36.14427657715913,36.13057359635807,0 36.1442686701357,36.13055804478798,0 36.14425916346448,36.13053934877816,0 36.14425122747954,36.13052373939284,0 36.14424486726462,36.13051123271954,0 36.14423102541802,36.13050206314775,0 36.14421878164605,36.13049602634035,0 36.14420441940116,36.13049480057355,0 36.14419219596596,36.13048877224052,0 36.14416445601343,36.13047456003293,0 36.14415218498621,36.13047632610545,0 36.14413496495151,36.13047652985079,0 36.14410558796956,36.13047849125707,0 36.1440875503559,36.13048676376175,0 36.14406433946868,36.13049926431998,0 36.14405062188619,36.13051496414857,0 36.14403433891347,36.13054117032081,0 36.14402681648448,36.13055581162739,0 36.14401932275202,36.13057039270352,0 36.14400824013038,36.13058653875434,0 36.14400195619709,36.13060418259767,0 36.14399570346284,36.13062174541845,0 36.14398834237412,36.13063605987143,0 36.14398816831761,36.13064714230193,0 36.14398198094594,36.13066450605251,0 36.14398051863431,36.13068335961883,0 36.14397309091316,36.13070835897455,0 36.14396684136584,36.13073629666921,0 36.14396316871533,36.13074864612337,0 36.14395824587288,36.13076863504597,0 36.14395572802742,36.13078394958674,0 36.14395434412498,36.13080226310503,0 36.14394947611127,36.13082198384583,0 36.14394474946741,36.13083102763198,0 36.14394216407007,36.13085664230835,0 36.14393735951026,36.13087608833256,0 36.14393542214264,36.13089770649685,0 36.14392141253759,36.13092724035427,0 36.1439059002737,36.13095288737267,0 36.14389467588789,36.13097346990359,0 36.14388234638676,36.13098779683703,0 36.14387070471535,36.13100505066134,0 36.14385854670936,36.13101916582186,0 36.14384586099421,36.13103019127947,0 36.14383325154804,36.13104115165138,0 36.14381614491811,36.13105368733805,0 36.14380370748047,36.13106450441047,0 36.14379072015567,36.13107231616942,0 36.14376431205697,36.13108490157372,0 36.143733068691,36.13109604780365,0 36.14370213529834,36.13110708405185,0 36.14366649618891,36.13111669844381,0 36.14363984571444,36.13112312991589,0 36.14362626072368,36.13112490342185,0 36.14360281689388,36.13112406215599,0 36.14358016837275,36.13112605754417,0 36.14355764273886,36.1311280424905,0 36.14353453990778,36.13112720036332,0 36.14351641546304,36.13112765397111,0 36.14349493401832,36.13113242126557,0 36.14347214429957,36.13113157540658,0 36.14345427930589,36.13113201678227,0 36.14342824442624,36.13112904744166,0 36.14340313817171,36.13113180935721,0 36.14337775817059,36.13113172090636,0 36.1433629818839,36.13113392849169,0 36.14334306947662,36.13113497964501,0 36.14331450056488,36.13113473344112,0 36.14328838042136,36.13113366323417,0 36.14325839334116,36.13113242515453,0 36.14322886804273,36.13113120647759,0 36.14320912675128,36.13112947576381,0 36.14319398001652,36.13112610411562,0 36.14317438936207,36.13112439016564,0 36.14315934336443,36.13112103749452,0 36.14314433771225,36.13111769367436,0 36.14312937247735,36.13111436050561,0 36.14310451812643,36.13110882244129,0 36.14308297999958,36.13109613944421,0 36.14306263595328,36.13108899239492,0 36.14305337197833,36.13108956374624,0 36.14303372105249,36.13108519836494,0 36.14300376340646,36.13107593018447,0 36.14298065771924,36.1310760180133,0 36.1429667367149,36.13107552396036,0 36.14294385769251,36.13107561303774,0 36.14292943140965,36.13107239545354,0 36.1429163314122,36.13107463104736,0 36.14290134275954,36.13106870675177,0 36.14288293208038,36.13106716542155,0 36.14287276562833,36.13106232561523,0 36.14285513260506,36.13106351327009,0 36.14283624372022,36.13105928644373,0 36.1428232113777,36.13105637016715,0 36.14281015707017,36.13105649405147,0 36.14277355155731,36.13105255680571,0 36.14276091042851,36.13104931123958,0 36.14275653988323,36.13104429036252,0 36.14273271489824,36.13101689117381,0 36.14271214066986,36.13099323109238,0 36.14269737096264,36.13097403155749,0 36.14256936226259,36.13080762450881,0 36.14249083525969,36.13060774041217,0 36.14246855832494,36.1305458611813,0 36.14242658678817,36.13042927204114,0 36.14234092101797,36.13019369501696,0 36.1422266985506,36.12997953391549,0 36.14207678361979,36.12973681788888,0 36.14193400589843,36.12944413008684,0 36.14168414441307,36.12927280014958,0 36.14124867010779,36.12919427314163,0 36.14115321748291,36.12919182517391,0 36.14111614321831,36.12919087260391,0 36.14098540534425,36.12918751417372,0 36.14090585200552,36.12916364640994,0 36.14086777737948,36.12915412752935,0 36.14077259533477,36.12909701904672,0 36.14072975758852,36.1290812350636,0 36.14068217283305,36.12906371297218,0 36.14061078433486,36.12902087682242,0 36.14053939682745,36.12898756218183,0 36.14050290355764,36.12896791687879,0 36.14047752570549,36.12895424376165,0 36.14043816742009,36.12894768537308,0 36.14042757249192,36.12894515453188,0 36.14039204129721,36.12893896519089,0 36.14027798076619,36.12891719390736,0 36.14024908529159,36.12891141252941,0 36.14013486635516,36.12888761676898,0 36.14003968246012,36.12886858053715,0 36.13991118487012,36.1288495442487,0 36.13986749288928,36.12884517563969,0 36.13977846303433,36.12882847841946,0 36.1397541328393,36.12882099020408,0 36.13967322675998,36.1287971940409,0 36.13965369423318,36.12879569605114,0 36.1395494887966,36.12878767571592,0 36.13948761905178,36.12878767596481,0 36.13947485405461,36.12878448735714,0 36.13942491569213,36.1287720035702,0 36.13941147399865,36.1287686425657,0 36.1393867656021,36.12876370364566,0 36.1393638802169,36.12875913052326,0 36.13931153208495,36.12872105498054,0 36.13929571368503,36.12870260162249,0 36.13925288585396,36.12865096626207,0 36.1392276881539,36.1286205699523,0 36.13926082255176,36.12861593389007,0 36.13930655468792,36.12861901372202,0 36.13934519187423,36.12861824520785,0 36.13939399080919,36.12861234746527,0 36.13944255891266,36.12859921048814,0 36.13947372145291,36.12859078178092,0 36.13952982279086,36.12857785895559,0 36.13955750807691,36.1285672757834,0 36.13956958262519,36.12856111501214,0 36.13962403736934,36.12853333297653,0 36.13967479446834,36.12851712231495,0 36.1397166095864,36.12850551323752,0 36.13978116441382,36.12847264676205,0 36.13981987064575,36.12845293855422,0 36.13987325016183,36.12842574694022,0 36.13990102219039,36.12840173964202,0 36.13993530117377,36.12838421841526,0 36.13995681316356,36.12835351128297,0 36.1399698251975,36.12831951809506,0 36.13999316911999,36.12829865123858,0 36.14000480154182,36.12828873070112,0 36.14001220874183,36.12828163260239,0 36.14007319165,36.12817465065867,0 36.14008205515883,36.12817006099966,0 36.14012456082175,36.12814805688792,0 36.14014160767869,36.12813923154017,0 36.1402014822915,36.12810823499676,0 36.14023582086461,36.1280904579987,0 36.14026334951235,36.12806617494643,0 36.14028401797744,36.12803537905309,0 36.14031168127498,36.12801096359189,0 36.14034194782492,36.12797508653178,0 36.14037072911562,36.1279500163182,0 36.14040157012158,36.12791372675996,0 36.14042351188486,36.12788202150794,0 36.14046157225036,36.12785197760647,0 36.1404927193319,36.12781534296234,0 36.14051488626031,36.12778335242798,0 36.14052801095222,36.12775606441007,0 36.14055662044621,36.12773081212429,0 36.14059353245767,36.12770116689259,0 36.1406216568008,36.12767611746797,0 36.14065735250528,36.12765730986345,0 36.14068708426917,36.12762109350481,0 36.14071545222345,36.12759583130146,0 36.14073634763307,36.12756418770191,0 36.14076467440184,36.12752859034546,0 36.14078454116443,36.12748711422302,0 36.14079643945983,36.1274498005996,0 36.14081506487016,36.12741922946263,0 36.14082700118099,36.12738181120609,0 
								</coordinates>
							</LinearRing>
						</outerBoundaryIs>
					</Polygon>
				</MultiGeometry>
			</Placemark>
			<Placemark id="ID_200008">
				<name>Gölbaşı Gölü</name>
				<Snippet maxLines="0"></Snippet>
				<description><![CDATA[<html xmlns:fo="http://www.w3.org/1999/XSL/Format" xmlns:msxsl="urn:schemas-microsoft-com:xslt">

<head>

<META http-equiv="Content-Type" content="text/html">

<meta http-equiv="content-type" content="text/html; charset=UTF-8">

</head>

<body style="margin:0px 0px 0px 0px;overflow:auto;background:#FFFFFF;">

<table style="font-family:Arial,Verdana,Times;font-size:12px;text-align:left;width:100%;border-collapse:collapse;padding:3px 3px 3px 3px">

<tr style="text-align:center;font-weight:bold;background:#9CBCE2">

<td>Gölbaşı Gölü</td>

</tr>

<tr>

<td>

<table style="font-family:Arial,Verdana,Times;font-size:12px;text-align:left;width:100%;border-spacing:0px; padding:3px 3px 3px 3px">

<tr>

<td>SHAPE</td>

<td>Polygon</td>

</tr>

<tr bgcolor="#D4E4F3">

<td>Adı</td>

<td>Gölbaşı Gölü</td>

</tr>

<tr>

<td>SHAPE_Length</td>

<td>19802.777915</td>

</tr>

<tr bgcolor="#D4E4F3">

<td>SHAPE_Area</td>

<td>2509320.964413</td>

</tr>

</table>

</td>

</tr>

</table>

</body>

</html>]]></description>
				<styleUrl>#PolyStyle130000</styleUrl>
				<MultiGeometry>
					<Polygon>
						<outerBoundaryIs>
							<LinearRing>
								<coordinates>
									36.48500209645497,36.51964260570751,0 36.4850013918603,36.51968230362189,0 36.48492474482404,36.51981203285358,0 36.48477602104477,36.52006375378855,0 36.48437837986744,36.52040172418906,0 36.48428351016808,36.52048235604712,0 36.48408153904391,36.52069261342584,0 36.48361621878065,36.52082563968951,0 36.48296552670468,36.52066849617606,0 36.48258245218212,36.52045990221912,0 36.48212947007129,36.5202211803084,0 36.48197905758597,36.51994607560273,0 36.48199424292458,36.51948854675977,0 36.4819300314052,36.51928684602378,0 36.48169010220705,36.51903842071562,0 36.48137694394619,36.51885995106859,0 36.48093599238411,36.51879318212253,0 36.48049219279591,36.5188121971423,0 36.47967782486736,36.51878026702142,0 36.47906306152836,36.51860957201067,0 36.47834249356772,36.51842227563574,0 36.47810115256736,36.51821673652437,0 36.47766828851459,36.51790689376713,0 36.47696544447152,36.51771997242351,0 36.47651534894302,36.5173954432404,0 36.47628507293367,36.51739045395704,0 36.47597859360404,36.51701180357143,0 36.4756237339008,36.51648902245911,0 36.47538324705753,36.51572548431065,0 36.47519495057041,36.51499169315247,0 36.4751877705348,36.51488020368368,0 36.47516137904063,36.51447037285426,0 36.47547835400497,36.51416431618129,0 36.47579000795862,36.5138936151068,0 36.47615685580984,36.51359051763547,0 36.47658428159592,36.51324102826467,0 36.47660149648342,36.51322581582904,0 36.47697680798688,36.51293438500448,0 36.47697812037605,36.51292543198679,0 36.47726255115672,36.51264966688014,0 36.47727090429974,36.51263527703151,0 36.47744995741201,36.51239743406705,0 36.47745359633854,36.51238467840111,0 36.47746591516354,36.51236978805475,0 36.47760975505835,36.51207875362703,0 36.47760707123423,36.51206431469034,0 36.47761454937547,36.51205115052177,0 36.47761097407985,36.51189737645836,0 36.4776059622023,36.51188772863397,0 36.4775659214546,36.51176540772272,0 36.47750066423681,36.51161371153422,0 36.47744305157737,36.51132083440304,0 36.47744455613086,36.51130216815448,0 36.4773665229629,36.51095764117989,0 36.47736252866457,36.51094982695746,0 36.47738579185702,36.51062986880644,0 36.4773899519932,36.51059954420578,0 36.47745548706386,36.51035847300458,0 36.47746285481953,36.51034466603511,0 36.47751844087829,36.5101026165438,0 36.477521100624,36.51009035438295,0 36.47753568176608,36.50984490828848,0 36.47761521098096,36.50968865448878,0 36.47761705459663,36.50967215160677,0 36.47773629585681,36.50932934688249,0 36.47782381619333,36.50900500097758,0 36.47789620920959,36.50862835972398,0 36.47804891075009,36.50826898310515,0 36.47805860088923,36.50825761765791,0 36.47828864980703,36.50804095560813,0 36.47830544236605,36.50803286615295,0 36.4783269936689,36.50802372052992,0 36.47860391281132,36.50787215441826,0 36.47862715895257,36.50786663543248,0 36.47863870042068,36.50785955070889,0 36.4786572915565,36.50785513622459,0 36.47866881992613,36.50784805818777,0 36.47916958700876,36.50763437006439,0 36.47942309368465,36.50752794040476,0 36.48023257662837,36.50717679419251,0 36.4804606267117,36.50706564575523,0 36.48049273235055,36.50704934818236,0 36.48113219036509,36.50678384370467,0 36.48115481904335,36.50677031416991,0 36.48179037834701,36.50645856168311,0 36.48181405809078,36.50644694661901,0 36.4822342096227,36.50626067624519,0 36.48224272560613,36.50625856314393,0 36.48256484947661,36.50602917561249,0 36.48268458914681,36.50589989401275,0 36.48300268187268,36.50558482430171,0 36.48330899690208,36.5051898756554,0 36.48331747141075,36.50517148944194,0 36.48348636624022,36.5048681622535,0 36.48349738674463,36.50486172482481,0 36.48363393368263,36.50467977550262,0 36.48370474377432,36.50452734993973,0 36.48370313859744,36.50450866012959,0 36.48376979004784,36.50423980538732,0 36.48378230734037,36.50421829693471,0 36.48385432811968,36.50385553477357,0 36.4838601212854,36.50383239024107,0 36.48395346474276,36.50347248341754,0 36.48395307668665,36.5034602012265,0 36.48400727395163,36.50316331572346,0 36.4840725489678,36.50285561118134,0 36.48419133367761,36.50242601050383,0 36.48418942655474,36.50241302938951,0 36.48429292985912,36.50202792010178,0 36.48429486004376,36.50201064333551,0 36.48429678576074,36.50199341625602,0 36.48442058172434,36.50150165602446,0 36.48442592809106,36.50148112127677,0 36.48450296618309,36.50122198268694,0 36.4845002425905,36.50120794242489,0 36.48463830601929,36.50083938852438,0 36.4846380042209,36.50082669204506,0 36.48464202602037,36.50080021774669,0 36.48473151691071,36.50049076671778,0 36.48473032478749,36.50047136023886,0 36.48480390663843,36.5002375088091,0 36.48480723090936,36.50022155721285,0 36.48480618571602,36.50020671912198,0 36.4849807036636,36.49971617982762,0 36.48507014294638,36.49931111456986,0 36.48507363547741,36.49930132734057,0 36.48509595920056,36.49902090090738,0 36.48509371125737,36.49889668153365,0 36.4850066126274,36.4987253668911,0 36.48499104451075,36.49871337819837,0 36.48497492826945,36.49869765458097,0 36.48496820127355,36.49868365572582,0 36.4848112262158,36.49856728262816,0 36.4847913571126,36.49855307973706,0 36.48477637078601,36.49854154523425,0 36.48474842136011,36.49853322534671,0 36.48457303017511,36.49843740939065,0 36.48456330401242,36.49842867098116,0 36.48439520753659,36.49832228508508,0 36.48417400958286,36.4981822892403,0 36.48367896480871,36.49791898706302,0 36.4832128766616,36.49763122770681,0 36.4831801484757,36.4976192105743,0 36.48284936521142,36.49743445127527,0 36.48283207991621,36.49742770776889,0 36.48252535437233,36.49723461269866,0 36.48251449037122,36.49723199917812,0 36.48200644841951,36.49697148430555,0 36.48159261697246,36.49670557821642,0 36.48156756014276,36.49669290399356,0 36.48155740594983,36.49668605646126,0 36.48125094588934,36.49651964028091,0 36.48123166644251,36.49651097344147,0 36.48099441434236,36.49633338028084,0 36.48078769930092,36.49615777879019,0 36.48075189224967,36.49599563772942,0 36.48075035250091,36.49586227631963,0 36.48075490610786,36.49583857794869,0 36.48076313719786,36.49580958406611,0 36.48076856713146,36.49579047513746,0 36.48084482535828,36.49554515334782,0 36.48085805078534,36.49552100253546,0 36.48086669373116,36.49549801364832,0 36.48095671826538,36.49523723807417,0 36.48097043402046,36.49519750865357,0 36.48098140073422,36.49517674588238,0 36.48104966377801,36.4950154860197,0 36.4814582668982,36.49438511383449,0 36.48184780647712,36.4937513166566,0 36.48275240368844,36.49224587102172,0 36.48324192872379,36.49149022054841,0 36.48324514154693,36.4914768834043,0 36.4835274016773,36.49089612096705,0 36.48381120115598,36.49050009107553,0 36.48392544411543,36.49035161266207,0 36.4841634988204,36.49027180246147,0 36.48418700270968,36.49026491533487,0 36.48446608544256,36.49020419421048,0 36.48448033221791,36.49021410696181,0 36.48472516727765,36.49040228496338,0 36.48474010753438,36.4904127054021,0 36.48475809664202,36.49043718904465,0 36.48477922505878,36.49047576207668,0 36.48497083439316,36.49075258249063,0 36.48506484096191,36.49109584754096,0 36.48507799833277,36.49115376070261,0 36.48538417169051,36.49177746891824,0 36.48572372909641,36.49244340548408,0 36.48572716657518,36.49245771768344,0 36.48575496512139,36.4924721489373,0 36.48590867147566,36.49263172974617,0 36.48606034664829,36.49279992045626,0 36.48607588080907,36.49281550421086,0 36.48633865485978,36.49294252038706,0 36.48637414970887,36.49296211443329,0 36.48694702282479,36.4931633053753,0 36.4869646798869,36.4931732991199,0 36.48699999371776,36.49319330462983,0 36.48743387648403,36.49336007756158,0 36.48748736422623,36.49337752014633,0 36.48754060221566,36.49339494208407,0 36.48758300499073,36.49341605003021,0 36.48762842320941,36.49342595200324,0 36.48767776056057,36.49345434805009,0 36.48783748831657,36.49352391453528,0 36.48787110069973,36.49353693440111,0 36.48789583788345,36.49354803355912,0 36.48792919460475,36.49356095096649,0 36.48796957922662,36.49358112221194,0 36.48800261861651,36.49359390562395,0 36.48829528252016,36.49371480208451,0 36.48832701046565,36.49372019667544,0 36.48877260395322,36.49381247402607,0 36.48881795564019,36.49382011591936,0 36.48886310041569,36.49382772240602,0 36.48890050614621,36.49383393452337,0 36.48896574395782,36.49384188253639,0 36.48939052794526,36.49389644548492,0 36.4894159342794,36.49389972728874,0 36.48950435550228,36.49391115344356,0 36.48951692645618,36.49391170166313,0 36.48995912030044,36.493931007577,0 36.48999582344734,36.49392388769638,0 36.49001687785553,36.49392598043585,0 36.49005976179133,36.49392486502259,0 36.4900878209098,36.49392765451771,0 36.49014468858931,36.49392793245761,0 36.49037957681399,36.49392559111686,0 36.49048015455053,36.49392458769389,0 36.49050912009519,36.49392159662115,0 36.49053742633533,36.49392390032914,0 36.49058700282916,36.49392793444261,0 36.49062953776394,36.49393139541891,0 36.4906792072089,36.49393543668211,0 36.49103662014522,36.49396313633738,0 36.49106570172518,36.49396498741749,0 36.49109481917075,36.49396684194479,0 36.49113751442448,36.49398035072581,0 36.49117301836641,36.49399343045274,0 36.49140911499152,36.49407493485784,0 36.49145860304135,36.49410572609192,0 36.49147993621871,36.49411819105664,0 36.4916204868039,36.49424396573539,0 36.49167166425921,36.49426980942805,0 36.49171576337179,36.49429508112466,0 36.49174516203704,36.49431384029886,0 36.4919430866956,36.49450289512076,0 36.49195750821554,36.4945268099672,0 36.49196473688919,36.4945387934448,0 36.49216135446508,36.49472165922494,0 36.49217673671019,36.49473457236375,0 36.49223911463798,36.49476884096641,0 36.49248862769697,36.49500253947095,0 36.4925138291517,36.49501656856371,0 36.49258124227161,36.49506435787222,0 36.49260655929067,36.49509081042335,0 36.49265641533025,36.49512566565481,0 36.49273353993857,36.49518624582638,0 36.49284603059665,36.49527009521913,0 36.49287723207964,36.495282027385,0 36.49290175051039,36.49530309986107,0 36.49326793557196,36.49556676302463,0 36.49330903474149,36.49559003978366,0 36.49361753640095,36.49583493336687,0 36.49362347866485,36.49585517715229,0 36.49361640566198,36.49590691022392,0 36.49362058410224,36.49594011733138,0 36.49361010817108,36.49620833631106,0 36.49360745116152,36.49622779153563,0 36.49359149996303,36.49634456820059,0 36.49338157514906,36.49660864761504,0 36.49318827617438,36.49691857152522,0 36.49317441847394,36.49694078964598,0 36.49302582000987,36.49714744353787,0 36.49296663402022,36.4975086420494,0 36.49318890935576,36.49793313154675,0 36.49350752694654,36.49830246029346,0 36.49408651598059,36.49865831484394,0 36.49454618882609,36.49904975458944,0 36.49491510524067,36.49935081338306,0 36.4950984297156,36.49950041599004,0 36.49530025303818,36.49982907480732,0 36.49575176322438,36.50046834073559,0 36.49573918359043,36.50084961985596,0 36.495841527839,36.50132875850649,0 36.49622723908962,36.5018139891144,0 36.49644765682966,36.50229566505745,0 36.49630157158293,36.50242606633582,0 36.49577325758652,36.50268179249007,0 36.49536867444264,36.50276847869738,0 36.49469992931261,36.5029830237115,0 36.49430762867845,36.50341336584724,0 36.494153356139,36.50379159652061,0 36.49369335126113,36.50412509126559,0 36.49357213054429,36.50433847123171,0 36.49349740685509,36.50433987646837,0 36.49255448320854,36.50471477741813,0 36.49121107499265,36.50515410428982,0 36.49030713888686,36.50527027282291,0 36.48969706480655,36.50525463533324,0 36.48910678161568,36.5051689312084,0 36.48871217761496,36.50507049116071,0 36.48816719135993,36.50487875384976,0 36.48772234074114,36.50464595170332,0 36.48730512016182,36.50448403154565,0 36.48696211707569,36.50408474181101,0 36.4868666043787,36.50358603155158,0 36.48692113129498,36.50327389367686,0 36.48708351637072,36.50300278353956,0 36.48709349792229,36.50290123832215,0 36.48708345430698,36.50282865409748,0 36.48674375518389,36.50239996196379,0 36.48666888510775,36.50220884421443,0 36.4866783391307,36.50204077225496,0 36.48688560683124,36.50145534069424,0 36.48721248187845,36.50119301496871,0 36.4873121764135,36.5011791624596,0 36.48743523354947,36.50119888109916,0 36.48762147551017,36.50129807095136,0 36.48766095538003,36.50130620400459,0 36.48787831362392,36.5013511611623,0 36.48791346857139,36.50135839176302,0 36.48807850516798,36.50135384629822,0 36.48810624434695,36.50134532784268,0 36.48817390093086,36.50132449160449,0 36.48829759254527,36.50117604231842,0 36.48830349596582,36.50116895235932,0 36.4884029372613,36.50104955630806,0 36.4885254755006,36.50090250561382,0 36.4886981015953,36.50082773233049,0 36.48917919724011,36.5005710197148,0 36.48949184367147,36.50040606250417,0 36.48980448984911,36.50024110450701,0 36.49031297117136,36.49987051278176,0 36.49060830242159,36.49951440487187,0 36.49062153639696,36.49911406340793,0 36.49056267042263,36.49875032236517,0 36.49038889464979,36.49828871944766,0 36.4901858352172,36.49799818116829,0 36.48979135595046,36.49777982782786,0 36.48927314146098,36.49773050219996,0 36.48894509056321,36.49764712074897,0 36.48848356450844,36.49731285176507,0 36.48813757852362,36.49705738359333,0 36.48772391533474,36.49670506672496,0 36.48713739947553,36.4965779497352,0 36.48667020603258,36.49641524948994,0 36.48615831736495,36.49617527236111,0 36.48586462007671,36.4957683077282,0 36.48585363348351,36.49538652021978,0 36.4856487037125,36.49515316831099,0 36.48532698159978,36.494879137846,0 36.48497842146228,36.49466899081349,0 36.48493316370371,36.49464170513203,0 36.4844537457246,36.49413533844417,0 36.48434958365238,36.49371338456999,0 36.48424984385827,36.49315798327753,0 36.48396714470614,36.49313280006231,0 36.48371966410082,36.49347084837773,0 36.48344667644098,36.49386557732969,0 36.48310474578238,36.49420158385867,0 36.48265287289178,36.49461991696091,0 36.48264159569044,36.49463035692159,0 36.48212868947854,36.49513436159556,0 36.4817675631133,36.49533640631639,0 36.48145302418073,36.49555853504019,0 36.48139804587776,36.49572684133663,0 36.48138321528037,36.49577224467684,0 36.48134782786234,36.49588057685274,0 36.48135628956804,36.49588248128481,0 36.48144164243647,36.49590168337771,0 36.48201085223231,36.4958376798067,0 36.48241983677481,36.49561759111835,0 36.48273374117919,36.49541452335643,0 36.48312037292588,36.49515579385326,0 36.48350447577342,36.49497331852244,0 36.48390713429838,36.4949438625303,0 36.48439287008347,36.4952595939514,0 36.48480903793513,36.49553566566907,0 36.48517545926384,36.49588697189376,0 36.4854002130246,36.49623521790345,0 36.48552673084096,36.49669580836157,0 36.48561170956707,36.49698380573393,0 36.48608269012713,36.49703212725662,0 36.48645985292302,36.49705934457485,0 36.48695318393399,36.49714629951034,0 36.48746571309503,36.49736720844346,0 36.48769489639181,36.4975820049921,0 36.48799744222431,36.49772207189574,0 36.48841805041774,36.49786468524895,0 36.48888084122392,36.49816082671702,0 36.48919628404829,36.49862548660823,0 36.48913392649514,36.49908200083245,0 36.48895854831412,36.4993834600966,0 36.48876081619589,36.49964628101844,0 36.48851522520486,36.49992714735114,0 36.48831812063445,36.50017090434548,0 36.48812353849114,36.50033840409882,0 36.48807143859408,36.50036822939615,0 36.48793136450743,36.50037646811291,0 36.48771719678256,36.50040026278904,0 36.48726506618819,36.50023369175464,0 36.48674154336401,36.50037646342408,0 36.48643475048558,36.50058737544127,0 36.48641823955359,36.5005987257565,0 36.48640713760354,36.50061486621486,0 36.48634989851943,36.50069814194971,0 36.4860937955657,36.501274704575,0 36.4859635216338,36.50160227892906,0 36.48550228524247,36.50204571938964,0 36.48534368327014,36.50225498695205,0 36.48530781153579,36.50232507157033,0 36.48532773140236,36.50239606152417,0 36.48558733229069,36.5026674166714,0 36.48560329094,36.50279528497404,0 36.48551655865466,36.50321579862436,0 36.48535820363103,36.50358991794627,0 36.48523612411577,36.50397453521077,0 36.48515743928949,36.50427742009602,0 36.48491869442238,36.50466192015757,0 36.48472271045936,36.50480957647845,0 36.48454689793717,36.50494203702723,0 36.48432392074643,36.50501871849225,0 36.48429865759853,36.50514382432576,0 36.48427823127707,36.50520260960187,0 36.484206445753,36.50540919916689,0 36.4841053197995,36.50555668008269,0 36.48406233473838,36.505670515122,0 36.48393521207069,36.50600715692212,0 36.48375722376142,36.50639068381526,0 36.48376450189413,36.50648312843676,0 36.48377959556175,36.50673066889085,0 36.483836995502,36.50711636931548,0 36.48407414688688,36.50767791791361,0 36.48406227655007,36.50784449440133,0 36.48403785123635,36.50794023662677,0 36.48394331165171,36.50811525378011,0 36.48365055866982,36.50825355089167,0 36.48347581599096,36.50825049400439,0 36.48344313175252,36.50820482984837,0 36.48316744044154,36.50780947374558,0 36.48256523095139,36.50745751705362,0 36.48241707812304,36.50746087692337,0 36.48229081318244,36.50746064515275,0 36.48194183831303,36.50761193952155,0 36.48169869170596,36.50771735182573,0 36.48068614039028,36.50841996438933,0 36.480669252896,36.50843168356376,0 36.48055688672982,36.50853117453021,0 36.48045196858928,36.50862407399803,0 36.48037567155624,36.5086916286309,0 36.48036500917041,36.50890338382654,0 36.48034617123746,36.50930707566557,0 36.48034158006457,36.50940544640108,0 36.48033868841623,36.50954280246509,0 36.48033352654226,36.50978805103868,0 36.48032963644693,36.51002158160855,0 36.48024691972038,36.51029301232845,0 36.48008530130818,36.51060810998377,0 36.47997268865095,36.51082014530839,0 36.48002380018563,36.51090351246518,0 36.48006990141118,36.5110828505218,0 36.48024196412233,36.51145096836129,0 36.48027971177901,36.51166753365934,0 36.48032079768181,36.51194302284868,0 36.48032626240711,36.51236313578038,0 36.48056759608972,36.5129502851816,0 36.48073717377927,36.51322993128989,0 36.48073068884574,36.51328873850467,0 36.48069350556198,36.51340584125075,0 36.48055712338039,36.51342116494826,0 36.48039401123302,36.51343790636729,0 36.48018945233542,36.5135482264981,0 36.47977892359076,36.51391213876633,0 36.47972246422447,36.51402108326001,0 36.47971847259727,36.51416817810631,0 36.47986813091992,36.51437692376602,0 36.480288254949,36.51464321165328,0 36.48031507901271,36.51481448081529,0 36.48031223976859,36.5150087383833,0 36.4803346338667,36.51518835065119,0 36.48037993490439,36.51555165982208,0 36.48053513893262,36.51609210485404,0 36.48095256522112,36.51663124130629,0 36.48121728220585,36.51671821996543,0 36.48152227937268,36.51675098231607,0 36.4819661202138,36.51676846918614,0 36.4821538795896,36.516828675747,0 36.4822995411761,36.51727473211667,0 36.48245478794116,36.51765015637262,0 36.48247038932317,36.5176878837741,0 36.48261481953536,36.51791021619603,0 36.48287631223116,36.51793836031364,0 36.48303839103499,36.5179607101278,0 36.48304096437797,36.5180432305309,0 36.48296689947358,36.51808907465667,0 36.4824600457232,36.5182412334488,0 36.48246359066285,36.51829033815994,0 36.48257000701313,36.51830403233556,0 36.48272412234398,36.5182654666991,0 36.48344044055715,36.5181757715681,0 36.48357649201179,36.51826047990713,0 36.4838560744524,36.51851270276748,0 36.48390801779016,36.51865683275855,0 36.4839085618497,36.51881583067312,0 36.48391612726532,36.51889250969144,0 36.48398136775661,36.51890542266494,0 36.48411230654131,36.51891359404355,0 36.48434907610447,36.51904323783881,0 36.48439405471006,36.51908528569904,0 36.48436962517806,36.51918102807799,0 36.48426987230091,36.51918910753329,0 36.48419173746348,36.51920539276372,0 36.48405825658016,36.51928946026255,0 36.48405468880521,36.51933066372826,0 36.48414392088878,36.51944403607416,0 36.48429985156133,36.51951149864896,0 36.48445706824963,36.51953581590529,0 36.48458859055793,36.51960880074181,0 36.48470736701259,36.51961671448478,0 36.48480603470657,36.51955949324091,0 36.48481474629006,36.51954905148357,0 36.48489641667447,36.51945117148833,0 36.48495333394664,36.51932457111725,0 36.48499355748923,36.51918590065277,0 36.48493674426031,36.51912999464688,0 36.48490593894471,36.51910194601279,0 36.48480956634992,36.51898842271566,0 36.48481075757048,36.51894131138817,0 36.48484674645349,36.51887131982887,0 36.48491873944483,36.51881362457058,0 36.48554641678813,36.51823364013489,0 36.4855611350463,36.51813769332201,0 36.48556191130857,36.51811031024718,0 36.48551141992002,36.51809365356711,0 36.48529796362991,36.51799577754418,0 36.4848904955618,36.517978980127,0 36.48470149252449,36.51796390684102,0 36.48420104529196,36.51779435926611,0 36.48407853412952,36.51771844875984,0 36.48382623863928,36.5175621195915,0 36.48368015904514,36.51744479047754,0 36.48360428172418,36.51738384679548,0 36.48338428404618,36.51720714711738,0 36.48298054953048,36.51669967415447,0 36.48274146940811,36.51629706944831,0 36.48265371606313,36.51622095039708,0 36.48253747996779,36.51620713961373,0 36.48235384973214,36.5161746013133,0 36.48178886043191,36.516060732337,0 36.48147807044357,36.51596908606859,0 36.48142055828856,36.51585223648439,0 36.48137327441636,36.51545097801237,0 36.48138785203469,36.51536296016715,0 36.48140748463997,36.51526711790513,0 36.48144038676357,36.51521661830496,0 36.48179380593233,36.51516775531715,0 36.48196023657768,36.51511764380991,0 36.48199687063775,36.51511048673,0 36.48200010336092,36.51508306608487,0 36.48196034712494,36.51493513607756,0 36.48171336160675,36.51482491879774,0 36.48149777428009,36.51480351075157,0 36.4809266656522,36.51437946842415,0 36.48062281254732,36.51395025478772,0 36.48062256754766,36.51387174693566,0 36.48063932552186,36.51369932624253,0 36.48065803611614,36.51363879501262,0 36.48068483503973,36.51363530541382,0 36.48081091955542,36.51364139425329,0 36.48097921467718,36.5136129551318,0 36.48115077209405,36.51346669660885,0 36.48135778226494,36.51317391669507,0 36.48137462480139,36.51309180552826,0 36.48136034925645,36.51299146145382,0 36.48129348658458,36.51295300529485,0 36.48114909838738,36.5129053416181,0 36.48111834594543,36.51269676619768,0 36.48110127952605,36.51234508439725,0 36.48106956571508,36.51208349299591,0 36.48137987076142,36.51174539834182,0 36.48143758166034,36.51158735954535,0 36.48144430398379,36.51134217267579,0 36.48145831336878,36.51092039700744,0 36.48147821523325,36.51081275428046,0 36.48152753566208,36.51078612592747,0 36.48160760795072,36.51078556469925,0 36.48203102795939,36.51101865691752,0 36.4820909548254,36.51104714197575,0 36.48212112941601,36.51100839286256,0 36.48209856665536,36.51094320474901,0 36.48183864155673,36.51006139560906,0 36.48183085189396,36.51001360871767,0 36.4817263240972,36.50937242483727,0 36.48159942734445,36.50895416205987,0 36.48160374883007,36.5087932836046,0 36.48165525372214,36.50859590905596,0 36.48180970739599,36.50845334372224,0 36.48206383463334,36.50830468106419,0 36.48225780197392,36.50831391509426,0 36.48250100418142,36.50838872051089,0 36.48276820606289,36.50856019906575,0 36.483044368313,36.50858261228258,0 36.48337858716522,36.50861192956104,0 36.48367711406079,36.50879181844136,0 36.48382841642585,36.50885332486002,0 36.48395960880334,36.50884969414483,0 36.48453248713981,36.50867701946716,0 36.48498250683876,36.50837466934775,0 36.48535329242164,36.50804342678003,0 36.4853731070628,36.5079417291998,0 36.48537900061709,36.50790454016361,0 36.48533494700899,36.50782718235467,0 36.48502546780194,36.5070681714757,0 36.48493341799174,36.50652482715995,0 36.4850500824048,36.50625600108965,0 36.48508630763109,36.5057266287746,0 36.48528938705006,36.50540239393143,0 36.48572117104735,36.50514877496414,0 36.48597327026411,36.50507261564173,0 36.48628644750124,36.5050720988103,0 36.48647164976448,36.50513810182808,0 36.48679156359142,36.50551266069206,0 36.48738782544325,36.50590367786198,0 36.48755600502326,36.50605773669678,0 36.48782840415818,36.50648635963125,0 36.48818660681829,36.50654374816406,0 36.48875903761839,36.50664314055512,0 36.4890135506624,36.50665129628182,0 36.48930203348198,36.50668269768027,0 36.48967157434927,36.50669327324481,0 36.48985954910232,36.50662115340555,0 36.48990117314289,36.50660518453446,0 36.49005000246789,36.50631819335614,0 36.49024148718135,36.50611384643118,0 36.49064063981925,36.50596452439587,0 36.49120439157865,36.50579333543602,0 36.49156917027766,36.50573341563877,0 36.49216055383661,36.50578524273291,0 36.4926689221981,36.50592553954917,0 36.49313064445882,36.50621401728577,0 36.49332864064691,36.50645476709305,0 36.49341454052572,36.50671290059516,0 36.4934097347287,36.50696912358389,0 36.4932878154459,36.50728759968487,0 36.49284460516296,36.50772612920777,0 36.49258690627489,36.50797131638751,0 36.49266776265714,36.50803599908213,0 36.49266776076115,36.50829299217367,0 36.49266776025695,36.50847384013665,0 36.49253449878778,36.50860709496504,0 36.49237268242806,36.5087022770663,0 36.49231557134625,36.50882601478961,0 36.49238219948905,36.50897830718065,0 36.49249642157193,36.50914963680741,0 36.49262016170201,36.50929241063101,0 36.49262016170822,36.50946374020312,0 36.49250593720918,36.50958747724378,0 36.49239171280848,36.50970169581888,0 36.49248689790509,36.51011098198627,0 36.49243930246391,36.51028231014578,0 36.49213470789432,36.51037749193488,0 36.49193481869487,36.51038700964417,0 36.49171589091584,36.51032038126157,0 36.49150648205313,36.51032989882408,0 36.49133514717021,36.51049170867474,0 36.49099247833217,36.51061544472814,0 36.49063077104979,36.51078677169522,0 36.49025002644368,36.51099617282276,0 36.49003109801572,36.51120557306518,0 36.48983120678294,36.51137690137297,0 36.48946949948429,36.51152919270805,0 36.48918394322137,36.51160533772124,0 36.48890790281914,36.51171955619064,0 36.4886984925345,36.51190040228198,0 36.48862234316633,36.51214787692721,0 36.48863186014417,36.51240487082025,0 36.48861282187093,36.51262379122947,0 36.48844148653733,36.51280463748788,0 36.48843196624758,36.51310922201478,0 36.48854618718362,36.51340428883977,0 36.48875559348559,36.51372791110015,0 36.48898403835397,36.51400394129574,0 36.4891191380077,36.51411201842964,0 36.48917121337,36.5141536782691,0 36.48945996414467,36.51428949162245,0 36.48966875622094,36.51428316525986,0 36.48968125219685,36.51426255424763,0 36.48965980154163,36.51432169382208,0 36.48967903465453,36.51436076718789,0 36.48967493419751,36.5144846827816,0 36.4896587099848,36.51461787447807,0 36.48952408270022,36.5147580536158,0 36.48935497430885,36.51486887186916,0 36.48905628526184,36.51496735751763,0 36.48894369419146,36.51498674159499,0 36.48871162112807,36.51502669603477,0 36.48839661976868,36.51501990240794,0 36.48836916409414,36.51501931063978,0 36.48815692183796,36.51500519344487,0 36.48786548741265,36.51488444306346,0 36.48766915694354,36.51474666457239,0 36.4875060429579,36.51467637466318,0 36.48728136026438,36.51468106571343,0 36.48712595319086,36.51473494444142,0 36.48698045883489,36.51484626927568,0 36.48690329192807,36.5150353785473,0 36.48687367554103,36.51521597533296,0 36.4868073689782,36.51543393449773,0 36.48663573055036,36.51562100425411,0 36.4864063086377,36.51576867105933,0 36.48613343944,36.51580093574311,0 36.48609917858627,36.5158024500454,0 36.48585349165084,36.51593988042961,0 36.4854753496987,36.51611772007851,0 36.48520538256705,36.51624066290948,0 36.48518295617907,36.51624531499118,0 36.4850532590249,36.51630224129718,0 36.48491925344661,36.51642335061096,0 36.48487782294621,36.51660369069698,0 36.48477924177977,36.51672556479036,0 36.48452809225741,36.51681552711025,0 36.48446588548371,36.51690956955498,0 36.48442540153403,36.51706131497895,0 36.48443215429266,36.51721408005156,0 36.48455952706491,36.51729314123968,0 36.4846763540134,36.51733382004891,0 36.48475870201667,36.51734513659257,0 36.48500669378964,36.51735049311884,0 36.48528979782842,36.51736614593923,0 36.48534694809685,36.51742461165981,0 36.48542487383277,36.51756937560102,0 36.48546831817436,36.5176847776233,0 36.48557946123456,36.51789702909115,0 36.48574005215271,36.51804357653443,0 36.48584349244752,36.51813165922936,0 36.48588377977561,36.51834237949864,0 36.48586186232214,36.51864714463983,0 36.4856547855015,36.51883344803373,0 36.48544833963256,36.51900068777545,0 36.48517545850996,36.51903294907722,0 36.48506159000242,36.5192594186279,0 36.48505748249458,36.51938333348779,0 36.4850053777942,36.5194578772677,0 36.48500209645497,36.51964260570751,0 
								</coordinates>
							</LinearRing>
						</outerBoundaryIs>
					</Polygon>
				</MultiGeometry>
			</Placemark>
			<Placemark id="ID_200009">
				<name>Erzin</name>
				<Snippet maxLines="0"></Snippet>
				<description><![CDATA[<html xmlns:fo="http://www.w3.org/1999/XSL/Format" xmlns:msxsl="urn:schemas-microsoft-com:xslt">

<head>

<META http-equiv="Content-Type" content="text/html">

<meta http-equiv="content-type" content="text/html; charset=UTF-8">

</head>

<body style="margin:0px 0px 0px 0px;overflow:auto;background:#FFFFFF;">

<table style="font-family:Arial,Verdana,Times;font-size:12px;text-align:left;width:100%;border-collapse:collapse;padding:3px 3px 3px 3px">

<tr style="text-align:center;font-weight:bold;background:#9CBCE2">

<td>Erzin</td>

</tr>

<tr>

<td>

<table style="font-family:Arial,Verdana,Times;font-size:12px;text-align:left;width:100%;border-spacing:0px; padding:3px 3px 3px 3px">

<tr>

<td>SHAPE</td>

<td>Polygon</td>

</tr>

<tr bgcolor="#D4E4F3">

<td>Adı</td>

<td>Erzin</td>

</tr>

<tr>

<td>SHAPE_Length</td>

<td>8605.198285</td>

</tr>

<tr bgcolor="#D4E4F3">

<td>SHAPE_Area</td>

<td>3040916.12592</td>

</tr>

</table>

</td>

</tr>

</table>

</body>

</html>]]></description>
				<styleUrl>#PolyStyle130000</styleUrl>
				<MultiGeometry>
					<Polygon>
						<outerBoundaryIs>
							<LinearRing>
								<coordinates>
									36.26464981728348,36.96384510430813,0 36.26449222569028,36.96382139081157,0 36.26419000889959,36.96365498788924,0 36.26400076711645,36.96362431385821,0 36.26364858728078,36.96341372541706,0 36.26343818854668,36.9632160996745,0 36.26332854771111,36.96315329209904,0 36.26317104974002,36.96299146364982,0 36.26313654172986,36.96289764129865,0 36.26308770337407,36.96283410319591,0 36.26298451191315,36.96274617090752,0 36.26284157481393,36.96267072726722,0 36.26262199855376,36.96236103394283,0 36.26260693810746,36.96224408662619,0 36.26252158850635,36.96200294944227,0 36.26244216773561,36.96186001868517,0 36.26242687507677,36.96178404957546,0 36.26218454495327,36.96147682737928,0 36.2620308395881,36.96137287545258,0 36.26169410342804,36.96128195594731,0 36.26128855549234,36.96115019768631,0 36.26096445938111,36.96109862092759,0 36.26055174959568,36.96096166879423,0 36.26038166093963,36.96086975772852,0 36.26028717968408,36.96076512881288,0 36.26023423794687,36.96063487692562,0 36.26023944121387,36.96041006430054,0 36.26020950854976,36.96019000717059,0 36.26021542069586,36.96005667070983,0 36.26012048134027,36.95978479677374,0 36.26023916597077,36.95964994562901,0 36.2603197147942,36.95960561723902,0 36.26041191144818,36.95942418511708,0 36.26039831213388,36.95932085152756,0 36.26035685215683,36.95927060507555,0 36.26023905366547,36.95927448626077,0 36.25986283982845,36.95920514761384,0 36.25962966194867,36.95907120317279,0 36.25931816836206,36.95892809051843,0 36.25873965642785,36.95852470899741,0 36.25864817355276,36.95840635998012,0 36.258607616552,36.95831520355192,0 36.25867629545833,36.95822482243587,0 36.25889860143404,36.95808164755005,0 36.25896380935603,36.95798574007423,0 36.25900979034065,36.95765637526095,0 36.25908157229257,36.95748616336722,0 36.25920030344501,36.95737362074166,0 36.25927116722217,36.9573430125733,0 36.25946488471175,36.95728200288713,0 36.25982040878778,36.95723046908613,0 36.25993027970293,36.95716457079966,0 36.26004900366215,36.95701061954467,0 36.26025588485476,36.95694316030757,0 36.26052745587094,36.9568884787999,0 36.26062951820344,36.95682402984331,0 36.26066891669077,36.95678012961195,0 36.26073483878766,36.95663566278486,0 36.26080942939891,36.95657692365201,0 36.26118003849389,36.95642638253624,0 36.26120359921835,36.9563460841225,0 36.26133361732241,36.95608250747982,0 36.2614327577521,36.95598452776264,0 36.26157997246524,36.95590598777967,0 36.26169292718001,36.95590764116842,0 36.26179104632671,36.95588568529401,0 36.26214993857259,36.95574310330777,0 36.26241233263571,36.95557713527855,0 36.26247663126772,36.95555662710927,0 36.26263187811643,36.95546748771417,0 36.26290221153265,36.9553702447894,0 36.26303334449952,36.95540856639004,0 36.2631921324903,36.95541166246257,0 36.26337402591926,36.95538549767467,0 36.26349002064045,36.95540897710332,0 36.26363466658772,36.95561622986998,0 36.26374944194344,36.95566148456192,0 36.26385036695232,36.95566005376603,0 36.26393007649251,36.95562849757212,0 36.26399056743841,36.95563739321925,0 36.26403004435671,36.95569740343191,0 36.26407064732408,36.95572230264546,0 36.26419238813781,36.95574405635237,0 36.26444404924035,36.95575277908706,0 36.26460557732805,36.95571359786523,0 36.26466075558088,36.95567556661292,0 36.2648606367076,36.95560172718886,0 36.2650287145136,36.95560387670265,0 36.26517031535249,36.95555173400786,0 36.26531038929934,36.95545491302028,0 36.26543890053721,36.95531964946601,0 36.26557216522769,36.95521396924245,0 36.26584204628068,36.95510562689334,0 36.2660968070504,36.95510667229814,0 36.26674121007085,36.95499281319912,0 36.2671180587668,36.95497352491841,0 36.26732240523125,36.95487046853494,0 36.2679627899093,36.95475147672904,0 36.26823979050792,36.95473898310546,0 36.26844963794934,36.95474551289745,0 36.2687857136525,36.95467883742269,0 36.26890285715166,36.95474390403999,0 36.26907250381085,36.95475949128566,0 36.26932519191396,36.95473081221596,0 36.26999815999636,36.95460920217054,0 36.27010878055667,36.95464738844954,0 36.27024709950942,36.95473774132557,0 36.27036651231118,36.9547888310417,0 36.27090740173411,36.95512393285709,0 36.27104588144256,36.95512490682096,0 36.27118082263689,36.95508660755197,0 36.27128563351205,36.95509475027768,0 36.27137669340624,36.95513962884003,0 36.27147663562955,36.95514303738298,0 36.27155903494526,36.95520605728616,0 36.27166004582869,36.95524490627213,0 36.27201407804514,36.95524176550423,0 36.27209866308122,36.95527071523279,0 36.27223359234181,36.95535277779975,0 36.27230721867193,36.95546261897844,0 36.27249480251368,36.95562804288776,0 36.27276458615997,36.95571087237683,0 36.27344153177438,36.95578894685977,0 36.27361729634789,36.95577889369646,0 36.27395915427381,36.95550397749722,0 36.27412640074958,36.95549622116091,0 36.27427947432907,36.95551055807967,0 36.27454673231915,36.95549762568177,0 36.27472876462142,36.9554621229976,0 36.2751359973803,36.95525935721105,0 36.27556675544041,36.95519003385748,0 36.27581832067192,36.95508469139985,0 36.27589081833322,36.95498834488361,0 36.27619948151217,36.9547530384905,0 36.27670873445852,36.95441806325921,0 36.27688287212311,36.9542264562656,0 36.27708248485426,36.95407276707635,0 36.27742054077775,36.95395193714175,0 36.27766054942408,36.95390943910135,0 36.27806219685183,36.95376069416803,0 36.27825026068616,36.95374553869343,0 36.27861341825275,36.95367094913332,0 36.27894722463893,36.95370573960904,0 36.27909943720099,36.95369725750503,0 36.2793317223075,36.95363336738528,0 36.2794175654635,36.95357359215991,0 36.27956701780794,36.95352066490685,0 36.27999210471649,36.95342260895738,0 36.28021867212966,36.9533912393696,0 36.28047251125012,36.95338924923961,0 36.28070149553283,36.95336875762051,0 36.2811170060228,36.9532845122347,0 36.28159067941197,36.95335646833676,0 36.28185837233723,36.95346613786492,0 36.28189228315475,36.95346493384949,0 36.28213359270361,36.95353561525042,0 36.28217811003577,36.95352650216596,0 36.28241360387018,36.95356928580761,0 36.28281887813554,36.95358282544265,0 36.28329253655323,36.95355622936261,0 36.28346575900574,36.95351915969776,0 36.28360831187531,36.95344996466273,0 36.28415362470725,36.95313929696903,0 36.28433631770152,36.9529755790393,0 36.28446895934189,36.95291399540961,0 36.28477065597514,36.95285577119446,0 36.28530566880414,36.95282616617103,0 36.28580418881167,36.95287266953697,0 36.28594838987686,36.95291256964399,0 36.28609108073282,36.95293066503876,0 36.28626781381529,36.95293835003915,0 36.28645635681145,36.95291409674789,0 36.28690354340961,36.95251222365629,0 36.28720120620976,36.95234471738616,0 36.28731587267311,36.95230810702366,0 36.28784236603656,36.95221839198526,0 36.28853889208588,36.95204635528752,0 36.28874399326412,36.95202284944859,0 36.28935471041409,36.95187656060632,0 36.28990072363202,36.95185260736156,0 36.29016394302381,36.95195766244579,0 36.29050079522804,36.95225577778535,0 36.29078864439893,36.95248388197265,0 36.29089796891159,36.95254864693806,0 36.29106276556713,36.95277981909721,0 36.29121798834388,36.95315072413951,0 36.29128897793651,36.95324293355419,0 36.29136334298446,36.95341573636215,0 36.29147712716569,36.95360779774016,0 36.29159740576879,36.95376291051226,0 36.29180931072236,36.95418389948566,0 36.29189282214161,36.95441091973656,0 36.29191379843078,36.95472822846518,0 36.29189848378582,36.95505432831406,0 36.29174266870877,36.95547321097711,0 36.29156332780281,36.95586598664934,0 36.29148564132412,36.95632369411892,0 36.29140927165398,36.95647362964859,0 36.29138071360933,36.95667112914339,0 36.29133581902376,36.95677485241399,0 36.29131245450499,36.95702103089193,0 36.29121716728116,36.9573622082432,0 36.29116493703943,36.95749454170993,0 36.29097600006371,36.957795431076,0 36.29069683965727,36.95829454728752,0 36.29064494639445,36.95841735183237,0 36.29031636404583,36.95893296294806,0 36.29030560213806,36.95900474635318,0 36.29023657009534,36.95910808460245,0 36.29016500353048,36.9592828941953,0 36.29010852281438,36.95936744287417,0 36.29008733062258,36.95946233501812,0 36.28999761252497,36.95964626724039,0 36.28991670337033,36.95974933286921,0 36.2898251030657,36.95981877306608,0 36.28967566695724,36.96001087851948,0 36.2896247853429,36.96010509200013,0 36.28952623131781,36.96020298558492,0 36.28937341423848,36.96049038979484,0 36.28923534486823,36.96069706268719,0 36.28914238971119,36.96080462011491,0 36.28873086284398,36.96118148922705,0 36.28860906206973,36.96126454428178,0 36.28845807916093,36.96133262587541,0 36.28823601095237,36.96139431375009,0 36.28808536606753,36.96145286434043,0 36.28801818994173,36.96150378575651,0 36.28762007363683,36.96205636832151,0 36.28753788306766,36.96211171432367,0 36.28716813401348,36.96223201831523,0 36.28703376938843,36.96225040628282,0 36.28657469701599,36.96237581844513,0 36.28643880870387,36.9624370900818,0 36.28634390254118,36.96259944148062,0 36.28631312007308,36.96271318877872,0 36.28617995703486,36.96290642949484,0 36.28599063145266,36.96304065977932,0 36.28586903055869,36.96318529010345,0 36.28571900066194,36.96324474069405,0 36.28537950248916,36.96343875957806,0 36.28509687578874,36.96374487888333,0 36.28496695074589,36.96380155787613,0 36.28479448498319,36.96395926151688,0 36.28471302797802,36.96412055173803,0 36.28471317710155,36.96427792494485,0 36.28476088888166,36.9644604856073,0 36.284856259718,36.96459013610485,0 36.28492049600064,36.96475951199876,0 36.28494729886143,36.96501913819043,0 36.28487768401669,36.9652373384001,0 36.28470660711825,36.96546111288718,0 36.28436399918185,36.96561151078283,0 36.28404300297274,36.9656969947598,0 36.28387184068796,36.96589886014146,0 36.28372518759452,36.96597694002254,0 36.28337661025714,36.96606762431573,0 36.28324763057725,36.96606077080563,0 36.28316194375554,36.96608641725074,0 36.28306669912298,36.96621307318299,0 36.28295650385114,36.96642330787431,0 36.28282383859312,36.96660067045105,0 36.28279290168133,36.96670023900111,0 36.28273125253667,36.9667846030589,0 36.28258337930377,36.96687370520224,0 36.2823294621093,36.96710369763895,0 36.2821312005203,36.96741872391797,0 36.28201116160201,36.96754097166451,0 36.28183531301113,36.96770199413061,0 36.28163979279695,36.9678227791501,0 36.28146542931956,36.96787156200723,0 36.28104319852124,36.96792809568651,0 36.28061192432912,36.96800676943175,0 36.28047556012324,36.96800170753924,0 36.28026889454322,36.9680211750786,0 36.28019841699808,36.96801107121158,0 36.27994611342118,36.96801784253039,0 36.27977493168538,36.96796227856892,0 36.27962097282921,36.96785877725788,0 36.27951765845434,36.96773085495995,0 36.27947337344465,36.96760542529436,0 36.27949392774346,36.96724152020139,0 36.27948327911884,36.96709608114134,0 36.27959200061507,36.96690441450817,0 36.27960117003768,36.96682513431747,0 36.27955869855113,36.96670079251716,0 36.27941178168212,36.96663420506579,0 36.27889045917753,36.966550592612,0 36.27878038522987,36.96648565826986,0 36.27873615936821,36.96644247898875,0 36.2786720291429,36.96630058700993,0 36.27864574729882,36.96603739542854,0 36.27871507546751,36.96576728276092,0 36.27877929740294,36.96562179306617,0 36.27901989033467,36.96533146773628,0 36.27922785772295,36.96514950986328,0 36.27929326052706,36.96500365207923,0 36.27922452012224,36.96475019611399,0 36.27912010712166,36.96460595179499,0 36.27902447079742,36.9645212589157,0 36.27898974350197,36.96451017851074,0 36.27881324689925,36.96450673763216,0 36.27849459421637,36.9647000690472,0 36.27839625328941,36.96473627410301,0 36.27806561198472,36.96477533513433,0 36.27783075842001,36.96475684559565,0 36.27756957796983,36.96477717417739,0 36.27744572528035,36.96482523639623,0 36.27728418721706,36.96496036120625,0 36.27716488078672,36.96496875938555,0 36.27708077457461,36.96493797486313,0 36.27694051043864,36.96493699007061,0 36.2767229005601,36.96502606904678,0 36.27650660437722,36.96500415928399,0 36.27624530272311,36.96493230472436,0 36.27619195641755,36.96487795849829,0 36.27607667372227,36.96469632779335,0 36.27593804399577,36.96454974768211,0 36.27580941038617,36.96447227792894,0 36.27565087969351,36.96443470152989,0 36.27505255293315,36.96438523904033,0 36.27490677320671,36.96438954449614,0 36.27484263912148,36.96437804850662,0 36.27472951751806,36.96439070562264,0 36.27465869657748,36.96440473656748,0 36.27459896226804,36.96444526076656,0 36.27458386982939,36.96457696044575,0 36.27454078068588,36.9646601223093,0 36.27426815748084,36.96471300564205,0 36.2737308341616,36.96473070927249,0 36.27355872495164,36.96476412230795,0 36.2734619685675,36.96484084042519,0 36.27320535895017,36.96488231922308,0 36.27314423065005,36.96487079883405,0 36.27295002780947,36.96473954441164,0 36.27275011868706,36.96464420095821,0 36.27242990774961,36.9645558435755,0 36.27220314561065,36.96446587495884,0 36.27185073517615,36.96443802109994,0 36.27165970659369,36.9644411830192,0 36.27144434641597,36.96439982446732,0 36.27117257747064,36.96437327544877,0 36.27089015049876,36.96441798684101,0 36.27077061638627,36.96447164731168,0 36.27046105136075,36.96473761305036,0 36.27005655115305,36.96519267496183,0 36.269854009451,36.96527313926001,0 36.26978368526112,36.96528195106242,0 36.26965710828448,36.96526607368499,0 36.26924271061638,36.96511431332289,0 36.26898066028419,36.96508710668591,0 36.26882672048188,36.96512162226565,0 36.26873871013731,36.96523952327625,0 36.26864211837199,36.96530502687696,0 36.26851376560611,36.96532974819882,0 36.26833194921021,36.96533997902913,0 36.26815672119296,36.96538139570654,0 36.26809617937382,36.96538323327773,0 36.26793855511536,36.96535630777905,0 36.26770135025242,36.96529089473538,0 36.26749838762956,36.96527080593693,0 36.26735139926892,36.96522494876587,0 36.26705767199135,36.96509918144696,0 36.26697719995293,36.9650566427939,0 36.26686830357684,36.96497047144843,0 36.26680027090386,36.96485369539192,0 36.26677584278716,36.96475060158915,0 36.26680218742777,36.96441771089468,0 36.26684513151327,36.96427055706104,0 36.26688276246109,36.96399496576385,0 36.266851407617,36.96387233822194,0 36.26677197618559,36.96373764095021,0 36.26664884577671,36.96359973208072,0 36.26639162119937,36.96344740518165,0 36.26618942199986,36.96340285155567,0 36.26605566104006,36.96339541883095,0 36.2655387298559,36.96361239090142,0 36.26551850960716,36.96367896455096,0 36.26525539014352,36.96379808794942,0 36.26509284770269,36.96383793352961,0 36.26496593193739,36.96384914726738,0 36.26464981728348,36.96384510430813,0 
								</coordinates>
							</LinearRing>
						</outerBoundaryIs>
					</Polygon>
				</MultiGeometry>
			</Placemark>
		</Folder>
		<Folder id="FeatureLayer21">
			<name>Surdurulebilir_Koruma_37</name>
			<Snippet maxLines="0"></Snippet>
			<Placemark id="ID_210000">
				<name>Şarlak Şelalesi</name>
				<Snippet maxLines="0"></Snippet>
				<description><![CDATA[<html xmlns:fo="http://www.w3.org/1999/XSL/Format" xmlns:msxsl="urn:schemas-microsoft-com:xslt">

<head>

<META http-equiv="Content-Type" content="text/html">

<meta http-equiv="content-type" content="text/html; charset=UTF-8">

</head>

<body style="margin:0px 0px 0px 0px;overflow:auto;background:#FFFFFF;">

<table style="font-family:Arial,Verdana,Times;font-size:12px;text-align:left;width:100%;border-collapse:collapse;padding:3px 3px 3px 3px">

<tr style="text-align:center;font-weight:bold;background:#9CBCE2">

<td>Şarlak Şelalesi</td>

</tr>

<tr>

<td>

<table style="font-family:Arial,Verdana,Times;font-size:12px;text-align:left;width:100%;border-spacing:0px; padding:3px 3px 3px 3px">

<tr>

<td>SHAPE</td>

<td>Polygon</td>

</tr>

<tr bgcolor="#D4E4F3">

<td>Adı</td>

<td>Şarlak Şelalesi</td>

</tr>

<tr>

<td>SHAPE_Length</td>

<td>2561.226212</td>

</tr>

<tr bgcolor="#D4E4F3">

<td>SHAPE_Area</td>

<td>86235.720145</td>

</tr>

</table>

</td>

</tr>

</table>

</body>

</html>]]></description>
				<styleUrl>#PolyStyle60</styleUrl>
				<MultiGeometry>
					<Polygon>
						<outerBoundaryIs>
							<LinearRing>
								<coordinates>
									36.09811574905103,37.49753156647267,0 36.09811149487729,37.49749361378267,0 36.09804560524959,37.49744552532387,0 36.09797844694154,37.4973965087443,0 36.09794102332054,37.49736919467523,0 36.09790427146056,37.49732470579142,0 36.09787333519832,37.4972771143093,0 36.09785191859021,37.49722476334447,0 36.0978424000112,37.49719620948132,0 36.0978162247599,37.49714623776352,0 36.09778170517804,37.49709706622182,0 36.09776625264117,37.49704629585114,0 36.0977662533169,37.4970104020102,0 36.09776882923322,37.49699141663884,0 36.09779718944174,37.49695111306409,0 36.09787333832968,37.49693683517296,0 36.09792134234308,37.49694851279868,0 36.09796138410755,37.4969582522901,0 36.09802264945359,37.49697867302617,0 36.09804815196267,37.49698625778677,0 36.09807560709698,37.49697252998142,0 36.09807560691746,37.49694635453651,0 36.09807025849061,37.49693857409596,0 36.09804943172725,37.49690828170155,0 36.09797328378055,37.49687496795265,0 36.09790665319149,37.4968511704529,0 36.09781384776542,37.49681309768177,0 36.09771569576586,37.49677229092691,0 36.09762440694868,37.49671903659912,0 36.09749244612026,37.49662385944164,0 36.09746879955689,37.4966155915301,0 36.09744262356186,37.49661083188627,0 36.09737745452727,37.49661015006349,0 36.09736188893298,37.49657974919359,0 36.09731363035105,37.49646088758046,0 36.09731402983417,37.49644874940223,0 36.09731972397556,37.49643806076233,0 36.09747936008772,37.49631199137473,0 36.09756570810871,37.49621605350624,0 36.09767308458079,37.49614958463442,0 36.09795204101935,37.49590676173631,0 36.09798226591811,37.49587817285546,0 36.09802186433279,37.49584619155785,0 36.09807439357238,37.49583293452856,0 36.09812439064547,37.49587261744409,0 36.09815356598797,37.49594865696862,0 36.09827343868716,37.49609138747125,0 36.09828686724229,37.496107377588,0 36.09830665843025,37.49615077900108,0 36.09832188700284,37.49617819180678,0 36.09831580983683,37.49624989211488,0 36.0983010167305,37.49623746710986,0 36.09828096405551,37.4962222807068,0 36.09827788897293,37.49632238605727,0 36.09829024600062,37.49634976342635,0 36.09830240803607,37.49637649988364,0 36.09831142931794,37.49639866053447,0 36.09831775531671,37.49640803983463,0 36.09832815053625,37.49643353511928,0 36.09833387003439,37.4964617462823,0 36.0983490633765,37.49648483242164,0 36.09835790916544,37.49651792521139,0 36.09837627667447,37.49654587459848,0 36.09839471670281,37.49657393650764,0 36.09841323384362,37.49660211262025,0 36.09842872195345,37.4966256802615,0 36.09845374721249,37.49664390316051,0 36.09847257724425,37.496652682962,0 36.09851027304649,37.49667025873673,0 36.09852914231755,37.49667905732108,0 36.09855433114008,37.49669737861945,0 36.0985732408162,37.49670619685902,0 36.09859850987388,37.49672457100294,0 36.09860804729787,37.49673891977349,0 36.0986334041874,37.49675736638786,0 36.09865731805896,37.49678344015085,0 36.09868131143003,37.49680960372499,0 36.09869744818071,37.49683381294061,0 36.09870892594685,37.49686092411931,0 36.09871247756232,37.49688609538439,0 36.09871457116762,37.4969191329673,0 36.09871815087723,37.49694454586788,0 36.09871620115215,37.49697021657874,0 36.09871113414994,37.49699122438241,0 36.09871807453224,37.4970293173556,0 36.09872103957579,37.49706204283037,0 36.09871997665496,37.49708927694751,0 36.09872297145159,37.49712247557566,0 36.09872190589421,37.49715011071443,0 36.09872011419335,37.49719658085707,0 36.09871354660772,37.49722721488145,0 36.09870330061354,37.49725443872914,0 36.09868940958157,37.49727632514873,0 36.09868075771259,37.49729552863326,0 36.09868988458567,37.4973202363542,0 36.09869736427737,37.49735334966189,0 36.09869592922464,37.49738389037009,0 36.09868911934191,37.49739718347482,0 36.09868017368234,37.49741464309615,0 36.09866605788304,37.49743711116461,0 36.09865481222442,37.49744218993067,0 36.09860880018825,37.49746145890075,0 36.0985684795895,37.49747834390077,0 36.09849804446331,37.4974938489894,0 36.09847724966314,37.49749556356813,0 36.09843913114037,37.49750452663354,0 36.09839177898963,37.49751037131155,0 36.0983733557374,37.4975041316016,0 36.09834102447746,37.4975106757397,0 36.09828213803894,37.49752134809502,0 36.0982464202305,37.49752235155938,0 36.09821988199661,37.49752647932659,0 36.09819578646565,37.49752265005209,0 36.09816329988888,37.49752896665778,0 36.09813301197489,37.49752694879318,0 36.09811574905103,37.49753156647267,0 
								</coordinates>
							</LinearRing>
						</outerBoundaryIs>
					</Polygon>
					<Polygon>
						<outerBoundaryIs>
							<LinearRing>
								<coordinates>
									36.09811574905103,37.49753156647267,0 36.09809770975246,37.49754073664653,0 36.09804849010736,37.49755608908907,0 36.09800467587355,37.49756834788447,0 36.09792973033837,37.49758931587076,0 36.09785806599248,37.49760302288163,0 36.09783628230472,37.49760278467188,0 36.09780520425995,37.49759883405834,0 36.09774327656844,37.49760356718133,0 36.09772783104079,37.49760159661733,0 36.09769389913157,37.49760482270051,0 36.09765698331117,37.49760261737438,0 36.09760485778987,37.49759845599002,0 36.09757731144755,37.49759994756758,0 36.09754369440352,37.49760315813514,0 36.09750716028108,37.49760096707111,0 36.09747664850946,37.49760956349008,0 36.09744321962224,37.49761275737754,0 36.09740985489818,37.49761594416543,0 36.0973855463681,37.49762280007253,0 36.09734621859343,37.4976276840839,0 36.09732803363163,37.49763281419931,0 36.09728882160506,37.49763768073762,0 36.0972528662703,37.49763545728551,0 36.09722303002361,37.4976315360982,0 36.09719008220556,37.49763468665437,0 36.09715756885247,37.49762542329647,0 36.09713692281669,37.49761224622668,0 36.09711944693996,37.49759188233809,0 36.09709601431187,37.49757314883316,0 36.09707585594108,37.49754750329093,0 36.09705859592446,37.4975273815076,0 36.09703580905294,37.4974965565103,0 36.09702465540252,37.49747505810284,0 36.09701353975443,37.49745363077825,0 36.09699417416078,37.49741630344983,0 36.09697492035191,37.49737919032947,0 36.09695577603094,37.49734229057646,0 36.09695348390427,37.49732497730849,0 36.09694304892264,37.49729202882548,0 36.09693221664659,37.49727119052923,0 36.09692456527804,37.49724367151141,0 36.09691694308373,37.49721625624537,0 36.09691471141495,37.49719922881421,0 36.09690712989047,37.49717197646519,0 36.09689691029124,37.49713972331637,0 36.09688673743316,37.49710761580568,0 36.09687613434777,37.49708734183289,0 36.09684915495387,37.49701341311236,0 36.09684375463323,37.49700226777451,0 36.09683658872777,37.4969874763967,0 36.09682413877917,37.49696178080404,0 36.09681378815392,37.49694055503263,0 36.09681066486759,37.49692616845034,0 36.09680588868948,37.49690845453385,0 36.09680113558693,37.4968908337174,0 36.09679634174894,37.49687313017496,0 36.09679683480049,37.49685830180718,0 36.09679374130501,37.49684414330088,0 36.09678733954786,37.49682332478461,0 36.09678619095065,37.496805358902,0 36.09678339913137,37.49678416274097,0 36.09678036694022,37.49677031077346,0 36.09677760886807,37.49674932906981,0 36.09676458360836,37.49672322869097,0 36.0967500739471,37.49669415606025,0 36.09674367355379,37.49668133133217,0 36.09673571461316,37.49666538222481,0 36.09672464745343,37.49664320755232,0 36.09671179517493,37.49662498472883,0 36.0967040092164,37.49660936265449,0 36.09669936021388,37.49660003206613,0 36.09668176989396,37.49657968101766,0 36.09667379465642,37.49657110716144,0 36.0966605549589,37.49655188265455,0 36.09665077625714,37.49653215196462,0 36.09652383009878,37.49647500741316,0 36.096477392363,37.49645798292083,0 36.09644692251686,37.49644060703693,0 36.09641986092491,37.49642932901095,0 36.09639809277814,37.49641793912713,0 36.0963748213796,37.49641346344338,0 36.09633196746482,37.49640139326719,0 36.09630195116957,37.49639359497574,0 36.09626446374464,37.49638107312917,0 36.09623754680939,37.49637871224078,0 36.09621214521648,37.496359194058,0 36.09618483803563,37.49634569330206,0 36.0961550143519,37.49632701193308,0 36.09613543875594,37.4963183251968,0 36.09610804851523,37.49629402970673,0 36.09608347416427,37.49627509888079,0 36.09605696382207,37.4962620520262,0 36.09603270849692,37.49624334257947,0 36.09601114430092,37.49622985240524,0 36.09599934920023,37.49622598651294,0 36.09597084373978,37.49620814269924,0 36.09594959493148,37.49619484066162,0 36.09592388403195,37.49618222871934,0 36.09590044323306,37.49616407272631,0 36.09587262387583,37.49614665779453,0 36.09584975134492,37.49613924323388,0 36.0958222607068,37.49612201068261,0 36.09580410560783,37.49611406420564,0 36.09577691635325,37.49609700934726,0 36.09575232245576,37.49608523754796,0 36.09573456009694,37.49607773667294,0 36.09570802430609,37.49606149809855,0 36.09569702495843,37.49605811497089,0 36.09566851956755,37.49605737510011,0 36.09564668514272,37.49605064327118,0 36.09562924198492,37.49605327586358,0 36.09557930274273,37.49605582736221,0 36.0955619810969,37.49605844504427,0 36.09553605317075,37.49606236427542,0 36.09550588495139,37.49606692271588,0 36.09548868470444,37.4960695227868,0 36.09546722623995,37.49607276614308,0 36.09544153429698,37.49607664943044,0 36.09542032163355,37.49608039540632,0 36.09540358818032,37.49608413922763,0 36.09538909753792,37.49608244424463,0 36.09536436614798,37.4960781273869,0 36.09533556555622,37.49607475879972,0 36.09531101636165,37.49607047229182,0 36.09529481795752,37.49606433862213,0 36.09526629395465,37.49606101322073,0 36.09523829427113,37.49604790612623,0 36.09521410456598,37.49604369846939,0 36.09518410166341,37.49603602658002,0 36.09515424386509,37.49602839052217,0 36.09513035525425,37.49602424432977,0 36.09510884400388,37.49601482249516,0 36.09508971875471,37.49600016984383,0 36.09507298757455,37.49598034473143,0 36.09505635277387,37.49596063512223,0 36.09503582092421,37.49594196206603,0 36.09502506110084,37.49592581598098,0 36.09500870185776,37.49590642530652,0 36.09499243658558,37.49588714659452,0 36.09498186013452,37.49587125068432,0 36.09496182116927,37.49585309268512,0 36.0949458230995,37.49583412231522,0 36.09493152572588,37.49581939258537,0 36.09491569516481,37.49580061694325,0 36.094908610948,37.49579332066535,0 36.09489132881776,37.49577061320006,0 36.09488502591085,37.49575433490675,0 36.09487489172641,37.49573904278343,0 36.0948594040626,37.49572071045203,0 36.0948501241736,37.49569664253379,0 36.09483708308136,37.49567364183979,0 36.09482868958795,37.4956626550815,0 36.09481729380265,37.49564381358801,0 36.0948036742307,37.49562991392514,0 36.09479389475629,37.49561515941039,0 36.09477513884429,37.49559841116241,0 36.09475796040412,37.4955856310763,0 36.09474606122343,37.4955758192631,0 36.0947275279531,37.49555890298563,0 36.09471199594577,37.49554992616539,0 36.09468994802443,37.49553410487624,0 36.09466803527475,37.49551838005132,0 36.09464765676695,37.4955066173143,0 36.09463105092574,37.49549398257553,0 36.09461086733636,37.4954823390613,0 36.09458713759165,37.49547168504035,0 36.09455722028427,37.49545441489804,0 36.09453872459306,37.49544675736703,0 36.09451669149836,37.49544005485958,0 36.09449345488412,37.4954296212528,0 36.09447290244215,37.49542673356847,0 36.09445599658125,37.49542293304418,0 36.09444040350342,37.4954228805707,0 36.09441519678386,37.49541720642361,0 36.09439489129596,37.4954143564004,0 36.09436632821037,37.49540963972702,0 36.09435447143812,37.49540868376913,0 36.09433789377838,37.49540494400094,0 36.09431664586612,37.49539844161832,0 36.09429431199302,37.49538828884687,0 36.09427325104151,37.49538185003175,0 36.09424413873136,37.49537360942967,0 36.09421406408689,37.49536178186864,0 36.09420027843743,37.4953536322797,0 36.09418197792812,37.49534281330743,0 36.09416831048004,37.4953347326971,0 36.09414779941172,37.49532849208279,0 36.09413531786633,37.49532404481847,0 36.0941218051032,37.49531604033781,0 36.09410623026354,37.49530095745654,0 36.09409283155522,37.49529303107386,0 36.09407844475243,37.49528160581082,0 36.09407091331003,37.49526843305023,0 36.09406680388513,37.49525441372035,0 36.09406168671018,37.49523696720706,0 36.09406200492229,37.49522564117454,0 36.09406365502213,37.49520653236873,0 36.09406428143782,37.49518407608694,0 36.09406288070893,37.49515492162004,0 36.09405884524295,37.49514132382917,0 36.09405382121143,37.49512440737502,0 36.09405546906616,37.49510576445437,0 36.09407559001595,37.49505337884792,0 36.0940836992831,37.4950154261998,0 36.09409073633049,37.49497453911307,0 36.09409555087555,37.49495563116593,0 36.09409381057127,37.49493859979187,0 36.09409533723597,37.49492074663665,0 36.09410136419498,37.49489480509077,0 36.09410511109366,37.49487307341059,0 36.09411083806877,37.49485774921894,0 36.09411654551191,37.49484247239206,0 36.09411577935067,37.49482904027563,0 36.09412145913897,37.49481386058248,0 36.0941283403922,37.49479162865595,0 36.09413498146524,37.49477965481177,0 36.09414160667,37.49476770751276,0 36.09414300485258,37.49475054970728,0 36.09414859646439,37.4947356174016,0 36.09415316544646,37.49471769169284,0 36.09415972670347,37.4947058938364,0 36.09415689067385,37.49468686479965,0 36.09416141707089,37.49466914023309,0 36.09416375693504,37.49465537079627,0 36.09417025902423,37.49464372856463,0 36.09417157608966,37.49462707114852,0 36.09417604229473,37.4946095869293,0 36.09417948885294,37.49458923627265,0 36.09418292135022,37.4945689832945,0 36.0941873350857,37.49455173471522,0 36.0941917301446,37.49453455420181,0 36.09419710967336,37.49452031943622,0 36.09420147130275,37.49450326053533,0 36.09420792781157,37.49448251921206,0 36.0942153570094,37.49446471223192,0 36.09421965507233,37.49444786673623,0 36.09422494163201,37.49443390020728,0 36.09422920611696,37.49441717272396,0 36.09423345523996,37.4944005114176,0 36.09423969604092,37.49438947070484,0 36.09424693291901,37.49437308606679,0 36.09425209164407,37.49436015905925,0 36.09425929465971,37.49434385820198,0 36.09426237978756,37.4943343896066,0 36.09426649246311,37.49431888788293,0 36.09427060938371,37.49430305086904,0 36.09427675100174,37.49429234703261,0 36.09428593619244,37.49428083447518,0 36.09429306941738,37.49427289329146,0 36.09430222871949,37.49426141114516,0 36.09431239742075,37.49425265694632,0 36.09432050006631,37.49423850755684,0 36.09432553455457,37.49422522880237,0 36.09433158488621,37.49421466971749,0 36.0943396327108,37.49420064430259,0 36.09434565514957,37.49419020398175,0 36.09435470515594,37.49417895085281,0 36.09435359439355,37.49416758029217,0 36.09435854663804,37.49415458300839,0 36.09436149520603,37.49414506663295,0 36.09436642512432,37.49413213120343,0 36.09437540299183,37.49412099349271,0 36.09438030373088,37.49410811829492,0 36.09438820657343,37.49409444357019,0 36.09439412217936,37.49408420967819,0 36.09439897933582,37.49407142932827,0 36.09440127553544,37.49405654917516,0 36.09440839636962,37.49397865054628,0 36.09441682789047,37.49395932248476,0 36.09441960699383,37.49394490901159,0 36.09442004291202,37.49393454488187,0 36.09442513684853,37.49391621706017,0 36.09443116409137,37.49390110212634,0 36.09443295153341,37.49388373318396,0 36.09443378426634,37.49386331770198,0 36.09443745601705,37.49385231009943,0 36.09443786587389,37.49384216379832,0 36.09444287609762,37.49382419136988,0 36.09444233054777,37.49381103639028,0 36.09444502471443,37.49379708556381,0 36.09444124600565,37.49378485780773,0 36.09444621589066,37.4937671134934,0 36.09444888983646,37.49375330285483,0 36.09444739798866,37.49373735970735,0 36.09445100164911,37.4937266476216,0 36.09444950970678,37.49371081169775,0 36.09445442140893,37.49369335633342,0 36.09445612172886,37.49367680779938,0 36.09446100368872,37.49365948115917,0 36.09446811003969,37.49363843265575,0 36.09447201192128,37.49361832143617,0 36.09447777364985,37.49360411628206,0 36.09448035145931,37.49359079831736,0 36.09448927089732,37.49357570125414,0 36.09449379278067,37.49356772761378,0 36.09450824241363,37.49354686589742,0 36.09451591205271,37.49353795105194,0 36.09452710316665,37.49351819652633,0 36.09453918927694,37.49350146667776,0 36.09455123687278,37.49348479009693,0 36.09455977446735,37.49347890243774,0 36.09457808271159,37.49346032093065,0 36.09458563595135,37.4934515451867,0 36.09459440592046,37.49343600603106,0 36.09460096190555,37.49342438579039,0 36.09460556990133,37.49340705281283,0 36.0946174057339,37.49339061604294,0 36.09462176717767,37.49338267363532,0 36.09463046484827,37.49336683543277,0 36.09463696660589,37.49335499766466,0 36.09464247652139,37.49334033688338,0 36.09465011497913,37.49332182429911,0 36.09465752505768,37.49331295048953,0 36.09467132287868,37.49329243561821,0 36.09468293448487,37.49327588218307,0 36.09469562504472,37.49325276176528,0 36.09470713553721,37.49323636144932,0 36.09471760877986,37.49321727085937,0 36.09473002741127,37.49320374800742,0 36.0947352593942,37.49318964142803,0 36.09474760922745,37.49317626003615,0 36.09475580793254,37.49316216846788,0 36.09476908132909,37.49314368742014,0 36.09477926622233,37.49313483725106,0 36.09478536434524,37.49312434356644,0 36.09479957493895,37.49310854009405,0 36.09481173692337,37.49309625115067,0 36.09482692613202,37.49308306019511,0 36.09483800681854,37.49306827404915,0 36.09485010143278,37.49305605174192,0 36.0948631230685,37.49303788273116,0 36.09487715305689,37.49302227950676,0 36.09489510612696,37.49299986712656,0 36.09490404150878,37.49298822592179,0 36.09491395913619,37.49297783389966,0 36.09492384537856,37.49296747603741,0 36.09493562201981,37.49295327801782,0 36.09494244766226,37.49294427355214,0 36.09495115665138,37.49293144983764,0 36.09496686516646,37.49291870476613,0 36.09497549020514,37.49290598416545,0 36.09498408012107,37.49289331674427,0 36.09498509387145,37.49287942258746,0 36.09499090428481,37.49286059571132,0 36.09499722009237,37.49284313594154,0 36.09500165918276,37.49282949164275,0 36.09500424534442,37.49281960903124,0 36.09501265007019,37.49280730416881,0 36.09501702603703,37.49279382911422,0 36.09502645615036,37.49278406436218,0 36.09503515021319,37.49278040709231,0 36.09505182624793,37.4927791777809,0 36.09506673945821,37.49278107167364,0 36.09507995279218,37.49278317773241,0 36.09509949874952,37.49279114553085,0 36.09511142627884,37.4927940160317,0 36.09513078411546,37.49280523152298,0 36.09514675044951,37.49280907732442,0 36.09516556870577,37.49281141841524,0 36.0951730777629,37.49281980819183,0 36.09519265943768,37.49283113133065,0 36.09520829487408,37.49284152989705,0 36.09523086117041,37.49285141241602,0 36.09524683005323,37.49285860451847,0 36.09526652442875,37.49287339451008,0 36.09527835929583,37.49288297280143,0 36.09529448538171,37.49289024727208,0 36.09531159908569,37.49290678443542,0 36.095323592829,37.49291648559877,0 36.09533974211281,37.49292722296853,0 36.09535183390809,37.49293699814382,0 36.09536940376322,37.49295042473322,0 36.09538160203884,37.49296028631342,0 36.09538969000654,37.49296916636331,0 36.09540613537111,37.49298011760864,0 36.09541563026588,37.49299171246615,0 36.09542666667488,37.49299906995005,0 36.09544062247804,37.49301227686055,0 36.09545052398063,37.49301739984936,0 36.09546033333479,37.4930295441857,0 36.09546739944828,37.49303624353641,0 36.09548878905797,37.49304936539168,0 36.09550165733682,37.4930601158101,0 36.09551315037177,37.49306812445835,0 36.09552612042614,37.49307895690025,0 36.0955376997328,37.49308702815652,0 36.09555806606542,37.49310483239838,0 36.09557414235527,37.4931142390431,0 36.09558885797487,37.49312812699797,0 36.09559774428008,37.4931379636977,0 36.0956066638149,37.49314783826893,0 36.09562899619531,37.49316527557374,0 36.09564241176058,37.49317282201681,0 36.09565302482284,37.49318575166631,0 36.09566506777557,37.49319417836359,0 36.09568321134548,37.49320687264486,0 36.0956879179566,37.49321571792557,0 36.09570937379225,37.49323446395867,0 36.09573259672786,37.49325634873518,0 36.09575276308609,37.49327237597291,0 36.09576813400837,37.49327940618586,0 36.09578094929847,37.4932959334877,0 36.09579975897638,37.4933091481854,0 36.09581067813446,37.49331492471728,0 36.09582963551893,37.49332823825156,0 36.09585039865859,37.49334472285195,0 36.09586784836959,37.49335507283475,0 36.0958806752592,37.49336407992413,0 36.09589650927673,37.49337137007943,0 36.09592182692789,37.4933814677129,0 36.09594902634253,37.49339476955432,0 36.09596981175422,37.49340355434951,0 36.09599543901114,37.49341378260183,0 36.09601159678556,37.49342121742134,0 36.09602767769976,37.49342846143695,0 36.09604460267964,37.49344403664583,0 36.09606499095878,37.49345172088648,0 36.09607815254767,37.4934606443888,0 36.09609797008238,37.49347408308055,0 36.09611388138557,37.49348075217887,0 36.0961338520168,37.49349428325698,0 36.09614518988922,37.49349990190641,0 36.09615595356192,37.49351132826266,0 36.09617613381992,37.49352500610596,0 36.09619226463423,37.49353178746802,0 36.0962146909913,37.49354905730461,0 36.09622411301643,37.49355127620944,0 36.09624247762918,37.49356162555912,0 36.09626350563761,37.49356960203039,0 36.09627984618237,37.49357647789085,0 36.09630354606719,37.49358206774121,0 36.09631520498285,37.49358784734247,0 36.09632470483159,37.49359008852487,0 36.09635067262931,37.49359925086934,0 36.09637415520442,37.49361088322643,0 36.09639070733131,37.4936178436219,0 36.09640475295683,37.4936272790974,0 36.09642110543275,37.4936403536278,0 36.09643981443718,37.49365711996973,0 36.09644667526415,37.49366804230906,0 36.09646094041041,37.49367764501352,0 36.09647271934782,37.49368980335926,0 36.09649409519016,37.49371057322499,0 36.09650113578569,37.49372171339574,0 36.09652274101472,37.4937427250174,0 36.09653479879361,37.49375517247535,0 36.09655666209774,37.4937764359113,0 36.09656886861414,37.49378903443811,0 36.09658357558975,37.49380552372693,0 36.09659099360603,37.49381055499945,0 36.09661328596867,37.49383223965525,0 36.09663325667236,37.49384360639795,0 36.09664578201662,37.4938565037979,0 36.09665834009224,37.49386283281879,0 36.09667854305859,37.49388096821221,0 36.09669630609479,37.49389525450189,0 36.09670908538273,37.49390838580332,0 36.09672203179296,37.49392835144321,0 36.09673768987428,37.49395250233823,0 36.09675333623805,37.49396996708545,0 36.09677173903753,37.49399163303106,0 36.09677707434643,37.49399984366939,0 36.09679317667436,37.49402461901808,0 36.09680915339874,37.49404925529927,0 36.09681970740616,37.49406556340037,0 36.09684072700856,37.49409125219177,0 36.09684875826871,37.49410365029503,0 36.09686763135208,37.49413278052919,0 36.09688231442392,37.49415522703302,0 36.09690505781187,37.49417627358689,0 36.0969110952941,37.49418546682383,0 36.09692858026061,37.49420525207545,0 36.09693701964367,37.49421822152007,0 36.09695908422316,37.49423821997115,0 36.09698162911084,37.49426581671055,0 36.09700110681165,37.49428169420434,0 36.09702107933051,37.49430522006335,0 36.09703279648402,37.49432310143219,0 36.09705006252916,37.49434243108804,0 36.09706193686252,37.49436053088036,0 36.09707988163969,37.49438788159988,0 36.09709193342351,37.49440625244362,0 36.0971071012162,37.49442937006875,0 36.09711931709387,37.49444798978909,0 36.09714397092681,37.49448556758638,0 36.09716265918538,37.49451405118253,0 36.09718088018546,37.49453459555699,0 36.09719035938717,37.49454902707581,0 36.09721264854183,37.49458296192858,0 36.09722227381393,37.49459761666761,0 36.0972326623918,37.49462075157421,0 36.097243201603,37.4946516610115,0 36.09725534217925,37.49467792242027,0 36.09726138058901,37.49469482291727,0 36.097273668388,37.49472141744067,0 36.09727979036386,37.49473853378969,0 36.09728257095248,37.49476594095184,0 36.0972961172691,37.49480517075115,0 36.09730060492907,37.49483245652586,0 36.0973124123046,37.49486674122294,0 36.09731625135972,37.49488006022619,0 36.09731798953372,37.49490635045159,0 36.09732380433009,37.49494678238106,0 36.09732857645928,37.49497996415519,0 36.09732983988572,37.49498875195935,0 36.09733343730569,37.4950105594823,0 36.09733393181568,37.49506267847788,0 36.09734633595812,37.49508932219663,0 36.09727920052882,37.4950600251275,0 36.09717502320864,37.49499389881956,0 36.09703750910473,37.49492777234561,0 36.09692082868243,37.49488148364103,0 36.09690416030165,37.49488148583811,0 36.09675413609983,37.4948649594471,0 36.09661242514562,37.49483189010139,0 36.09650822361535,37.49473598788638,0 36.09645403839003,37.49467315435878,0 36.09635400423292,37.49460039792908,0 36.09622479034957,37.49455079092102,0 36.09606639811413,37.49449456627647,0 36.09599970510728,37.49443503761102,0 36.09584964664934,37.49433251328782,0 36.09572459689595,37.49426636642037,0 36.09553084937914,37.49416853855913,0 36.09547194856957,37.49416246983449,0 36.09542722466757,37.49416917870894,0 36.09541761846587,37.49416009430932,0 36.09527412276106,37.49416009333804,0 36.09527998217052,37.49419525597073,0 36.09530267714617,37.49433142268536,0 36.09548828748439,37.49462411036107,0 36.0957381476937,37.49491679911391,0 36.09588806529262,37.4951166831284,0 36.09603639406318,37.4954335643254,0 36.09605138571752,37.49545069764147,0 36.0961834558188,37.49549352990852,0 36.09622811388889,37.4954935296376,0 36.09626198376716,37.49549353036248,0 36.09634051309423,37.49547925320124,0 36.09641190136125,37.49545069840677,0 36.09648686118139,37.49543285216364,0 36.09658323691757,37.49544713018319,0 36.09665166985634,37.49545646219058,0 36.096661765238,37.49545783895619,0 36.09668453981045,37.49546575960115,0 36.09674386280452,37.49548639328258,0 36.09684023759364,37.49549353235189,0 36.09694018315164,37.49548996365439,0 36.09702584979635,37.49545783970468,0 36.09708653220606,37.4954221473682,0 36.09715078375259,37.49534362157034,0 36.09720789487334,37.49529365076322,0 36.09727571480141,37.49527223505523,0 36.09741492436167,37.4952722343107,0 36.09754342546933,37.49530436001795,0 36.09766044684294,37.49531620134753,0 36.09772189787919,37.495318638495,0 36.09781113422373,37.49542214954735,0 36.09784325877119,37.49551138373594,0 36.09784325849297,37.49565058822302,0 36.09777900750865,37.49575766941496,0 36.09767906051717,37.49583976343354,0 36.09743633611116,37.49603250860942,0 36.09715077661014,37.49621454436885,0 36.09703617461778,37.49629280568919,0 36.09698745291729,37.49638737918757,0 36.09710167468525,37.49660154228613,0 36.09725159019641,37.49687995261717,0 36.09735153276899,37.49715836329251,0 36.09762281209404,37.4973511096281,0 36.09792264719046,37.49751530033849,0 36.09811574905103,37.49753156647267,0 
								</coordinates>
							</LinearRing>
						</outerBoundaryIs>
					</Polygon>
				</MultiGeometry>
			</Placemark>
			<Placemark id="ID_210001">
				<name>Habib-i Neccar Dağı ve Antakya Kal.S.Pierre Kilise</name>
				<Snippet maxLines="0"></Snippet>
				<description><![CDATA[<html xmlns:fo="http://www.w3.org/1999/XSL/Format" xmlns:msxsl="urn:schemas-microsoft-com:xslt">

<head>

<META http-equiv="Content-Type" content="text/html">

<meta http-equiv="content-type" content="text/html; charset=UTF-8">

</head>

<body style="margin:0px 0px 0px 0px;overflow:auto;background:#FFFFFF;">

<table style="font-family:Arial,Verdana,Times;font-size:12px;text-align:left;width:100%;border-collapse:collapse;padding:3px 3px 3px 3px">

<tr style="text-align:center;font-weight:bold;background:#9CBCE2">

<td>Habib-i Neccar Dağı ve Antakya Kal.S.Pierre Kilise</td>

</tr>

<tr>

<td>

<table style="font-family:Arial,Verdana,Times;font-size:12px;text-align:left;width:100%;border-spacing:0px; padding:3px 3px 3px 3px">

<tr>

<td>SHAPE</td>

<td>Polygon</td>

</tr>

<tr bgcolor="#D4E4F3">

<td>Adı</td>

<td>Habib-i Neccar Dağı ve Antakya Kal.S.Pierre Kilise</td>

</tr>

<tr>

<td>SHAPE_Length</td>

<td>903.394369</td>

</tr>

<tr bgcolor="#D4E4F3">

<td>SHAPE_Area</td>

<td>30230.40487</td>

</tr>

</table>

</td>

</tr>

</table>

</body>

</html>]]></description>
				<styleUrl>#PolyStyle60</styleUrl>
				<MultiGeometry>
					<Polygon>
						<outerBoundaryIs>
							<LinearRing>
								<coordinates>
									36.17623357183284,36.21091775934495,0 36.1762224474554,36.21086767425259,0 36.17622058410197,36.21086369658615,0 36.17622076555664,36.21086010074347,0 36.17621320753261,36.21082607374055,0 36.17620564398744,36.21080763290995,0 36.17620017032031,36.21079813709008,0 36.17619812609702,36.21078930350766,0 36.17618996949109,36.21077516873432,0 36.17619236125398,36.2107608726697,0 36.1761940700484,36.21075066697753,0 36.17619646028044,36.21073638807506,0 36.17619884872723,36.21072212003355,0 36.17620463702212,36.21070841498992,0 36.17621043139724,36.21069469536635,0 36.1762128167269,36.21068043281423,0 36.17621759450719,36.21067280934111,0 36.17622237855073,36.21066517578892,0 36.17622698401467,36.21064809768203,0 36.17623468656281,36.2106335541884,0 36.17624016913658,36.21062180281538,0 36.17624700856908,36.21061126706974,0 36.17625070485259,36.21059612352246,0 36.17625621899474,36.21058017742896,0 36.17626093389601,36.21057036766964,0 36.1762687717744,36.21056301794177,0 36.17627323282522,36.21055523436923,0 36.17627483479706,36.21054293817803,0 36.17628036510149,36.21052695200419,0 36.17628957156325,36.21050928847293,0 36.17629404785076,36.21050146935058,0 36.17629852932718,36.21049364107889,0 36.17630301495455,36.21048580548768,0 36.17630803608111,36.21047386271512,0 36.17631649989251,36.21046225020759,0 36.17632100423592,36.21045438257879,0 36.17632949854448,36.21044272690685,0 36.17634175089345,36.21042930158665,0 36.17635029474457,36.2104175788142,0 36.17635833465312,36.21040994616374,0 36.17636692200237,36.21039817177096,0 36.176379054315,36.2103866447227,0 36.17639123704625,36.21037507217813,0 36.17639990802329,36.21036319373302,0 36.17640451297901,36.21035517474089,0 36.17640934218454,36.21034662442902,0 36.17641425616039,36.21033497466462,0 36.17641939323827,36.21032279270976,0 36.1764278648995,36.21031288673549,0 36.1764368751653,36.21029881312047,0 36.17644151744335,36.21029072735259,0 36.17644952578882,36.21028489870555,0 36.17645858856395,36.21027074889968,0 36.17646862854275,36.2102588475935,0 36.17648143227498,36.21024709633642,0 36.17649041570533,36.21022985864549,0 36.17650524558061,36.21021291618321,0 36.176515026824,36.21020297540795,0 36.17652502982094,36.21019092999723,0 36.17653190907735,36.21018080319466,0 36.1765419469401,36.21016871270063,0 36.17655388371651,36.21015249141355,0 36.17656693528687,36.21013631259589,0 36.17657481464912,36.21012619706568,0 36.17658420112963,36.21011611898796,0 36.17659360680049,36.21010602057467,0 36.17660612467483,36.21009391103966,0 36.17661852606121,36.21008593089437,0 36.17662793085099,36.21007784473574,0 36.17663720784764,36.2100739107961,0 36.17664360260191,36.21006571627801,0 36.17665634195951,36.21005138586392,0 36.1766628279919,36.21004107756094,0 36.17666617889531,36.21003279090186,0 36.17667575101601,36.21002251954756,0 36.17668547705348,36.21000805472758,0 36.17669192349401,36.20999979124861,0 36.17669528143986,36.20999148637898,0 36.17670173729233,36.20998320823129,0 36.17670509623806,36.20997490063142,0 36.1767116252141,36.20996452720434,0 36.17672145983575,36.20994790938907,0 36.17672800126277,36.2099375140031,0 36.17673136417368,36.20992919458245,0 36.17673484713137,36.20991672404892,0 36.17673520656351,36.20990428064184,0 36.17673244667797,36.20989188587657,0 36.17673586149834,36.20988152400642,0 36.1767486997638,36.20986897970747,0 36.17675513393593,36.20986269454201,0 36.17676791835853,36.20985423381192,0 36.17677438038815,36.20984792267346,0 36.17679050216897,36.20983521092016,0 36.17680668751324,36.20982244881451,0 36.176820240989,36.2098116967843,0 36.17683184147865,36.20980285929338,0 36.17684373979123,36.20979187369265,0 36.17685160971789,36.20978523677591,0 36.17686689442029,36.20977615900376,0 36.17687891638314,36.20976506918691,0 36.1768904719255,36.20975819916075,0 36.17690232266752,36.20974917118189,0 36.17691421659918,36.20974011141565,0 36.17693005822627,36.20972869390916,0 36.17694205139205,36.2097195585114,0 36.17695408882175,36.20971039039654,0 36.17696247054793,36.20970139782368,0 36.17697112034001,36.20969023630479,0 36.17698003697718,36.20967690316886,0 36.1769889715475,36.20966354612631,0 36.17699767299135,36.20965231474682,0 36.177006393516,36.20964106033133,0 36.17701987665277,36.20962090410533,0 36.17702512060712,36.20960771181795,0 36.17706661863429,36.20957909560487,0 36.17707562993324,36.20957244456346,0 36.17708760394365,36.20956415582631,0 36.1770966843612,36.20955745428532,0 36.17710309511387,36.20955050919273,0 36.17711003391177,36.20953985090963,0 36.17711672663907,36.20953102576525,0 36.17712530223524,36.20951858118966,0 36.17713091826913,36.20950776972031,0 36.17713764664492,36.2094988913617,0 36.17714464299282,36.20948814413727,0 36.1771497331513,36.20947367992537,0 36.17715589937174,36.20945736682508,0 36.17715863925028,36.20943887301899,0 36.17716361854043,36.20943180916702,0 36.17716687729747,36.20942273104427,0 36.1771726284018,36.20941011912118,0 36.17717390620927,36.20940088998567,0 36.17717940168423,36.20939012226916,0 36.17718663107303,36.20938134233423,0 36.17719412338858,36.20937070628333,0 36.1771996292016,36.2093599193674,0 36.17720713303983,36.20934926588795,0 36.17721414973393,36.20933484509439,0 36.17721891718049,36.20932213405261,0 36.17722243233611,36.20931120359089,0 36.17722594541503,36.20930027678881,0 36.17722920723771,36.2092911922751,0 36.17723246798538,36.20928210869104,0 36.17723447915652,36.20926739828846,0 36.17723573426725,36.20925821300999,0 36.17724124500224,36.20924741064223,0 36.17724350014288,36.20923089779456,0 36.17724750540149,36.20921633354846,0 36.17725326556616,36.2092036988527,0 36.17725652044491,36.20919463524896,0 36.17726002264438,36.20918374207704,0 36.17726151564084,36.20917276893317,0 36.17726526567006,36.20916005879543,0 36.17727027798342,36.20915290484943,0 36.17727704581843,36.209140303749,0 36.17728381558148,36.20912769538788,0 36.17728933327584,36.20911687300817,0 36.17729458365041,36.20910054368974,0 36.17730160706465,36.20908609748113,0 36.17730688344274,36.20907708828883,0 36.17731394449671,36.20906994747874,0 36.17731898393163,36.20906274955564,0 36.17732679471752,36.20905011983383,0 36.17733208565765,36.20904108592284,0 36.17733990681854,36.20902843790181,0 36.17734496307365,36.20902121610116,0 36.17735206640051,36.20901402099855,0 36.17735761610777,36.20900313829027,0 36.17736268277523,36.20899589909065,0 36.1773728888053,36.20898629479822,0 36.17738445231728,36.20897995528367,0 36.17739607456976,36.20897358356831,0 36.17741558137196,36.20896289042757,0 36.17742841408771,36.20895441933598,0 36.17744237509105,36.20894387898874,0 36.17746521920777,36.20893278264776,0 36.17748048344328,36.20892004493674,0 36.17748774643064,36.20891168492174,0 36.17749503387105,36.2089032972224,0 36.17751349533992,36.20889018436717,0 36.17752387599145,36.20888151620591,0 36.17753430394751,36.20887280803773,0 36.17755363866085,36.20885841308252,0 36.17757089925037,36.20884810402581,0 36.17758378730584,36.20883501133039,0 36.17759561732279,36.2088239652961,0 36.17760552093686,36.20881098345986,0 36.17761319096061,36.20880221341663,0 36.17761888687584,36.20879153767658,0 36.17762660125295,36.20878270968223,0 36.17763750019402,36.20877357806995,0 36.17764444305535,36.20875483557185,0 36.1776528450365,36.20873997332581,0 36.17766044942131,36.20873403278461,0 36.17766762736314,36.20872634726612,0 36.17767779923651,36.20871840104326,0 36.17768499751454,36.20871069605945,0 36.17769264920074,36.20870471551029,0 36.17770332193094,36.20869845731503,0 36.17771356921824,36.2086904514122,0 36.17772172871868,36.20868616591499,0 36.17773830632272,36.20869000207495,0 36.17773851305208,36.20870247368914,0 36.17774084636975,36.20871122206297,0 36.17773776191135,36.20872314855912,0 36.17774304551628,36.20873712439561,0 36.17775168106092,36.20875182756617,0 36.17775500914011,36.20876430182333,0 36.1777580053717,36.20877363183106,0 36.17775739029534,36.20878629380059,0 36.17775209983725,36.20880456975216,0 36.17774592128118,36.20881867813215,0 36.17774321218437,36.20882935649252,0 36.17774500705749,36.20883760372877,0 36.17773869747024,36.20885479386677,0 36.17773808947349,36.20886738355722,0 36.17774317833621,36.20887542068608,0 36.17774167181045,36.20888388723802,0 36.17773896833737,36.20889451228187,0 36.17773626764947,36.20890512373462,0 36.17773476684,36.20891356670504,0 36.17773416115509,36.2089261311022,0 36.17773265518228,36.20894604114667,0 36.17773353928179,36.20896164962824,0 36.17773412947089,36.20897205646313,0 36.17773412144995,36.20898353532785,0 36.1777350079544,36.20899914825107,0 36.1777335077259,36.20900755065492,0 36.17773529495608,36.2090158287328,0 36.17773349321412,36.20903049122205,0 36.17773736959005,36.20904079719409,0 36.17774245162083,36.20904899490608,0 36.17774184295121,36.2090615404586,0 36.17774468332483,36.20907086559742,0 36.17774601891885,36.20908859055767,0 36.17774661131549,36.20909902436763,0 36.17774870286133,36.20911256869675,0 36.17774869309616,36.20912405932236,0 36.17774928567593,36.20913449763306,0 36.1777507765724,36.20914910864999,0 36.17775919513582,36.20915740511248,0 36.17776768610192,36.20916062175697,0 36.17777551967735,36.20916358553397,0 36.17779134162738,36.20917086517917,0 36.17780972389355,36.20917395588024,0 36.17782669978266,36.20917389304341,0 36.17783956544872,36.20917192361848,0 36.17785461610159,36.2091696519063,0 36.17786533121726,36.2091683136644,0 36.17788060297542,36.20916441673319,0 36.17789228777484,36.20916255799099,0 36.17790401567465,36.20916069269519,0 36.17791750436316,36.20916101180327,0 36.17793475674539,36.20915926368923,0 36.17794763704841,36.20915523837602,0 36.17796405484032,36.20915526064326,0 36.17795725704679,36.20915970100186,0 36.17794831231767,36.20916857073318,0 36.17793836661998,36.20917806722655,0 36.17793096720662,36.20918904508562,0 36.17792207873338,36.20919990933253,0 36.17791592639854,36.20921367639489,0 36.17791135292944,36.20922538024427,0 36.17790813276567,36.20923362381017,0 36.17790588395739,36.20924331130654,0 36.1779016025125,36.20925426305619,0 36.17789759707033,36.20926450638665,0 36.17789275279426,36.20927886046106,0 36.17789020734322,36.2092912466297,0 36.177888511741,36.20929949202401,0 36.17788533022866,36.20930761921676,0 36.17788215487025,36.20931573362994,0 36.17787967484518,36.20932597245817,0 36.1778762453314,36.20933473072896,0 36.17787319967051,36.20934835753842,0 36.1778728479316,36.2093628823616,0 36.1778725487302,36.20937532596995,0 36.17787251125773,36.20938709307842,0 36.17787178542464,36.20939671576146,0 36.17786858689389,36.20940678535089,0 36.17786738793615,36.20941565284343,0 36.17786414837415,36.20942775828493,0 36.17786290530842,36.20943866801936,0 36.17786581058041,36.20945069483251,0 36.17787250183623,36.20945972116004,0 36.1778791918276,36.209468139255,0 36.17789505141671,36.20947549538163,0 36.17789172220479,36.20949049584827,0 36.17788859119701,36.20949849734207,0 36.17788463342877,36.20951189697993,0 36.17788493602768,36.20952772547292,0 36.17788773059279,36.209561221151,0 36.17788684829015,36.20957203298482,0 36.17788347744009,36.20958542783533,0 36.17788309877334,36.20959423207147,0 36.17788231476001,36.20960708776887,0 36.17788213163528,36.20961998156207,0 36.17787893031885,36.20963270236317,0 36.17787539256973,36.20964675407111,0 36.17787253032339,36.2096581267735,0 36.17787017382573,36.20966748911866,0 36.17786569240344,36.2096889407941,0 36.17786262915576,36.20970232566538,0 36.17785899983061,36.20971430719789,0 36.17785167108355,36.20972398283744,0 36.1778424547236,36.20973147293631,0 36.17783521981771,36.20973841203873,0 36.1778253307801,36.20974681033739,0 36.17781251993046,36.20975653797425,0 36.17780074763139,36.20976288578466,0 36.17778883088533,36.20976986822747,0 36.17778173602552,36.20977969083905,0 36.17777249690855,36.20979208641233,0 36.17776732048037,36.20980260326898,0 36.1777610748178,36.20981439571585,0 36.17775640867648,36.20982556945259,0 36.17775370483467,36.20983481216592,0 36.17775100303171,36.20984405031931,0 36.17774810960255,36.20985393877834,0 36.17774425606,36.2098671121603,0 36.17773984950343,36.20988692538153,0 36.17773658216121,36.20989809798294,0 36.17773634527676,36.20991079044974,0 36.17773504119688,36.20992475394685,0 36.17773197297807,36.20993760457458,0 36.17772765722553,36.20995232577458,0 36.17772361385725,36.20996138601714,0 36.17771997665956,36.20997380570641,0 36.17771430745663,36.20998604961651,0 36.17770689867943,36.20999479289863,0 36.17769805537252,36.2100013908609,0 36.17768516271307,36.21001157122681,0 36.17767058292433,36.21001844781877,0 36.17766024974708,36.21002568192917,0 36.1776531398307,36.2100344190669,0 36.17764814811618,36.21004428039024,0 36.17764468294017,36.21005628008225,0 36.17764197344632,36.21006642768248,0 36.17764098055401,36.21007678828241,0 36.17764119641269,36.21008665537388,0 36.17764026334814,36.21009640611786,0 36.17764061718757,36.2101109464296,0 36.17764078417114,36.21012749132505,0 36.17764135381079,36.2101393134863,0 36.17764227485306,36.21014957004839,0 36.17764470182287,36.21016318656425,0 36.17764972647206,36.21017383869072,0 36.17765476709289,36.21018452824008,0 36.17765977389172,36.21019592067184,0 36.17766235080521,36.21020837884858,0 36.17766152249654,36.2102190693948,0 36.17765976642208,36.21023406408776,0 36.17765533096038,36.2102453335178,0 36.17765176600478,36.21025299960322,0 36.17764425238872,36.21025808165596,0 36.17763589259543,36.2102589607797,0 36.17762749326,36.21026051139786,0 36.17761972491789,36.21026894342818,0 36.17761582213527,36.21028065377163,0 36.17761497364518,36.21029829169924,0 36.17761456744594,36.21031056513273,0 36.17761677892404,36.21031981867682,0 36.17761829791466,36.21033037023737,0 36.17761928863966,36.21034017798467,0 36.17762028257016,36.21035000997734,0 36.17762288165978,36.21036219181817,0 36.17762548998301,36.21037440945889,0 36.1776287144344,36.21039410275475,0 36.17763007252901,36.21040727278236,0 36.17763276078745,36.21041893770504,0 36.17763562175387,36.21042855065985,0 36.17763745600062,36.21044367701016,0 36.17763967999208,36.21045395390961,0 36.17764114799098,36.21046626764152,0 36.17764392723925,36.21047740568512,0 36.17764556809208,36.21048767104979,0 36.17764726707893,36.21049725721615,0 36.17764897023653,36.21050686399773,0 36.17765156029601,36.21052096549375,0 36.17765547737555,36.21053389628893,0 36.1776580869594,36.21054809548941,0 36.17765959976342,36.21056069188727,0 36.17766138460437,36.21056973418956,0 36.17766190187118,36.21057930040041,0 36.17766486062112,36.21058932347462,0 36.17766543705992,36.21059820865733,0 36.17766813872698,36.21061190798371,0 36.17767045081465,36.2106226304044,0 36.17767276965921,36.21063338238286,0 36.17767442525015,36.21064478098206,0 36.1776764361825,36.21065998644038,0 36.17767871978772,36.21067157110231,0 36.17768224767322,36.21068342997837,0 36.17768692063736,36.21069704086219,0 36.17769041951151,36.21070972144243,0 36.17769325575149,36.21072306394629,0 36.17769724608509,36.21073818885672,0 36.17770177162397,36.21075499817952,0 36.17770474786126,36.21076699156826,0 36.17770668406763,36.21077576220927,0 36.17770967625922,36.21078782005543,0 36.17771157258165,36.21079739106258,0 36.17771463142993,36.21080876047245,0 36.17771759617733,36.21082167872992,0 36.17771916743237,36.21083055369013,0 36.17772658235886,36.21084676986151,0 36.17773332358813,36.21086054474374,0 36.1777386741019,36.21087325720718,0 36.17774656274282,36.21089076472693,0 36.17775121791527,36.2109026441001,0 36.17775647099093,36.21091388309448,0 36.17776128098183,36.21092675770996,0 36.17776768381915,36.21094175991801,0 36.17777008826591,36.21095080737562,0 36.1777736593798,36.21095845860403,0 36.17777745402754,36.21096789624678,0 36.17777989151028,36.21097704555529,0 36.17778393019827,36.21098833665224,0 36.17778798888256,36.21099968218667,0 36.17779458867687,36.21101518199059,0 36.1778014558769,36.21103259049767,0 36.17780537103033,36.21104234033316,0 36.17781047808981,36.21105065812393,0 36.17781583621903,36.21106083819326,0 36.17782098514607,36.21106922876363,0 36.17782780460765,36.21107985299667,0 36.17783345065049,36.21109200880859,0 36.17783848542567,36.21110040872028,0 36.17784286348844,36.21111409502002,0 36.17785131752916,36.21113339968329,0 36.17785796500069,36.2111487306046,0 36.17786195798477,36.21115889198958,0 36.17786456863433,36.21116874768774,0 36.17786719192277,36.21117864089748,0 36.17787122548308,36.21118892556002,0 36.177876686342,36.21119961023395,0 36.17788191847441,36.2112084077044,0 36.17788601060292,36.21121882057282,0 36.17789128130714,36.21122769181164,0 36.17789541022307,36.21123818930956,0 36.17790038435673,36.21125055762302,0 36.1779074568876,36.21126116971686,0 36.1778969367622,36.21126922795047,0 36.17788627441129,36.21128108013438,0 36.17787152348366,36.21128398099411,0 36.17785567568627,36.21128002994715,0 36.1778429653669,36.2112732082919,0 36.1778251492298,36.21126568249625,0 36.17781169505406,36.21125798308029,0 36.17779997894307,36.21125055916846,0 36.17779094410336,36.21124682351736,0 36.17777745037256,36.21124410842131,0 36.17776495518684,36.21123908510985,0 36.17775344656523,36.21123747430213,0 36.17774361319993,36.21123609831601,0 36.1777321761796,36.21123449821891,0 36.17771901646884,36.21123509041197,0 36.17770706653056,36.21123422485334,0 36.1776961883729,36.21123431664652,0 36.17768489752257,36.21123272888007,0 36.17767043501686,36.2112306946463,0 36.17766082838217,36.21122934326539,0 36.17764869742748,36.21123004958478,0 36.17763776794317,36.21122931279215,0 36.17762866379209,36.21122963407522,0 36.17761346555902,36.21122989024816,0 36.17759774034813,36.21123086331054,0 36.17758210099225,36.21123824385741,0 36.17757413072483,36.21125234938804,0 36.17756399883178,36.21126049459673,0 36.17755093821129,36.21126655762762,0 36.17755075048052,36.21128098707449,0 36.17755049955469,36.21130028432636,0 36.17755023627646,36.21132045780907,0 36.17754997365501,36.21134070246389,0 36.17755076390305,36.21135712355691,0 36.17755155748482,36.21137359953048,0 36.1775512647088,36.21139650603629,0 36.17755103170477,36.21141457005983,0 36.1775507578656,36.21143599369626,0 36.17755037486374,36.21146579267295,0 36.17755020458287,36.21147908712761,0 36.17754996903403,36.21149741795437,0 36.17754855511446,36.21152235117216,0 36.17754610577445,36.21154486262709,0 36.17753136641787,36.21155453516284,0 36.17751807085477,36.21156020703533,0 36.17751136689193,36.21156900456656,0 36.17750076614502,36.21157864459806,0 36.17749434263165,36.21158920630456,0 36.17748800471642,36.21161356029973,0 36.17748170073941,36.21162504249118,0 36.17747539483051,36.21163653194278,0 36.17747065597316,36.21165187444716,0 36.177465376421,36.21166363849956,0 36.17746060285626,36.21167205130202,0 36.1774545526442,36.21169238670015,0 36.17745093701453,36.21170198976358,0 36.17744680159199,36.2117149876979,0 36.17743954873582,36.21172720339824,0 36.17743229272723,36.21173942368763,0 36.17742452359288,36.21174797738183,0 36.17741367296899,36.21175570282901,0 36.17740411804891,36.21176552231773,0 36.17737577892002,36.21177931491621,0 36.17736652952787,36.21178382490866,0 36.17734791945806,36.2117813574853,0 36.17733309368686,36.21177996636488,0 36.17732192977911,36.21178539142398,0 36.17730708527108,36.21179260482899,0 36.17729598136059,36.21179800125718,0 36.17728481874558,36.21180911874422,0 36.17727740128839,36.211815564341,0 36.17725891896488,36.21183021235805,0 36.1772515338075,36.21183663186309,0 36.17724415609665,36.21184304305962,0 36.17723308238568,36.21185407707723,0 36.17722197371834,36.21186795690407,0 36.17721462916193,36.21187433567805,0 36.17720351826217,36.21188961682652,0 36.17719253513707,36.21189915255014,0 36.17718160128985,36.21190724064253,0 36.1771706868155,36.21191531289988,0 36.17715625333448,36.2119222423198,0 36.17714003305402,36.21193401235688,0 36.17712992931824,36.21193887214803,0 36.1771100014797,36.21194288912722,0 36.17709010336191,36.21194970153329,0 36.17707513598615,36.2119583041204,0 36.17706972641872,36.21197336976368,0 36.17705972235685,36.21198094021587,0 36.17704974418727,36.21198849105537,0 36.17703493087219,36.21199697149492,0 36.17701567298585,36.21199795185481,0 36.17699197270204,36.21199428867104,0 36.17697810076925,36.21198599470189,0 36.17693755994047,36.21194766632675,0 36.17692425804882,36.21193414053562,0 36.17691104089266,36.21192070260457,0 36.17688895322517,36.21190390847004,0 36.17687126680992,36.21189436865544,0 36.17685396993464,36.21187953333329,0 36.17682796136019,36.21186416714391,0 36.17679392121293,36.21184042745811,0 36.17677723515938,36.2118260670113,0 36.17677339114049,36.21181658919554,0 36.17676546073557,36.21180293867458,0 36.17675756631639,36.21178935297962,0 36.17675390921626,36.21177737675711,0 36.17674621122204,36.21176130772194,0 36.17673841088324,36.21174790335696,0 36.17673494622106,36.21173348264915,0 36.17673564461333,36.21172059498964,0 36.17673620431047,36.21171029817269,0 36.17673704354659,36.21169487278043,0 36.17673787946853,36.21167947541137,0 36.17673843543263,36.21166922375029,0 36.17673085132088,36.21165357792413,0 36.17672728326136,36.21164196068935,0 36.17672358373675,36.21163292058784,0 36.17672003596532,36.21162136499195,0 36.17670831870699,36.21160709598465,0 36.17670495162759,36.21159310793049,0 36.17667476840278,36.21154486299793,0 36.17666064722535,36.21151504300178,0 36.17665273695669,36.21149166509037,0 36.17664456238155,36.21146953236008,0 36.17664107498549,36.21145257015188,0 36.1766403910589,36.21144014635983,0 36.17662863687583,36.21142446895017,0 36.17661695202211,36.21140888341504,0 36.17660017526158,36.21139068381335,0 36.17658536001289,36.21138037108598,0 36.17657692105787,36.21136833087301,0 36.17656792818679,36.21135856812619,0 36.17655956218509,36.2113466269005,0 36.17654944564651,36.21132709326871,0 36.17653762683842,36.21131429759232,0 36.17652411575093,36.21129400257996,0 36.17651885502507,36.21128548425692,0 36.17649910871646,36.21126836920701,0 36.17648298550467,36.2112523320671,0 36.17645130541524,36.21122985783941,0 36.17644046838817,36.2112245623435,0 36.17642781661232,36.21121187349345,0 36.17641461248426,36.21120139087696,0 36.17640588005364,36.21118987389699,0 36.17639718994482,36.21117841346452,0 36.17638482840872,36.21116602688843,0 36.17637686897157,36.21115258977664,0 36.17636832085172,36.21114131300534,0 36.17636472998996,36.21112684877753,0 36.17635446189704,36.21110848702406,0 36.17635028499424,36.21109622091416,0 36.17634187301956,36.21108517571961,0 36.17633711080288,36.21107507076176,0 36.17632876493324,36.21106412023126,0 36.17631810609105,36.21104822084319,0 36.17631341580767,36.21103824463761,0 36.17630224500258,36.21102456032197,0 36.17629345795412,36.21101589777626,0 36.17628241327525,36.21100236239938,0 36.17627432592413,36.21099175463658,0 36.17626627737977,36.21098119900906,0 36.17625826749652,36.21097069191622,0 36.17625434613286,36.21095896960642,0 36.17624699177005,36.2109465247789,0 36.17624190874909,36.21093893439527,0 36.17623803174799,36.21092731904238,0 36.17623357183284,36.21091775934495,0 
								</coordinates>
							</LinearRing>
						</outerBoundaryIs>
					</Polygon>
				</MultiGeometry>
			</Placemark>
			<Placemark id="ID_210002">
				<name>Harbiye Şelaleleri</name>
				<Snippet maxLines="0"></Snippet>
				<description><![CDATA[<html xmlns:fo="http://www.w3.org/1999/XSL/Format" xmlns:msxsl="urn:schemas-microsoft-com:xslt">

<head>

<META http-equiv="Content-Type" content="text/html">

<meta http-equiv="content-type" content="text/html; charset=UTF-8">

</head>

<body style="margin:0px 0px 0px 0px;overflow:auto;background:#FFFFFF;">

<table style="font-family:Arial,Verdana,Times;font-size:12px;text-align:left;width:100%;border-collapse:collapse;padding:3px 3px 3px 3px">

<tr style="text-align:center;font-weight:bold;background:#9CBCE2">

<td>Harbiye Şelaleleri</td>

</tr>

<tr>

<td>

<table style="font-family:Arial,Verdana,Times;font-size:12px;text-align:left;width:100%;border-spacing:0px; padding:3px 3px 3px 3px">

<tr>

<td>SHAPE</td>

<td>Polygon</td>

</tr>

<tr bgcolor="#D4E4F3">

<td>Adı</td>

<td>Harbiye Şelaleleri</td>

</tr>

<tr>

<td>SHAPE_Length</td>

<td>5702.121374</td>

</tr>

<tr bgcolor="#D4E4F3">

<td>SHAPE_Area</td>

<td>990212.617384</td>

</tr>

</table>

</td>

</tr>

</table>

</body>

</html>]]></description>
				<styleUrl>#PolyStyle60</styleUrl>
				<MultiGeometry>
					<Polygon>
						<outerBoundaryIs>
							<LinearRing>
								<coordinates>
									36.12126790953922,36.13476340996058,0 36.12127146611934,36.13466811443315,0 36.12133598533943,36.13451469998287,0 36.12134220977558,36.13434793256829,0 36.12136089441745,36.13424108518347,0 36.12132862813563,36.13412106275577,0 36.12132217537936,36.13409705933705,0 36.12132795334532,36.13394220334332,0 36.12133818531531,36.13386495507771,0 36.12134125481033,36.13384178105088,0 36.12134841727077,36.13378770681135,0 36.12138223210913,36.13366930841333,0 36.12143384272695,36.13346788625913,0 36.12146943659018,36.13330183869667,0 36.12147755564249,36.13328117333256,0 36.12153439767038,36.13313651284023,0 36.12156910161962,36.13299428983194,0 36.12158911964266,36.13285170647511,0 36.12159445289383,36.132708761844,0 36.1215980091701,36.13261346630295,0 36.12165897018427,36.13255534818653,0 36.12174796662022,36.13253368760367,0 36.1219290711084,36.13242528188211,0 36.12195843908891,36.13240770187725,0 36.12203363903539,36.13236185711952,0 36.12209548898002,36.13227991423194,0 36.12215459519875,36.13218027118104,0 36.12215900269635,36.13215019630768,0 36.12211700225906,36.132014666812,0 36.12209877243771,36.13181455294937,0 36.12221992639515,36.1316820775707,0 36.12244443223223,36.13148331960175,0 36.12260852053853,36.13117153409102,0 36.12260036116493,36.13088444185847,0 36.12279397267919,36.13062454933069,0 36.12307056139537,36.1304745083689,0 36.12329951388721,36.13027454063591,0 36.12343734661386,36.13025390483512,0 36.12360454448767,36.13027300485661,0 36.12381336634321,36.13017642602314,0 36.12386521316412,36.13005323882167,0 36.123912262262,36.12975268315641,0 36.12399519226224,36.12959883091857,0 36.12410484534141,36.12952858870848,0 36.12456004196066,36.1293210663162,0 36.12473544269711,36.12918285463307,0 36.1247050014303,36.12902705639286,0 36.12459924264515,36.12896149943083,0 36.12441923372332,36.1288002974591,0 36.12434497224672,36.12869686228974,0 36.12425140851555,36.12853667960816,0 36.12424170330396,36.12847547137706,0 36.12435386661311,36.12826386470604,0 36.12451563321734,36.12817909650956,0 36.12465261052753,36.12803870083617,0 36.12476475475322,36.12779305850633,0 36.12500408035233,36.12761346686375,0 36.12513688451095,36.12749834355338,0 36.12528803990338,36.12732728813993,0 36.1254899365151,36.12731446792846,0 36.12560169935189,36.12738994856804,0 36.1257561003799,36.12742049301758,0 36.12591410521545,36.12728250521104,0 36.12598672847199,36.12717217194346,0 36.12612487356096,36.12676723482311,0 36.12638651967131,36.12665619148003,0 36.12665006520096,36.12663400516586,0 36.12696190976489,36.12657039526548,0 36.12731116859785,36.12646050837527,0 36.12739179768148,36.12624749998775,0 36.12754606599005,36.12612444441113,0 36.12773169756795,36.12592470416094,0 36.12796092466527,36.12578574798813,0 36.12813317675757,36.12565658758707,0 36.12824346052562,36.12563209860127,0 36.12829599838104,36.12552338847473,0 36.12842205753407,36.12535658816283,0 36.12857187831794,36.12527142496538,0 36.12894064158121,36.12527851360001,0 36.12922112781624,36.12532153071013,0 36.12988376812404,36.12539245172757,0 36.13027605116181,36.12533784433085,0 36.13036731741975,36.12517831432204,0 36.13056779882611,36.12498157335455,0 36.1307153525899,36.1247102042464,0 36.13088469519869,36.12453730734478,0 36.13133916235421,36.12443985258815,0 36.1315316083961,36.12444353638943,0 36.13175709787809,36.12447952216955,0 36.13198554325022,36.12446994523614,0 36.1322258967542,36.12470172263415,0 36.13237710458252,36.12486482732083,0 36.13247730819139,36.12510353201035,0 36.1329854941442,36.12528428332597,0 36.13380939714904,36.12549762519105,0 36.13401758417439,36.12563778172589,0 36.13423813497349,36.125941175445,0 36.13478295253786,36.12602216856672,0 36.1349924643955,36.12615143781369,0 36.13532944098457,36.12626152212172,0 36.13578983870225,36.12668756019784,0 36.13597748222617,36.12674998442498,0 36.13635397556337,36.1270429818377,0 36.13654048994111,36.12731753394778,0 36.13676731049321,36.1275578685362,0 36.13730494237016,36.12743175838465,0 36.13749200682037,36.12750433331684,0 36.13769654546702,36.12770086123376,0 36.13775006268601,36.12779276881973,0 36.13782509853522,36.12798311555869,0 36.13805196515945,36.12811782484681,0 36.13857310806255,36.12835188266638,0 36.13892108962386,36.12844979153066,0 36.13918584655604,36.12857009821488,0 36.1392276881539,36.1286205699523,0 36.13925288585396,36.12865096626207,0 36.13929571368503,36.12870260162249,0 36.13931153208495,36.12872105498054,0 36.1393638802169,36.12875913052326,0 36.1393867656021,36.12876370364566,0 36.13941147399865,36.1287686425657,0 36.13942491569213,36.1287720035702,0 36.13947485405461,36.12878448735714,0 36.13948761905178,36.12878767596481,0 36.1395494887966,36.12878767571592,0 36.13965369423318,36.12879569605114,0 36.13967322675998,36.1287971940409,0 36.1397541328393,36.12882099020408,0 36.13977846303433,36.12882847841946,0 36.13986749288928,36.12884517563969,0 36.13991118487012,36.1288495442487,0 36.14003968246012,36.12886858053715,0 36.14013486635516,36.12888761676898,0 36.14024908529159,36.12891141252941,0 36.14027798076619,36.12891719390736,0 36.14039204129721,36.12893896519089,0 36.14042757249192,36.12894515453188,0 36.14043816742009,36.12894768537308,0 36.14047752570549,36.12895424376165,0 36.14050290355764,36.12896791687879,0 36.14053939682745,36.12898756218183,0 36.14061078433486,36.12902087682242,0 36.14068217283305,36.12906371297218,0 36.14072975758852,36.1290812350636,0 36.14077259533477,36.12909701904672,0 36.14086777737948,36.12915412752935,0 36.14090585200552,36.12916364640994,0 36.14098540534425,36.12918751417372,0 36.14111614321831,36.12919087260391,0 36.14115321748291,36.12919182517391,0 36.14124867010779,36.12919427314163,0 36.14168414441307,36.12927280014958,0 36.14193400589843,36.12944413008684,0 36.14207678361979,36.12973681788888,0 36.1422266985506,36.12997953391549,0 36.14234092101797,36.13019369501696,0 36.14242658678817,36.13042927204114,0 36.14246855832494,36.1305458611813,0 36.14249083525969,36.13060774041217,0 36.14256936226259,36.13080762450881,0 36.14269737096264,36.13097403155749,0 36.14271214066986,36.13099323109238,0 36.14273271489824,36.13101689117381,0 36.14275653988323,36.13104429036252,0 36.14273661229126,36.13103931040311,0 36.14270234614828,36.13103169627286,0 36.14264718013491,36.13101647830634,0 36.14259193293031,36.13098981691465,0 36.14254287549528,36.13095898101134,0 36.1425253053272,36.13094793653121,0 36.1425031347403,36.13093707774666,0 36.14243202640245,36.1309022493457,0 36.14228544402999,36.13082039371274,0 36.14217122370327,36.13078041713193,0 36.14215614849827,36.13076956480941,0 36.14212363160252,36.13074615243613,0 36.14203456137802,36.1306790079209,0 36.14199989424472,36.13065287462135,0 36.14191994057487,36.13058624850586,0 36.1418911327494,36.13057040387774,0 36.1417514627932,36.13056699880595,0 36.14172209441492,36.13056628297934,0 36.1416949133428,36.13057862689045,0 36.14157260177367,36.13063417523161,0 36.14149697121619,36.13069194573851,0 36.14145115138514,36.13073852076947,0 36.14127317223534,36.13078187237201,0 36.14121266794061,36.13082808845103,0 36.14112456024256,36.13082593972421,0 36.14105290310601,36.13077650008792,0 36.14095187757744,36.13072634349046,0 36.14082192512067,36.13066355945101,0 36.1406159002432,36.13067045654432,0 36.14039519112293,36.13067699610807,0 36.14006992427163,36.13072867467478,0 36.13980383659239,36.13076987545249,0 36.13964098093371,36.13080167064138,0 36.13937666108999,36.13079521979197,0 36.13935773676415,36.13078853769721,0 36.13923158161376,36.13074398803331,0 36.13914893303392,36.13070790499744,0 36.13911587405906,36.1306934715743,0 36.13899839689378,36.13069060482624,0 36.13898371263286,36.13069024567599,0 36.13881851229989,36.13068621463586,0 36.13879281430633,36.13068558654756,0 36.13863040219796,36.13070546810076,0 36.13853384766484,36.13073291840321,0 36.13839368207942,36.13074738235741,0 36.13801055974815,36.13077379766339,0 36.13785787889251,36.13076467258577,0 36.1376732581964,36.13075363810493,0 36.13752906564871,36.13067857972954,0 36.13741689515527,36.13053276469982,0 36.13727623938427,36.13036240821077,0 36.13707817336799,36.13015488001933,0 36.13686365547211,36.12999464273307,0 36.13659393906177,36.12973767121795,0 36.13613023341439,36.1295594219614,0 36.13567590603211,36.12952447622652,0 36.13529101932674,36.12959853148384,0 36.13518072393574,36.12961635971514,0 36.13509879790344,36.12962960296846,0 36.13478865934421,36.12966971448167,0 36.13455061498332,36.12974735681264,0 36.13450611932817,36.12975819174675,0 36.13441729701298,36.12986610571348,0 36.13435219577205,36.12994519666543,0 36.13415422021949,36.13013112574501,0 36.13397004197719,36.13034123609898,0 36.13375472464582,36.13059827644619,0 36.13352870369555,36.13074774836501,0 36.13350091557756,36.13076592148605,0 36.13342325574307,36.13081670844505,0 36.13319457963289,36.13103765225775,0 36.13291336031621,36.13109038846875,0 36.132573845842,36.13112977657431,0 36.1323675598651,36.13114773698922,0 36.13214622484635,36.13116700833673,0 36.13177734071629,36.13120567423547,0 36.13167032798715,36.13122461641616,0 36.13165897928185,36.1312266247175,0 36.13136484585454,36.13123135013291,0 36.13108584176906,36.13122452264758,0 36.13081038052042,36.13112239658229,0 36.13069644986049,36.13102422454228,0 36.13049618410717,36.1308762468095,0 36.13016420468077,36.13071312157734,0 36.12994571143718,36.13066008148278,0 36.12989063025452,36.1306321769806,0 36.1297726013374,36.13057238147258,0 36.12961063045058,36.13058033949701,0 36.12948827936276,36.13070849539326,0 36.12942422207523,36.13085000294655,0 36.12940288941923,36.1310283245727,0 36.12936642814753,36.13121819904174,0 36.12933447770615,36.13134919659413,0 36.12928414003895,36.13145464331141,0 36.1292187525176,36.13163188572609,0 36.12913956649344,36.13178494507169,0 36.12889574632599,36.13201743328558,0 36.12880586541206,36.13206292358903,0 36.12868218131261,36.13222681555415,0 36.12853090030533,36.13234233938231,0 36.12852336257932,36.13254484497655,0 36.12842549743385,36.13280475203645,0 36.1284201766604,36.13294769726161,0 36.12837080168287,36.13308956298801,0 36.12823198605577,36.13326500642967,0 36.12807981595023,36.13340435429733,0 36.12786801831505,36.1335660863651,0 36.12768590732323,36.13376411385283,0 36.12765355875017,36.13379929071889,0 36.1275298685911,36.13396318173234,0 36.12745297957301,36.13400572265604,0 36.12736478555262,36.13405452014396,0 36.12710316112062,36.13437002782467,0 36.12693896468018,36.13443754117778,0 36.12676811057418,36.13468373552818,0 36.1265291563732,36.13478518564066,0 36.12638052950454,36.13482923355733,0 36.1261909542567,36.13478881701638,0 36.1260325257983,36.13470147251174,0 36.12585630530714,36.13469715288795,0 36.12564583144934,36.13482314368793,0 36.12546783490694,36.1348664707571,0 36.12528806235798,36.1349574466238,0 36.12502151092706,36.1350105240968,0 36.12485658067023,36.13499902691925,0 36.12475762278172,36.13499212921675,0 36.12449417961757,36.13496182146011,0 36.12442792427167,36.13494208236226,0 36.12431973372896,36.13490985055458,0 36.12418756903113,36.13490660850223,0 36.12405140621061,36.1350105749352,0 36.12395974226599,36.13510370915389,0 36.12377819050828,36.13524233013524,0 36.12368430412633,36.13539502373494,0 36.12365649467235,36.1354369235523,0 36.12359086361237,36.13553580675647,0 36.12348273640279,36.13567622873561,0 36.12335947956874,36.13582820186932,0 36.12328249808635,36.13592169669852,0 36.12313298012489,36.13598956526212,0 36.12282281153799,36.13602964443751,0 36.12263924629674,36.13602513873452,0 36.12260253303369,36.13602423774581,0 36.12244232808309,36.13598453661678,0 36.12217932621545,36.13594231161501,0 36.12216730802005,36.13587047858824,0 36.12202267829734,36.13580731347823,0 36.12188921059294,36.13577673927987,0 36.12184778877804,36.13576725122284,0 36.12176190048405,36.13570552791452,0 36.12168713645925,36.13564109651784,0 36.12167645653867,36.13563189226892,0 36.1216372906892,36.13549977801256,0 36.12161147641476,36.13540376181728,0 36.12160168113901,36.13527236822365,0 36.12153003339602,36.13522291735483,0 36.1214588300284,36.13516155506858,0 36.12128661011381,36.13505001911834,0 36.12126257472252,36.13490635460022,0 36.12126790953922,36.13476340996058,0 
								</coordinates>
							</LinearRing>
						</outerBoundaryIs>
					</Polygon>
				</MultiGeometry>
			</Placemark>
			<Placemark id="ID_210003">
				<name>Gölbaşı Gölü</name>
				<Snippet maxLines="0"></Snippet>
				<description><![CDATA[<html xmlns:fo="http://www.w3.org/1999/XSL/Format" xmlns:msxsl="urn:schemas-microsoft-com:xslt">

<head>

<META http-equiv="Content-Type" content="text/html">

<meta http-equiv="content-type" content="text/html; charset=UTF-8">

</head>

<body style="margin:0px 0px 0px 0px;overflow:auto;background:#FFFFFF;">

<table style="font-family:Arial,Verdana,Times;font-size:12px;text-align:left;width:100%;border-collapse:collapse;padding:3px 3px 3px 3px">

<tr style="text-align:center;font-weight:bold;background:#9CBCE2">

<td>Gölbaşı Gölü</td>

</tr>

<tr>

<td>

<table style="font-family:Arial,Verdana,Times;font-size:12px;text-align:left;width:100%;border-spacing:0px; padding:3px 3px 3px 3px">

<tr>

<td>SHAPE</td>

<td>Polygon</td>

</tr>

<tr bgcolor="#D4E4F3">

<td>Adı</td>

<td>Gölbaşı Gölü</td>

</tr>

<tr>

<td>SHAPE_Length</td>

<td>7750.234305</td>

</tr>

<tr bgcolor="#D4E4F3">

<td>SHAPE_Area</td>

<td>932953.546382</td>

</tr>

</table>

</td>

</tr>

</table>

</body>

</html>]]></description>
				<styleUrl>#PolyStyle60</styleUrl>
				<MultiGeometry>
					<Polygon>
						<outerBoundaryIs>
							<LinearRing>
								<coordinates>
									36.48939254767006,36.5208043650539,0 36.48868333294281,36.52080814935221,0 36.48830605437503,36.52078093455524,0 36.48778895299111,36.52069346958487,0 36.48724570736135,36.52068174863781,0 36.48691819351897,36.52057929361115,0 36.48670814599147,36.52049845075986,0 36.48650567972729,36.52018884213176,0 36.48620052580642,36.52012502230634,0 36.48570325871609,36.52015244050877,0 36.48536690303061,36.52031687400304,0 36.4851499059115,36.52044573042116,0 36.4846775207757,36.52043552691713,0 36.48437837986744,36.52040172418906,0 36.48477602104477,36.52006375378855,0 36.48492474482404,36.51981203285358,0 36.4850013918603,36.51968230362189,0 36.48500209645497,36.51964260570751,0 36.4850053777942,36.5194578772677,0 36.48505748249458,36.51938333348779,0 36.48506159000242,36.5192594186279,0 36.48517545850996,36.51903294907722,0 36.48544833963256,36.51900068777545,0 36.4856547855015,36.51883344803373,0 36.48586186232214,36.51864714463983,0 36.48588377977561,36.51834237949864,0 36.48584349244752,36.51813165922936,0 36.48574005215271,36.51804357653443,0 36.48557946123456,36.51789702909115,0 36.48546831817436,36.5176847776233,0 36.48542487383277,36.51756937560102,0 36.48534694809685,36.51742461165981,0 36.48528979782842,36.51736614593923,0 36.48500669378964,36.51735049311884,0 36.48475870201667,36.51734513659257,0 36.4846763540134,36.51733382004891,0 36.48455952706491,36.51729314123968,0 36.48443215429266,36.51721408005156,0 36.48442540153403,36.51706131497895,0 36.48446588548371,36.51690956955498,0 36.48452809225741,36.51681552711025,0 36.48477924177977,36.51672556479036,0 36.48487782294621,36.51660369069698,0 36.48491925344661,36.51642335061096,0 36.4850532590249,36.51630224129718,0 36.48518295617907,36.51624531499118,0 36.48520538256705,36.51624066290948,0 36.4854753496987,36.51611772007851,0 36.48585349165084,36.51593988042961,0 36.48609917858627,36.5158024500454,0 36.48613343944,36.51580093574311,0 36.4864063086377,36.51576867105933,0 36.48663573055036,36.51562100425411,0 36.4868073689782,36.51543393449773,0 36.48687367554103,36.51521597533296,0 36.48690329192807,36.5150353785473,0 36.48698045883489,36.51484626927568,0 36.48712595319086,36.51473494444142,0 36.48728136026438,36.51468106571343,0 36.4875060429579,36.51467637466318,0 36.48766915694354,36.51474666457239,0 36.48786548741265,36.51488444306346,0 36.48815692183796,36.51500519344487,0 36.48836916409414,36.51501931063978,0 36.48839661976868,36.51501990240794,0 36.48871162112807,36.51502669603477,0 36.48894369419146,36.51498674159499,0 36.48905628526184,36.51496735751763,0 36.48935497430885,36.51486887186916,0 36.48952408270022,36.5147580536158,0 36.4896587099848,36.51461787447807,0 36.48967493419751,36.5144846827816,0 36.48967903465453,36.51436076718789,0 36.48965980154163,36.51432169382208,0 36.48968125219685,36.51426255424763,0 36.48980328505851,36.51406126464819,0 36.4899463879983,36.51363058003065,0 36.49023606981833,36.51330428396449,0 36.49056577876188,36.51324930692449,0 36.49109960434054,36.51324927578426,0 36.49133033885083,36.51323718761368,0 36.49143865518868,36.51324379215576,0 36.49151902655384,36.51322709800021,0 36.49152468865251,36.51316241373765,0 36.49152932552239,36.51301884561902,0 36.49154197484386,36.51294872256968,0 36.49156649638743,36.51283937083752,0 36.49172911245246,36.51272845875152,0 36.49171587720124,36.51265235828834,0 36.49175395270889,36.51242391902584,0 36.49192528855826,36.51228114611181,0 36.49210614193366,36.51212885405452,0 36.49228699549373,36.51200511680503,0 36.49246784982474,36.51185282599907,0 36.49268677740033,36.51170053426304,0 36.49294377917463,36.51154824316582,0 36.49308655849502,36.51145306060197,0 36.49323885586671,36.51146258003358,0 36.4932641094987,36.5114666519306,0 36.49329999490048,36.51145351259693,0 36.49352305888785,36.51146099726983,0 36.49398368697086,36.51156648706887,0 36.49412006176251,36.51155808704222,0 36.4941892220761,36.51152204800059,0 36.49460518166273,36.51068952893785,0 36.49510574749935,36.50966356763733,0 36.49552883442431,36.50866130107319,0 36.49558745747422,36.50814149863004,0 36.49562706701104,36.50788600443023,0 36.49563504993585,36.50763831828758,0 36.49606768581699,36.50720523292846,0 36.49624386984316,36.50711029561561,0 36.49642990406117,36.50701005032356,0 36.49721691776166,36.50597314821201,0 36.49747914943202,36.50567196521751,0 36.497481637531,36.50562345348097,0 36.49751971335502,36.50540453373812,0 36.49754827114964,36.50519513151222,0 36.49750067903148,36.50501428422557,0 36.49741501246761,36.50486199140911,0 36.4974150131785,36.50472873538985,0 36.49751019947265,36.5045954793961,0 36.49765297973462,36.50449077964668,0 36.49782431423952,36.50445270697478,0 36.49794805523236,36.5043765613239,0 36.49816398882031,36.50432962291351,0 36.49809211294051,36.50425653690321,0 36.49783966278132,36.50396958760634,0 36.49742870653018,36.50362297849918,0 36.49649602746367,36.50344008561329,0 36.49629630973436,36.50332716495088,0 36.49618871179549,36.50332716501082,0 36.49592695151485,36.50335096009978,0 36.49549861494512,36.50344614116443,0 36.49537944211419,36.50348586357239,0 36.49536852727891,36.50350087036356,0 36.49538702093545,36.50354710240379,0 36.49540660074667,36.50355797995726,0 36.49551130418692,36.50362460931566,0 36.4954256378532,36.50367219950087,0 36.4951876720878,36.50379593689851,0 36.49495922586611,36.50395774645425,0 36.49471174157711,36.50422425639489,0 36.49449281393458,36.50431943852172,0 36.49417869951767,36.50436702856747,0 36.49401688376732,36.50435750980515,0 36.49379795713536,36.50435750884039,0 36.49363614069196,36.50433847211718,0 36.49357213054429,36.50433847123171,0 36.49369335126113,36.50412509126559,0 36.494153356139,36.50379159652061,0 36.49430762867845,36.50341336584724,0 36.49469992931261,36.5029830237115,0 36.49536867444264,36.50276847869738,0 36.49577325758652,36.50268179249007,0 36.49630157158293,36.50242606633582,0 36.49644765682966,36.50229566505745,0 36.49622723908962,36.5018139891144,0 36.495841527839,36.50132875850649,0 36.49573918359043,36.50084961985596,0 36.49575176322438,36.50046834073559,0 36.49530025303818,36.49982907480732,0 36.4950984297156,36.49950041599004,0 36.49491510524067,36.49935081338306,0 36.49525403869119,36.49933491159984,0 36.49593378506052,36.49950214896506,0 36.49649546933402,36.49966684423168,0 36.49693217629812,36.50003870408845,0 36.49722531850551,36.50046470858154,0 36.49764156144266,36.50074073838906,0 36.49840949737212,36.50110063283957,0 36.49887109045186,36.50143486405904,0 36.49904932254831,36.50176300941315,0 36.49880376018697,36.5020438989877,0 36.49845745762387,36.50251339793979,0 36.49848520859887,36.50310539587832,0 36.49880010092771,36.50358909720478,0 36.49921699323931,36.50384605788741,0 36.49966127300297,36.5039891412843,0 36.5000129781162,36.50407300106399,0 36.50027148260246,36.50411670576541,0 36.50069340566442,36.50422114954318,0 36.50091762381209,36.50458843403452,0 36.50097089168187,36.50512374772374,0 36.50102667010273,36.50558280392295,0 36.50097253450338,36.50579149506695,0 36.50089917825976,36.505866230984,0 36.50041557365973,36.50619924547006,0 36.50010417960654,36.50632610407822,0 36.50014324654984,36.50657495071692,0 36.50025190335661,36.50686344480509,0 36.50037915270477,36.50730495909558,0 36.50011058914091,36.50756627872199,0 36.49990721928339,36.50800069439033,0 36.49975861511104,36.50820735671524,0 36.50002881538217,36.5086137853537,0 36.50000997339418,36.50918570584868,0 36.49990922767816,36.50937431708772,0 36.49962080877718,36.5095207438438,0 36.49959405126127,36.50961555627544,0 36.49975308255387,36.50980974649259,0 36.49971753177827,36.51017145594528,0 36.49914319866081,36.51038805167104,0 36.49880628459894,36.51057159009628,0 36.49832766870231,36.51075208299773,0 36.49796399116516,36.5110304323729,0 36.49774012525349,36.51136901601056,0 36.49746587903289,36.51180190368894,0 36.49712581135775,36.51208075682414,0 36.49683297492008,36.51236062489257,0 36.49674828531958,36.51277850824631,0 36.49668973004324,36.51312064367929,0 36.49663935094682,36.5132149486541,0 36.49617992745439,36.51352938743143,0 36.49591258554667,36.5137525683003,0 36.49544938101283,36.51418138684512,0 36.49534421165955,36.51450344154335,0 36.49505073029376,36.51480236744389,0 36.49461805712305,36.51502198827095,0 36.49430158193272,36.51530134102816,0 36.49396085670019,36.51559924703273,0 36.49372404715491,36.51561322785685,0 36.49327656565855,36.51556544080428,0 36.49294717486477,36.5155201942075,0 36.49266313062817,36.5155331556587,0 36.49222855745902,36.5158099599791,0 36.49193001602745,36.51626138811328,0 36.49184214522216,36.51677458587275,0 36.49170703566599,36.51728676688339,0 36.49138738831051,36.51766142935143,0 36.49132754285147,36.51804168917251,0 36.49138831133676,36.51834823664386,0 36.49149505831396,36.51869393010031,0 36.49146639712969,36.51884593206777,0 36.4909590507971,36.51917839445805,0 36.49059909035501,36.51934233486375,0 36.49007631890331,36.51942645462728,0 36.48969210637827,36.51960894660493,0 36.48956139290277,36.51998767662579,0 36.48952263215705,36.52044469934808,0 36.48939254767006,36.5208043650539,0 
								</coordinates>
							</LinearRing>
						</outerBoundaryIs>
					</Polygon>
				</MultiGeometry>
			</Placemark>
			<Placemark id="ID_210004">
				<name>Erzin</name>
				<Snippet maxLines="0"></Snippet>
				<description><![CDATA[<html xmlns:fo="http://www.w3.org/1999/XSL/Format" xmlns:msxsl="urn:schemas-microsoft-com:xslt">

<head>

<META http-equiv="Content-Type" content="text/html">

<meta http-equiv="content-type" content="text/html; charset=UTF-8">

</head>

<body style="margin:0px 0px 0px 0px;overflow:auto;background:#FFFFFF;">

<table style="font-family:Arial,Verdana,Times;font-size:12px;text-align:left;width:100%;border-collapse:collapse;padding:3px 3px 3px 3px">

<tr style="text-align:center;font-weight:bold;background:#9CBCE2">

<td>Erzin</td>

</tr>

<tr>

<td>

<table style="font-family:Arial,Verdana,Times;font-size:12px;text-align:left;width:100%;border-spacing:0px; padding:3px 3px 3px 3px">

<tr>

<td>SHAPE</td>

<td>Polygon</td>

</tr>

<tr bgcolor="#D4E4F3">

<td>Adı</td>

<td>Erzin</td>

</tr>

<tr>

<td>SHAPE_Length</td>

<td>771.630129</td>

</tr>

<tr bgcolor="#D4E4F3">

<td>SHAPE_Area</td>

<td>25313.376437</td>

</tr>

</table>

</td>

</tr>

</table>

</body>

</html>]]></description>
				<styleUrl>#PolyStyle60</styleUrl>
				<MultiGeometry>
					<Polygon>
						<outerBoundaryIs>
							<LinearRing>
								<coordinates>
									36.26266982037813,36.95989593416618,0 36.26256799205196,36.95988039629951,0 36.26231242662832,36.95980425907843,0 36.26229476152282,36.95979899542392,0 36.26227904054923,36.95979324580009,0 36.26215673118207,36.95974851418119,0 36.26190312057605,36.95962027039147,0 36.2618370986938,36.95956619025185,0 36.26178575422228,36.95952413263785,0 36.26166345011787,36.95949709938362,0 36.26148410507363,36.9594268043222,0 36.26140828164093,36.95929451145604,0 36.26135253452043,36.95914356293014,0 36.26136795380157,36.95900728716202,0 36.26141054916708,36.95893960695558,0 36.26147875144549,36.95890113882272,0 36.26154709832488,36.95888633417209,0 36.26169617289485,36.95885404341706,0 36.26173011289836,36.95881458996789,0 36.26177212577228,36.95864934262762,0 36.26181386112284,36.95865030608258,0 36.26186729829464,36.95865153880953,0 36.26192861857429,36.95868156626251,0 36.26193688596905,36.95869963983752,0 36.26196155558775,36.95875743410576,0 36.26195021720877,36.95882512713416,0 36.2619308676068,36.95886759973904,0 36.26192920230384,36.95891405606027,0 36.26195986201665,36.95892907023415,0 36.26203377362828,36.95898084744803,0 36.26205934008631,36.95901362681431,0 36.26208452114973,36.95905712647807,0 36.26212319108364,36.95909736014365,0 36.262162501533,36.95911972667271,0 36.26222458973721,36.95912831343234,0 36.26231874663067,36.95911260296636,0 36.26240374053846,36.95910383463176,0 36.26248440961803,36.95909138912883,0 36.26256294341407,36.95908000155115,0 36.26264848094868,36.9591036265192,0 36.26277464359112,36.95909756122592,0 36.26289109094856,36.95911097762044,0 36.26322963279653,36.95909005553424,0 36.2634396610346,36.9590465040704,0 36.26367500905813,36.95895505035778,0 36.26381401723487,36.95894491645453,0 36.26392756654816,36.95896187875383,0 36.26427232366188,36.95905539879477,0 36.26451126899961,36.95908776643618,0 36.26463153539877,36.95913607759301,0 36.26469346503169,36.9592032905254,0 36.26472025408231,36.95927313393545,0 36.26471741123415,36.95935221128583,0 36.26466225495646,36.95956365600846,0 36.26459721564306,36.95963977422648,0 36.26444867323568,36.95972771450617,0 36.26433943423869,36.95982126223927,0 36.26423031127855,36.95986569128636,0 36.26404891684708,36.95990390511589,0 36.26377340124689,36.95988090085819,0 36.26347525647518,36.95992776398576,0 36.26319557610925,36.95993789409212,0 36.26274443907435,36.95990732057873,0 36.26268502439419,36.95989825420101,0 36.26266982037813,36.95989593416618,0 
								</coordinates>
							</LinearRing>
						</outerBoundaryIs>
					</Polygon>
				</MultiGeometry>
			</Placemark>
		</Folder>
	</Folder>
</Document>
</kml>
