<?xml version="1.0" encoding="UTF-8"?>
<kml xmlns="http://www.opengis.net/kml/2.2" xmlns:gx="http://www.google.com/kml/ext/2.2" xmlns:kml="http://www.opengis.net/kml/2.2" xmlns:atom="http://www.w3.org/2005/Atom">
<Document>
	<name>mutlak_koruma Alaköprü Barajı.kml</name>
	<visibility>0</visibility>
	<Style id="default003">
	</Style>
	<Folder>
		<name>Netcad Verileri</name>
		<visibility>0</visibility>
		<ScreenOverlay>
			<name>www.netcad.com.tr</name>
			<visibility>0</visibility>
			<Icon>
				<href>http://download.netcadportal.com/images/netcad_logo.jpg</href>
			</Icon>
			<overlayXY x="0" y="1" xunits="fraction" yunits="fraction"/>
			<screenXY x="0" y="1" xunits="fraction" yunits="fraction"/>
			<rotationXY x="0.5" y="0.5" xunits="fraction" yunits="fraction"/>
			<size x="0" y="0" xunits="pixels" yunits="pixels"/>
		</ScreenOverlay>
		<Folder>
			<name>MUTLAK_KORUMA_300</name>
			<visibility>0</visibility>
			<Placemark>
				<name>İsimsiz - 47962</name>
				<visibility>0</visibility>
				<styleUrl>#default003</styleUrl>
				<Style>
					<LineStyle>
						<color>ff0000ff</color>
					</LineStyle>
					<PolyStyle>
						<color>ff0000ff</color>
					</PolyStyle>
				</Style>
				<LineString>
					<extrude>1</extrude>
					<tessellate>1</tessellate>
					<altitudeMode>relativeToGround</altitudeMode>
					<coordinates>
						32.8288372127054,36.2239146845862,9.999999999999998 32.8294226812891,36.2221000708549,9.999999999999998 32.8297334442296,36.2207608682041,9.999999999999998 32.8297010196358,36.2199385568788,9.999999999999998 32.8294167732125,36.2195685945646,9.999999999999998 32.8291206857597,36.2194018712414,9.999999999999998 32.8285853222052,36.2191608931513,9.999999999999998 32.8284945309388,36.2189667453869,9.999999999999998 32.8286318560529,36.2187359687207,9.999999999999998 32.828906041333,36.2184869097843,9.999999999999998 32.8301373480407,36.2185256198225,9.999999999999998 32.8307777548337,36.2185088308794,9.999999999999998 32.8314508135837,36.2183434799728,9.999999999999998 32.8319188170001,36.2180946869617,9.999999999999998 32.8321817655269,36.2177624542427,9.999999999999998 32.8325014834707,36.2175411676785,9.999999999999998 32.8329124120945,36.2173200076497,9.999999999999998 32.8330041348768,36.217079923256,9.999999999999998 32.8331644621171,36.2167475450483,9.999999999999998 32.8331194249863,36.2164795529602,9.999999999999998 32.8326642721154,36.216053926017,9.999999999999998 32.8324372489202,36.2155824222807,9.999999999999998 32.832483366012,36.2153422743441,9.999999999999998 32.8326889035267,36.2151947388212,9.999999999999998 32.8330652821606,36.2151305918877,9.999999999999998 32.8336011210103,36.2151405771661,9.999999999999998 32.8340496764388,36.2151710323288,9.999999999999998 32.8352543249373,36.2151110569636,9.999999999999998 32.8356851804492,36.2150644128104,9.999999999999998 32.836138874833,36.2151468557756,9.999999999999998 32.8371729532623,36.2158509463788,9.999999999999998 32.8373777198128,36.2158921389513,9.999999999999998 32.8376178370996,36.2159404985663,9.999999999999998 32.8386229980053,36.2161429142888,9.999999999999998 32.8390529454791,36.216250644961,9.999999999999998 32.8396575154532,36.2164712131592,9.999999999999998 32.8396985805163,36.2164834405889,9.999999999999998 32.8397379329875,36.216494192699,9.999999999999998 32.8397739953534,36.216502126206,9.999999999999998 32.8398083052199,36.2165084334828,9.999999999999998 32.8398422896011,36.2165139914925,9.999999999999998 32.8398770219774,36.2165188633828,9.999999999999998 32.839914388267,36.2165223670741,9.999999999999998 32.8399566797934,36.2165234052699,9.999999999999998 32.8400016064576,36.2165231235792,9.999999999999998 32.8400472849035,36.2165223048826,9.999999999999998 32.8400926483331,36.2165211488064,9.999999999999998 32.8401362877913,36.2165194885488,9.999999999999998 32.8401766470194,36.2165169530711,9.999999999999998 32.8402152382149,36.2165139953769,9.999999999999998 32.840253378417,36.2165109532501,9.999999999999998 32.8402918948167,36.2165080727797,9.999999999999998 32.8403320232202,36.2165057756515,9.999999999999998 32.8403751804273,36.2165045713908,9.999999999999998 32.8404198835163,36.2165039572238,9.999999999999998 32.8404647587365,36.2165035255579,9.999999999999998 32.8405086192989,36.2165030670463,9.999999999999998 32.8405491763329,36.2165023432036,9.999999999999998 32.8405835698986,36.2165010920158,9.999999999999998 32.8406145982333,36.2164994504037,9.999999999999998 32.8406444214876,36.2164973958732,9.999999999999998 32.8406738909012,36.216494457441,9.999999999999998 32.8407034733866,36.2164892040714,9.999999999999998 32.8407333906102,36.2164796856636,9.999999999999998 32.8407635045356,36.2164678374576,9.999999999999998 32.8407935227286,36.2164550594882,9.999999999999998 32.8408230487858,36.2164417419259,9.999999999999998 32.8408511517764,36.216427688865,9.999999999999998 32.8408766335452,36.2164123668344,9.999999999999998 32.8409007958513,36.2163963856807,9.999999999999998 32.8409247857592,36.216380100637,9.999999999999998 32.8409495630911,36.2163635368671,9.999999999999998 32.8409769429485,36.2163464167977,9.999999999999998 32.8410092035463,36.2163282850007,9.999999999999998 32.8410442732981,36.216309549485,9.999999999999998 32.8410807681734,36.2162903889093,9.999999999999998 32.8411188520749,36.2162705202606,9.999999999999998 32.8411604148614,36.2162488914561,9.999999999999998 32.841208291105,36.2162240256956,9.999999999999998 32.8412595191119,36.216197355843,9.999999999999998 32.8413119438537,36.2161698423411,9.999999999999998 32.8413647101916,36.2161415293204,9.999999999999998 32.8414173340551,36.2161115925318,9.999999999999998 32.8414695571364,36.2160787284121,9.999999999999998 32.8415214651142,36.2160443194768,9.999999999999998 32.8415731819388,36.2160093546809,9.999999999999998 32.8416246239893,36.21597421925,9.999999999999998 32.8416754092466,36.2159391130974,9.999999999999998 32.8417249677622,36.2159041526199,9.999999999999998 32.8417736929702,36.2158695060107,9.999999999999998 32.8418215986484,36.2158355670544,9.999999999999998 32.8418678084811,36.2158034981828,9.999999999999998 32.841909604242,36.2157764930642,9.999999999999998 32.8419432651789,36.2157588618346,9.999999999999998 32.8419724444107,36.2157465166136,9.999999999999998 32.8419997190201,36.2157367273743,9.999999999999998 32.8420255973674,36.215729540304,9.999999999999998 32.8420490712551,36.2157278279714,9.999999999999998 32.8420682708994,36.2157360227744,9.999999999999998 32.8420851757769,36.2157494998403,9.999999999999998 32.8421010229037,36.2157649850606,9.999999999999998 32.8421159004003,36.2157813855088,9.999999999999998 32.842128843204,36.2157986023462,9.999999999999998 32.8421382946911,36.21581714101,9.999999999999998 32.8421458446712,36.2158364472292,9.999999999999998 32.8421525274423,36.2158565179656,9.999999999999998 32.8421584353702,36.2158781805702,9.999999999999998 32.8421628192127,36.2159039914199,9.999999999999998 32.8421644603511,36.2159374193305,9.999999999999998 32.8421646359543,36.2159748519017,9.999999999999998 32.8421642174157,36.2160134332161,9.999999999999998 32.8421634307956,36.2160515550768,9.999999999999998 32.8421621023594,36.2160871102464,9.999999999999998 32.8421598444138,36.2161177527447,9.999999999999998 32.8421572016322,36.2161455719443,9.999999999999998 32.8421546752373,36.2161721397575,9.999999999999998 32.8421528928689,36.2161976688896,9.999999999999998 32.8421532903023,36.216221243871,9.999999999999998 32.8421577403095,36.2162413042885,9.999999999999998 32.8421644637,36.2162594053079,9.999999999999998 32.8421722199167,36.2162764514535,9.999999999999998 32.8421808902145,36.2162922014862,9.999999999999998 32.8421913486833,36.2163050063806,9.999999999999998 32.8422050452838,36.2163124325239,9.999999999999998 32.8422206189785,36.2163168775577,9.999999999999998 32.8422373811884,36.2163199154681,9.999999999999998 32.8422559342525,36.216321591881,9.999999999999998 32.8422788256641,36.2163204736177,9.999999999999998 32.8423096475588,36.2163143038961,9.999999999999998 32.8423446640204,36.2163054100555,9.999999999999998 32.8423810276213,36.2162953724816,9.999999999999998 32.8424173541563,36.2162845292951,9.999999999999998 32.8424522191714,36.2162723436055,9.999999999999998 32.8424842222977,36.2162577763741,9.999999999999998 32.8425146216768,36.2162419088608,9.999999999999998 32.8425445450564,36.2162253660308,9.999999999999998 32.8425746031852,36.216208039353,9.999999999999998 32.8426055531838,36.2161889689196,9.999999999999998 32.8426381975139,36.2161667307397,9.999999999999998 32.8426716776208,36.2161428158918,9.999999999999998 32.842705119378,36.2161183242439,9.999999999999998 32.8427376070296,36.2160937291773,9.999999999999998 32.8427671885322,36.2160693917558,9.999999999999998 32.8427913422738,36.2160456109758,9.999999999999998 32.8428123641631,36.2160222605461,9.999999999999998 32.8428317353765,36.2159993396842,9.999999999999998 32.8428491442024,36.2159773141919,9.999999999999998 32.8428621474738,36.2159576223897,9.999999999999998 32.8428671331235,36.2159422112297,9.999999999999998 32.8428678158425,36.2159290197466,9.999999999999998 32.8428668528709,36.2159163717648,9.999999999999998 32.8428651139622,36.2159031814389,9.999999999999998 32.8428626260762,36.2158877738502,9.999999999999998 32.8428589321765,36.2158681750792,9.999999999999998 32.8428547171618,36.2158462141516,9.999999999999998 32.8428504294268,36.215823263714,9.999999999999998 32.8428464383765,36.2157996216461,9.999999999999998 32.8428434356606,36.2157748346062,9.999999999999998 32.8428422871979,36.2157480181052,9.999999999999998 32.8428422060398,36.215720095243,9.999999999999998 32.8428426652856,36.2156915999097,9.999999999999998 32.8428437250008,36.2156624441997,9.999999999999998 32.8428460974578,36.2156318229315,9.999999999999998 32.8428508568929,36.2155985277631,9.999999999999998 32.8428569166236,36.2155637360687,9.999999999999998 32.842863538421,36.2155281884257,9.999999999999998 32.8428705945579,36.2154918043307,9.999999999999998 32.8428784290767,36.2154535947586,9.999999999999998 32.8428876505131,36.2154121024783,9.999999999999998 32.8428976011071,36.2153690655167,9.999999999999998 32.8429078341349,36.2153260586857,9.999999999999998 32.8429182096544,36.2152846895241,9.999999999999998 32.8429287425062,36.2152483443462,9.999999999999998 32.8429395554464,36.2152213369031,9.999999999999998 32.8429506293919,36.2151993873909,9.999999999999998 32.8429621657718,36.2151791803144,9.999999999999998 32.8429748682979,36.2151592927466,9.999999999999998 32.8429907073097,36.215138648798,9.999999999999998 32.8430123324023,36.2151164143,9.999999999999998 32.8430371017599,36.2150932675181,9.999999999999998 32.8430630612871,36.2150699591092,9.999999999999998 32.8430895496234,36.2150470641842,9.999999999999998 32.8431164797984,36.2150256069704,9.999999999999998 32.8431441156744,36.2150068438446,9.999999999999998 32.8431721669878,36.2149895713014,9.999999999999998 32.8432006656251,36.2149728754115,9.999999999999998 32.8432301293512,36.214956468592,9.999999999999998 32.8432621241851,36.2149403772428,9.999999999999998 32.8432987809516,36.2149248196515,9.999999999999998 32.8433379720939,36.2149095896738,9.999999999999998 32.8433781384163,36.2148946862525,9.999999999999998 32.8434187799433,36.2148804630386,9.999999999999998 32.8434599128664,36.2148680125134,9.999999999999998 32.8435018416872,36.2148588121605,9.999999999999998 32.8435440746369,36.214851287543,9.999999999999998 32.843586204842,36.2148441439218,9.999999999999998 32.8436277138381,36.214836500397,9.999999999999998 32.843667408434,36.2148269331108,9.999999999999998 32.8437037211607,36.21481373991,9.999999999999998 32.8437380746502,36.2147985115227,9.999999999999998 32.8437713599502,36.214782439348,9.999999999999998 32.8438033078981,36.2147657983067,9.999999999999998 32.8438321967667,36.214748245449,9.999999999999998 32.8438554953384,36.2147290960997,9.999999999999998 32.8438756910279,36.2147091710083,9.999999999999998 32.8438944141763,36.2146890969879,9.999999999999998 32.8439116957185,36.2146693390945,9.999999999999998 32.8439260007836,36.2146507057516,9.999999999999998 32.8439349243616,36.2146341717352,9.999999999999998 32.8439409540786,36.2146187303996,9.999999999999998 32.8439457971446,36.2146035068316,9.999999999999998 32.8439498718766,36.2145878626485,9.999999999999998 32.8439527620585,36.2145707026124,9.999999999999998 32.8439535712785,36.2145506862073,9.999999999999998 32.8439532603125,36.2145290150587,9.999999999999998 32.8439523796472,36.2145064946565,9.999999999999998 32.8439508609837,36.2144830080644,9.999999999999998 32.8439479430538,36.2144573889084,9.999999999999998 32.843942489113,36.214427908062,9.999999999999998 32.8439357139437,36.2143964509179,9.999999999999998 32.8439285416055,36.2143645098476,9.999999999999998 32.8439214647607,36.2143330516017,9.999999999999998 32.8439150797855,36.2143035673562,9.999999999999998 32.8439100322497,36.2142778097995,9.999999999999998 32.8439057820578,36.214254121197,9.999999999999998 32.8439019528755,36.214231208461,9.999999999999998 32.8438986256508,36.2142086212193,9.999999999999998 32.8438964265359,36.2141862626401,9.999999999999998 32.8438962901358,36.2141642474944,9.999999999999998 32.843897324945,36.214142398078,9.999999999999998 32.8438989947278,36.2141206799344,9.999999999999998 32.8439014529334,36.2140992011904,9.999999999999998 32.8439057093663,36.2140783299995,9.999999999999998 32.8439132499156,36.2140585808438,9.999999999999998 32.843922604331,36.2140394783214,9.999999999999998 32.8439327954391,36.2140207358079,9.999999999999998 32.8439437548552,36.214002457707,9.999999999999998 32.8439562487062,36.2139852528511,9.999999999999998 32.843971522422,36.2139700079568,9.999999999999998 32.8439883817673,36.2139558318358,9.999999999999998 32.8440061674168,36.2139421063294,9.999999999999998 32.8440252261672,36.2139287027223,9.999999999999998 32.8440472876147,36.2139158419358,9.999999999999998 32.8440748317241,36.2139039540905,9.999999999999998 32.8441053043177,36.2138926567272,9.999999999999998 32.8441368209837,36.2138818283622,9.999999999999998 32.8441686313517,36.2138718569293,9.999999999999998 32.84420030407,36.2138640611388,9.999999999999998 32.8442315958066,36.2138602718481,9.999999999999998 32.8442625519091,36.2138587135831,9.999999999999998 32.8442931906897,36.2138581831716,9.999999999999998 32.8443231857978,36.2138585938646,9.999999999999998 32.844351511751,36.2138608811133,9.999999999999998 32.844376768657,36.213866567324,9.999999999999998 32.844400377495,36.2138741906833,9.999999999999998 32.8444234077312,36.213882942141,9.999999999999998 32.8444463003716,36.2138932379484,9.999999999999998 32.8444693469664,36.2139071717736,9.999999999999998 32.8444927419247,36.2139277584385,9.999999999999998 32.8445163487805,36.2139519710435,9.999999999999998 32.8445399968473,36.2139776907245,9.999999999999998 32.8445635601822,36.2140044355503,9.999999999999998 32.8445868207926,36.2140328370676,9.999999999999998 32.8446095098353,36.2140641423555,9.999999999999998 32.844631858674,36.2140968616332,9.999999999999998 32.8446540071086,36.2141298570386,9.999999999999998 32.8446758772463,36.2141622906332,9.999999999999998 32.844697088898,36.2141927142663,9.999999999999998 32.8447167703382,36.2142471841524,9.999999999999998 32.8447486973169,36.2142991360369,9.999999999999998 32.8447866843184,36.2143235183431,9.999999999999998 32.8448233799438,36.2143453474091,9.999999999999998 32.8448507358558,36.2143743270671,9.999999999999998 32.8448791461128,36.2144039856448,9.999999999999998 32.8449088180398,36.2144344109479,9.999999999999998 32.8449413293172,36.2144665235758,9.999999999999998 32.8449789795798,36.2145016730954,9.999999999999998 32.8450191902747,36.2145382558884,9.999999999999998 32.8450598018261,36.2145748213742,9.999999999999998 32.8450990900055,36.214609900191,9.999999999999998 32.845133893141,36.2146404082328,9.999999999999998 32.8451603142588,36.2146624273825,9.999999999999998 32.8451821779446,36.214679898999,9.999999999999998 32.8452024949037,36.2146959556576,9.999999999999998 32.8452225958419,36.2147121930639,9.999999999999998 32.8452435768253,36.2147304032472,9.999999999999998 32.8452663493468,36.2147524224577,9.999999999999998 32.8452900817943,36.2147764889841,9.999999999999998 32.845313844733,36.2148009663002,9.999999999999998 32.8453367418283,36.2148246640693,9.999999999999998 32.8453569362808,36.2148455452472,9.999999999999998 32.8453721100378,36.2148611435579,9.999999999999998 32.8453846133097,36.2148738500533,9.999999999999998 32.8453963500001,36.214885544842,9.999999999999998 32.8454083913793,36.2148970091572,9.999999999999998 32.8454221396558,36.2149087739011,9.999999999999998 32.8454391647026,36.2149212100441,9.999999999999998 32.8454581365483,36.2149340787397,9.999999999999998 32.8454781534523,36.2149471247202,9.999999999999998 32.8454994487685,36.2149602852817,9.999999999999998 32.8455236444058,36.214973622177,9.999999999999998 32.8455531170524,36.214987268528,9.999999999999998 32.8455853848195,36.2150010797301,9.999999999999998 32.8456186063253,36.2150149700847,9.999999999999998 32.8456519760887,36.2150289398767,9.999999999999998 32.8456848496464,36.2150430756838,9.999999999999998 32.8457166850281,36.2150575188316,9.999999999999998 32.8457478308442,36.2150721736344,9.999999999999998 32.8457785281783,36.2150870487245,9.999999999999998 32.8458085309778,36.2151023920106,9.999999999999998 32.845836838801,36.2151189599464,9.999999999999998 32.8458620334458,36.2151377853867,9.999999999999998 32.8458854926208,36.2151578533542,9.999999999999998 32.845908132291,36.2151784446856,9.999999999999998 32.8459299782945,36.2151994086795,9.999999999999998 32.8459501944059,36.2152209994109,9.999999999999998 32.8459674676844,36.215243698946,9.999999999999998 32.8459831767156,36.2152669763454,9.999999999999998 32.8459982946748,36.215290475574,9.999999999999998 32.8460131527282,36.2153140815402,9.999999999999998 32.8460277997334,36.2153377950893,9.999999999999998 32.8460421262081,36.2153616756564,9.999999999999998 32.8460563594152,36.2153855758397,9.999999999999998 32.8460706962074,36.2154093112817,9.999999999999998 32.8460854459381,36.2154325186906,9.999999999999998 32.8461013664697,36.2154542612472,9.999999999999998 32.8461194660455,36.2154732890423,9.999999999999998 32.8461388319794,36.2154907926543,9.999999999999998 32.8461589057575,36.2155075851308,9.999999999999998 32.8461798976899,36.2155237071149,9.999999999999998 32.8462030153406,36.2155384709905,9.999999999999998 32.8462299927731,36.2155507734854,9.999999999999998 32.8462589217507,36.2155616856616,9.999999999999998 32.8462882313559,36.2155718279452,9.999999999999998 32.8463167640853,36.2155809845441,9.999999999999998 32.8463425186136,36.2155878690629,9.999999999999998 32.8463630792434,36.2155905975781,9.999999999999998 32.8463808943481,36.215591009117,9.999999999999998 32.8463980334318,36.2155902964063,9.999999999999998 32.8464158317318,36.2155884310586,9.999999999999998 32.8464363405002,36.2155841327383,9.999999999999998 32.8464619570749,36.2155754330746,9.999999999999998 32.8464903392229,36.2155644040075,9.999999999999998 32.8465195506626,36.2155525419418,9.999999999999998 32.8465485558681,36.2155404385212,9.999999999999998 32.8465760953213,36.2155284232474,9.999999999999998 32.8466008206562,36.2155166687508,9.999999999999998 32.8466239891238,36.2155051390953,9.999999999999998 32.8466466701579,36.21549378994,9.999999999999998 32.8466694037676,36.215482773001,9.999999999999998 32.8466927870746,36.2154726008387,9.999999999999998 32.846717474836,36.215463988921,9.999999999999998 32.8467431865877,36.2154562754566,9.999999999999998 32.8467701060408,36.2154490598649,9.999999999999998 32.8467997286702,36.2154424823404,9.999999999999998 32.8468364860412,36.2154373761255,9.999999999999998 32.846886336678,36.215434952345,9.999999999999998 32.8469429460744,36.2154339641245,9.999999999999998 32.8470010982993,36.2154335036772,9.999999999999998 32.8470572531816,36.2154332365022,9.999999999999998 32.8471057011141,36.2154330380611,9.999999999999998 32.8471396506275,36.2154329047881,9.999999999999998 32.8471656600839,36.2154327452792,9.999999999999998 32.8471889527912,36.2154324859115,9.999999999999998 32.8472118012298,36.2154319446019,9.999999999999998 32.8472359953325,36.2154306330354,9.999999999999998 32.8472629796187,36.2154278965339,9.999999999999998 32.8472915610023,36.2154243681364,9.999999999999998 32.8473204740847,36.2154204910202,9.999999999999998 32.8473488137494,36.2154163296066,9.999999999999998 32.8473750520592,36.2154116395321,9.999999999999998 32.847397346519,36.2154060036736,9.999999999999998 32.8474174825705,36.2153998672926,9.999999999999998 32.8474368691287,36.2153935334479,9.999999999999998 32.8474561010409,36.2153870907228,9.999999999999998 32.8474756051879,36.2153805094429,9.999999999999998 32.8474956848516,36.2153737044234,9.999999999999998 32.8475160313693,36.2153668715243,9.999999999999998 32.8475362066365,36.2153602713076,9.999999999999998 32.847555586547,36.2153544170703,9.999999999999998 32.8475726831141,36.2153506323674,9.999999999999998 32.8475855577487,36.2153506898354,9.999999999999998 32.8475961858141,36.2153529499194,9.999999999999998 32.8476061320081,36.2153563666897,9.999999999999998 32.8476162204051,36.2153611505653,9.999999999999998 32.8476274295345,36.2153689968623,9.999999999999998 32.8476407845669,36.2153823935901,9.999999999999998 32.8476552549602,36.2153986212899,9.999999999999998 32.8476698509701,36.2154155018068,9.999999999999998 32.8476837192831,36.2154315660525,9.999999999999998 32.8476952161813,36.2154444583391,9.999999999999998 32.8477022938545,36.2154514229254,9.999999999999998 32.8477069949959,36.2154554190912,9.999999999999998 32.8477109526589,36.2154592271359,9.999999999999998 32.8477149923597,36.2154654230295,9.999999999999998 32.8477200287213,36.215479176331,9.999999999999998 32.8477270108719,36.2155070026993,9.999999999999998 32.8477351639696,36.2155424718842,9.999999999999998 32.8477439369683,36.2155805925043,9.999999999999998 32.8477534521245,36.215619253066,9.999999999999998 32.8477646377881,36.2156569285394,9.999999999999998 32.8477788648407,36.2156924654704,9.999999999999998 32.847794728502,36.2157265871092,9.999999999999998 32.8478112296966,36.2157599210123,9.999999999999998 32.8478280617973,36.2157922391313,9.999999999999998 32.8478452775778,36.215822210115,9.999999999999998 32.8478631334703,36.2158478788019,9.999999999999998 32.8478812783343,36.2158710935933,9.999999999999998 32.8478994618237,36.2158929631216,9.999999999999998 32.8479174755351,36.2159131348498,9.999999999999998 32.8479349266468,36.2159294121594,9.999999999999998 32.8480115148674,36.2159729974235,9.999999999999998 32.8479570472352,36.21659150311,9.999999999999998 32.8482527827642,36.2164079465127,9.999999999999998 32.8486927895367,36.2164972711107,9.999999999999998 32.8491708478945,36.2167521000745,9.999999999999998 32.849516296712,36.2167989465173,9.999999999999998 32.8499549780651,36.2167689476178,9.999999999999998 32.849991243004,36.2167057297815,9.999999999999998 32.8502876040662,36.2164251110708,9.999999999999998 32.8503718349616,36.2164025065966,9.999999999999998 32.8504162820674,36.2163639913985,9.999999999999998 32.8505896625362,36.2163624057584,9.999999999999998 32.8507898574239,36.2163498652352,9.999999999999998 32.8510050461275,36.2163757140385,9.999999999999998 32.8512461162567,36.2163736884578,9.999999999999998 32.8513868606216,36.2161402783192,9.999999999999998 32.8514711592152,36.2160783692625,9.999999999999998 32.8516231865561,36.2159483290502,9.999999999999998 32.8516908782726,36.2158998355501,9.999999999999998 32.8517453509468,36.2159486715746,9.999999999999998 32.8520147283037,36.2161536503242,9.999999999999998 32.8522833210291,36.2160132885623,9.999999999999998 32.8524786955009,36.2158926028235,9.999999999999998 32.8527285260291,36.2158091920357,9.999999999999998 32.853187778086,36.2157655716079,9.999999999999998 32.8534891729445,36.2157310582973,9.999999999999998 32.8535710683871,36.2157577004846,9.999999999999998 32.8539421388746,36.2159840034929,9.999999999999998 32.8539664900782,36.2160184494766,9.999999999999998 32.8541715778561,36.2160713291511,9.999999999999998 32.8542964010843,36.2161078893091,9.999999999999998 32.8544899020309,36.2161725636714,9.999999999999998 32.8544997511825,36.2161723850282,9.999999999999998 32.8546417111168,36.2161697706218,9.999999999999998 32.8545909311113,36.2162061168409,9.999999999999998 32.8545805853209,36.2162084793312,9.999999999999998 32.8546651345638,36.2162462324199,9.999999999999998 32.8546614096167,36.2162223337933,9.999999999999998 32.8547196699649,36.2161702258555,9.999999999999998 32.8549973722292,36.2163479166612,9.999999999999998 32.8554956835573,36.2166671798408,9.999999999999998 32.8563360198463,36.2172077334188,9.999999999999998 32.8564980981402,36.2173074190212,9.999999999999998 32.8568369682829,36.2173064736388,9.999999999999998 32.8568619329401,36.2172975439702,9.999999999999998 32.8570534198777,36.2172290503034,9.999999999999998 32.8570698168172,36.2172440335717,9.999999999999998 32.8570840437277,36.2172387397172,9.999999999999998 32.8571468357672,36.2172088402501,9.999999999999998 32.8572055963456,36.2171739727481,9.999999999999998 32.8572527932383,36.2171395497432,9.999999999999998 32.8572595382034,36.2171461169958,9.999999999999998 32.857258849248,36.2171351327952,9.999999999999998 32.8573086843375,36.2170907961554,9.999999999999998 32.8573519653819,36.2170433313411,9.999999999999998 32.8573891328474,36.2169925784747,9.999999999999998 32.8574198094827,36.2169390527164,9.999999999999998 32.8574436839228,36.2168832973712,9.999999999999998 32.8574605138491,36.2168258783741,9.999999999999998 32.8574701284482,36.2167673785452,9.999999999999998 32.8574724301455,36.2167083916743,9.999999999999998 32.8574673955945,36.2166495164936,9.999999999999998 32.8574153444028,36.2162984693985,9.999999999999998 32.857412901702,36.216273961824,9.999999999999998 32.8574128221848,36.2162493745308,9.999999999999998 32.857415106332,36.2162248569214,9.999999999999998 32.8574197402621,36.2162005579746,9.999999999999998 32.8574266958154,36.2161766253407,9.999999999999998 32.857435930725,36.2161532044436,9.999999999999998 32.8574473888741,36.2161304375978,9.999999999999998 32.8574610006366,36.2161084631435,9.999999999999998 32.8574766833006,36.2160874146056,9.999999999999998 32.8574943415708,36.2160674198829,9.999999999999998 32.8580914098635,36.2154441840304,9.999999999999998 32.8581197922938,36.2154166726269,9.999999999999998 32.8581505549886,36.2153908960298,9.999999999999998 32.8581835369392,36.2153669891492,9.999999999999998 32.8582185655225,36.2153450771091,9.999999999999998 32.8582554574042,36.215325274593,9.999999999999998 32.8582940194982,36.2153076852431,9.999999999999998 32.8583340499773,36.2152924011187,9.999999999999998 32.8583753393295,36.2152795022138,9.999999999999998 32.8584176714543,36.2152690560385,9.999999999999998 32.858460824794,36.2152611172658,9.999999999999998 32.858504573493,36.2152557274458,9.999999999999998 32.85854868858,36.2152529147875,9.999999999999998 32.8585929391661,36.2152526940118,9.999999999999998 32.8586370936539,36.2152550662742,9.999999999999998 32.8593958187462,36.2153182334066,9.999999999999998 32.8594792095967,36.2153231275963,9.999999999999998 32.8595628127069,36.2153239504901,9.999999999999998 32.8596463256478,36.2153206991112,9.999999999999998 32.8597294463163,36.2153133852214,9.999999999999998 32.8598118740285,36.2153020352782,9.999999999999998 32.8598933106073,36.2152866903391,9.999999999999998 32.8599734614617,36.2152674059135,9.999999999999998 32.8600520366521,36.2152442517616,9.999999999999998 32.8601287519395,36.2152173116418,9.999999999999998 32.8604491427973,36.2150953986886,9.999999999999998 32.8605200480806,36.2152177597745,9.999999999999998 32.86112404323,36.2149879281987,9.999999999999998 32.8612041452268,36.2149574475433,9.999999999999998 32.8612834046232,36.2149232297403,9.999999999999998 32.8613580032605,36.2148827113358,9.999999999999998 32.8614271810486,36.2148363051786,9.999999999999998 32.8614902331351,36.2147844841076,9.999999999999998 32.8615465170868,36.214727776134,9.999999999999998 32.8615954594358,36.2146667590614,9.999999999999998 32.8616365615218,36.2146020545978,9.999999999999998 32.8616694045731,36.2145343220207,9.999999999999998 32.8616936539724,36.2144642514595,9.999999999999998 32.8617090626656,36.2143925568637,9.999999999999998 32.861715473678,36.214319968728,9.999999999999998 32.8617128217133,36.2142472266494,9.999999999999998 32.861701133817,36.2141750717916,9.999999999999998 32.8616762247526,36.2140647776979,9.999999999999998 32.8616738122028,36.2140511922491,9.999999999999998 32.8616726823766,36.2140374974234,9.999999999999998 32.8616728418251,36.2140237726362,9.999999999999998 32.8616742896231,36.2140100974768,9.999999999999998 32.8616770173742,36.2139965512465,9.999999999999998 32.8616810092596,36.2139832124986,9.999999999999998 32.8616862421303,36.2139701585837,9.999999999999998 32.8616926856404,36.2139574652004,9.999999999999998 32.8617003024241,36.2139452059565,9.999999999999998 32.8618936030433,36.2136615238511,9.999999999999998 32.8617962486574,36.2136179616092,9.999999999999998 32.8618500053078,36.2135390697048,9.999999999999998 32.8617526510977,36.213495507427,9.999999999999998 32.8618064077075,36.2134166155406,9.999999999999998 32.8627202535348,36.2120754495817,9.999999999999998 32.8627689300175,36.2120972303408,9.999999999999998 32.8628764391697,36.2119394455841,9.999999999999998 32.862973792081,36.2119830069563,9.999999999999998 32.8630813006655,36.2118252220113,9.999999999999998 32.8631926816172,36.2116617530111,9.999999999999998 32.8632107526796,36.2116373026948,9.999999999999998 32.863230898181,36.2116139412991,9.999999999999998 32.8632530186222,36.2115917842047,9.999999999999998 32.8632770047501,36.211570940844,9.999999999999998 32.8633027380978,36.2115515141607,9.999999999999998 32.8633300915687,36.211533600102,9.999999999999998 32.8633589300653,36.2115172871438,9.999999999999998 32.8633891111557,36.2115026558546,9.999999999999998 32.8634204857774,36.2114897784971,9.999999999999998 32.8634528989732,36.2114787186714,9.999999999999998 32.8634861906571,36.2114695310011,9.999999999999998 32.863520196404,36.2114622608632,9.999999999999998 32.8635547482627,36.2114569441643,9.999999999999998 32.8635896755846,36.211453607163,9.999999999999998 32.8636248058671,36.2114522663405,9.999999999999998 32.863659965605,36.2114529283188,9.999999999999998 32.8636949811477,36.2114555898289,9.999999999999998 32.8637296795569,36.2114602377255,9.999999999999998 32.8637638894602,36.2114668490532,9.999999999999998 32.863797441898,36.2114753911591,9.999999999999998 32.8640785845255,36.2115558664058,9.999999999999998 32.8640971034125,36.2115133789851,9.999999999999998 32.8642019614193,36.2115433936934,9.999999999999998 32.8642389990341,36.2114584188102,9.999999999999998 32.8644487150905,36.2115184478869,9.999999999999998 32.8649666245787,36.2116666922136,9.999999999999998 32.8650414892794,36.2116857416801,9.999999999999998 32.8651178252631,36.2117004655197,9.999999999999998 32.8651952524567,36.2117107904231,9.999999999999998 32.8652733853536,36.211716664983,9.999999999999998 32.8653518349332,36.2117180599503,9.999999999999998 32.8654302105978,36.2117149683793,9.999999999999998 32.8655081221179,36.2117074056628,9.999999999999998 32.8655851815753,36.2116954094554,9.999999999999998 32.8656610052943,36.2116790394855,9.999999999999998 32.8657352157527,36.2116583772585,9.999999999999998 32.8658074434615,36.2116335256506,9.999999999999998 32.8658773288045,36.2116046083967,9.999999999999998 32.8659445238293,36.2115717694741,9.999999999999998 32.8660086939794,36.2115351723857,9.999999999999998 32.8660695197604,36.2114949993459,9.999999999999998 32.8661266983305,36.2114514503731,9.999999999999998 32.8661799450088,36.211404742294,9.999999999999998 32.866228994692,36.2113551076639,9.999999999999998 32.8662736031749,36.2113027936083,9.999999999999998 32.8663135483658,36.2112480605934,9.999999999999998 32.8663486313922,36.2111911811279,9.999999999999998 32.8663786775911,36.2111324384073,9.999999999999998 32.8664035373782,36.2110721249034,9.999999999999998 32.8664230869924,36.2110105409077,9.999999999999998 32.8664372291119,36.2109479930368,9.999999999999998 32.8664458933387,36.2108847927055,9.999999999999998 32.8664490365483,36.2108212545764,9.999999999999998 32.8664466431048,36.210757694993,9.999999999999998 32.866438724938,36.2106944304051,9.999999999999998 32.866425321484,36.2106317757928,9.999999999999998 32.8663228956609,36.2102364194465,9.999999999999998 32.8663169297574,36.2102076438626,9.999999999999998 32.8663138552371,36.2101785715249,9.999999999999998 32.8663136922412,36.2101493929162,9.999999999999998 32.8663164418344,36.2101202992156,9.999999999999998 32.8663220859981,36.2100914810456,9.999999999999998 32.8663305877484,36.2100631272233,9.999999999999998 32.8663418913789,36.2100354235231,9.999999999999998 32.8663559228253,36.2100085514595,9.999999999999998 32.8663725901508,36.2099826870983,9.999999999999998 32.8663917841488,36.2099579999024,9.999999999999998 32.8664133790585,36.2099346516215,9.999999999999998 32.8671366230688,36.2092152906967,9.999999999999998 32.8672228340941,36.2092722151641,9.999999999999998 32.8673633177727,36.2091324835413,9.999999999999998 32.867449528872,36.2091894078464,9.999999999999998 32.8676602533766,36.208979809945,9.999999999999998 32.8678360227855,36.208804979111,9.999999999999998 32.8678636810798,36.2087791784249,9.999999999999998 32.8678932954,36.2087548453192,9.999999999999998 32.8679247474334,36.2087320770063,9.999999999999998 32.8679579115255,36.2087109644472,9.999999999999998 32.8679926551824,36.2086915919877,9.999999999999998 32.8680288396002,36.208674037022,9.999999999999998 32.8680706888823,36.2086566986824,9.999999999999998 32.8681049473017,36.2086446525628,9.999999999999998 32.8695953574091,36.2081602727905,9.999999999999998 32.8695125741558,36.2079929838738,9.999999999999998 32.8696529494569,36.2079473609784,9.999999999999998 32.8697289628233,36.20792040366,9.999999999999998 32.8698027619039,36.2078896698787,9.999999999999998 32.8698484869241,36.2078681770128,9.999999999999998 32.8698740613683,36.207855278462,9.999999999999998 32.8699425855518,36.2078173623788,9.999999999999998 32.8700080695209,36.2077760682255,9.999999999999998 32.8700702600977,36.2077315556588,9.999999999999998 32.870128916839,36.2076839967787,9.999999999999998 32.8701838129657,36.2076335754633,9.999999999999998 32.8702347362396,36.2075804866566,9.999999999999998 32.870281489784,36.2075249356163,9.999999999999998 32.8703238928449,36.207467137119,9.999999999999998 32.8707437203477,36.206852117477,9.999999999999998 32.8710356304619,36.2069829922697,9.999999999999998 32.8710915979961,36.2069010022294,9.999999999999998 32.8714787907103,36.2071607823488,9.999999999999998 32.8715851593222,36.2070566549407,9.999999999999998 32.8716708158769,36.2071141242409,9.999999999999998 32.8717771841716,36.2070099966608,9.999999999999998 32.8719484975865,36.2071249349261,9.999999999999998 32.8724987483157,36.2074941073528,9.999999999999998 32.8725610239394,36.2075329664716,9.999999999999998 32.8726265309662,36.2075681635728,9.999999999999998 32.8726949421465,36.2075995228222,9.999999999999998 32.8727659157216,36.2076268875582,9.999999999999998 32.8728390971303,36.2076501210746,9.999999999999998 32.8729141207806,36.2076691073032,9.999999999999998 32.8729906118767,36.2076837513941,9.999999999999998 32.8730681882906,36.2076939801895,9.999999999999998 32.8731464624722,36.2076997425891,9.999999999999998 32.8732250433849,36.2077010098056,9.999999999999998 32.8733035384598,36.2076977755083,9.999999999999998 32.8733815555567,36.2076900558546,9.999999999999998 32.8734587049236,36.20767788941,9.999999999999998 32.8735346011439,36.2076613369547,9.999999999999998 32.8736088650618,36.2076404811798,9.999999999999998 32.8736811256771,36.2076154262753,9.999999999999998 32.8737510219983,36.2075862974079,9.999999999999998 32.8738182048464,36.2075532400973,9.999999999999998 32.8738823385993,36.2075164194877,9.999999999999998 32.8739431028687,36.2074760195238,9.999999999999998 32.8740001941003,36.2074322420313,9.999999999999998 32.874053327091,36.2073853057084,9.999999999999998 32.8741022364127,36.2073354450339,9.999999999999998 32.8741466777392,36.2072829090946,9.999999999999998 32.8741864290661,36.2072279603422,9.999999999999998 32.8742212918199,36.2071708732809,9.999999999999998 32.8742510918497,36.2071119330969,9.999999999999998 32.8742756802974,36.207051434233,9.999999999999998 32.8742949343408,36.2069896789181,9.999999999999998 32.8743224491714,36.2068861505145,9.999999999999998 32.8744855104086,36.2069146139458,9.999999999999998 32.8745323385306,36.2067384145559,9.999999999999998 32.8746953995384,36.2067668777015,9.999999999999998 32.8747422271011,36.2065906782241,9.999999999999998 32.8752090215149,36.2048342121351,9.999999999999998 32.8752173140404,36.2048071155774,9.999999999999998 32.8752276610959,36.2047804872158,9.999999999999998 32.8752400229614,36.2047544292655,9.999999999999998 32.8759916375611,36.2033057080796,9.999999999999998 32.8760013984936,36.2032885903866,9.999999999999998 32.8760126079326,36.2032720657721,9.999999999999998 32.8760252113448,36.2032562146264,9.999999999999998 32.8760391474155,36.203241114063,9.999999999999998 32.8760543483467,36.2032268375442,9.999999999999998 32.8760707401874,36.2032134545232,9.999999999999998 32.8760882431931,36.2032010301068,9.999999999999998 32.8761067722136,36.2031896247376,9.999999999999998 32.8761262371075,36.2031792939014,9.999999999999998 32.8761465431807,36.203170087856,9.999999999999998 32.8761675916468,36.2031620513875,9.999999999999998 32.876189280108,36.2031552235921,9.999999999999998 32.8762115030532,36.203149637686,9.999999999999998 32.876234152371,36.2031453208438,9.999999999999998 32.876257117876,36.2031422940663,9.999999999999998 32.8762802878444,36.2031405720781,9.999999999999998 32.8763035495581,36.2031401632568,9.999999999999998 32.8771126798594,36.2031488171916,9.999999999999998 32.8771141465581,36.2030587049018,9.999999999999998 32.8773365172961,36.2030610822765,9.999999999999998 32.8773379837363,36.2029709699822,9.999999999999998 32.8775603542341,36.2029733469406,9.999999999999998 32.8775618204159,36.2028832346418,9.999999999999998 32.8777841906735,36.2028856111839,9.999999999999998 32.8783989049275,36.2028921786817,9.999999999999998 32.8788313638484,36.2028967971035,9.999999999999998 32.8788279522918,36.2029432219094,9.999999999999998 32.8789175797263,36.2028977176545,9.999999999999998 32.8790331070098,36.2028989510741,9.999999999999998 32.8791006071561,36.2028972972031,9.999999999999998 32.8791676763617,36.2028909076066,9.999999999999998 32.8792338097626,36.2028798303825,9.999999999999998 32.8792985095397,36.2028641489144,9.999999999999998 32.879361288666,36.2028439812447,9.999999999999998 32.8794216745734,36.2028194791855,9.999999999999998 32.87947921271,36.2027908271756,9.999999999999998 32.8795334699614,36.2027582408928,9.999999999999998 32.8795840379118,36.2027219656293,9.999999999999998 32.8796305359181,36.2026822744459,9.999999999999998 32.879672613975,36.2026394661161,9.999999999999998 32.8797099553496,36.2025938628772,9.999999999999998 32.8797190608685,36.2025803258915,9.999999999999998 32.8797422789658,36.2025458080044,9.999999999999998 32.8797693415196,36.2024956632266,9.999999999999998 32.8798317900818,36.202364758066,9.999999999999998 32.879869667822,36.2023977918068,9.999999999999998 32.8798747454562,36.202365197562,9.999999999999998 32.8800053991982,36.2024061393303,9.999999999999998 32.8800446181839,36.202418428989,9.999999999999998 32.8801649143738,36.2021662603807,9.999999999999998 32.8802052500916,36.2020817070036,9.999999999999998 32.880233773923,36.2020140491636,9.999999999999998 32.8802571800584,36.2019386277663,9.999999999999998 32.8802661630414,36.2018954519172,9.999999999999998 32.8804803973358,36.2018469659272,9.999999999999998 32.8804033571224,36.2015443594537,9.999999999999998 32.8801795864193,36.201337188569,9.999999999999998 32.880018585181,36.200858115679,9.999999999999998 32.8800146562851,36.2008443042592,9.999999999999998 32.8800120785562,36.2008302853282,9.999999999999998 32.8800108679339,36.2008161455783,9.999999999999998 32.880011031904,36.2008019724491,9.999999999999998 32.8800125694518,36.2007878535863,9.999999999999998 32.8800154710683,36.2007738763004,9.999999999999998 32.8800197188096,36.2007601270257,9.999999999999998 32.880025286407,36.2007466907872,9.999999999999998 32.8800321394303,36.2007336506734,9.999999999999998 32.8800402355003,36.2007210873237,9.999999999999998 32.8800495245509,36.2007090784287,9.999999999999998 32.8800599491388,36.2006976982506,9.999999999999998 32.8800714447986,36.2006870171635,9.999999999999998 32.8800839404418,36.2006771012184,9.999999999999998 32.880097358796,36.2006680117346,9.999999999999998 32.8802290067447,36.2005857386381,9.999999999999998 32.8802969032934,36.2006571065339,9.999999999999998 32.8803849579508,36.2006020767625,9.999999999999998 32.8811774443244,36.2001068058716,9.999999999999998 32.8811610917396,36.2000896174448,9.999999999999998 32.8817199178359,36.2003265395121,9.999999999999998 32.8819085798341,36.2001965040576,9.999999999999998 32.8820173046541,36.2002088675921,9.999999999999998 32.8820401419013,36.2001058841014,9.999999999999998 32.8820953314977,36.1998571199551,9.999999999999998 32.882254538618,36.1997191244171,9.999999999999998 32.8824241150626,36.1996358411056,9.999999999999998 32.8825700112661,36.1994278175704,9.999999999999998 32.8830188617871,36.1993437571347,9.999999999999998 32.8830523364062,36.1993385741193,9.999999999999998 32.8830862023955,36.1993354837483,9.999999999999998 32.883230386084,36.1993268443523,9.999999999999998 32.8833804625828,36.199402288156,9.999999999999998 32.883390268658,36.1993172640836,9.999999999999998 32.8853472002718,36.1991999859608,9.999999999999998 32.8854168647204,36.1991935646515,9.999999999999998 32.8854856887507,36.1991827161257,9.999999999999998 32.8855532447542,36.1991675077864,9.999999999999998 32.8856191130014,36.1991480341237,9.999999999999998 32.885682884262,36.1991244161235,9.999999999999998 32.8857441622857,36.1990968005425,9.999999999999998 32.8858025663889,36.1990653589411,9.999999999999998 32.885857733695,36.1990302866731,9.999999999999998 32.8859093214515,36.1989918016441,9.999999999999998 32.8859570091506,36.1989501429595,9.999999999999998 32.8859868273797,36.1989195828015,9.999999999999998 32.8860538340534,36.1989719343662,9.999999999999998 32.8860752634719,36.1989158106338,9.999999999999998 32.8860595902795,36.1988293819658,9.999999999999998 32.8860738411325,36.198808802095,9.999999999999998 32.8861032347548,36.1987572094594,9.999999999999998 32.8861275235757,36.1987039006874,9.999999999999998 32.8861465566927,36.1986492070007,9.999999999999998 32.886160215874,36.1985934681849,9.999999999999998 32.8861684162589,36.1985370305723,9.999999999999998 32.8861711069164,36.1984802447908,9.999999999999998 32.8861708551916,36.1982832572334,9.999999999999998 32.8862264493164,36.1982832105891,9.999999999999998 32.8862263340906,36.1981930904138,9.999999999999998 32.8862819281517,36.1981930437437,9.999999999999998 32.8862818128622,36.1981029235669,9.999999999999998 32.886393000857,36.1981028301491,9.999999999999998 32.8863928854401,36.1980127099707,9.999999999999998 32.8863921953902,36.1974739035304,9.999999999999998 32.8863921746569,36.197457714473,9.999999999999998 32.8863928207086,36.1974437969738,9.999999999999998 32.8863947906527,36.1974299614569,9.999999999999998 32.8863980727265,36.1974162905313,9.999999999999998 32.8864026473327,36.1974028658231,9.999999999999998 32.8864084871566,36.1973897674884,9.999999999999998 32.8864155573293,36.1973770737345,9.999999999999998 32.8865988056523,36.19707931358,9.999999999999998 32.8867162737854,36.1968884382951,9.999999999999998 32.886616778655,36.1968482116229,9.999999999999998 32.8867160380767,36.1966869233881,9.999999999999998 32.8866165432011,36.1966466967148,9.999999999999998 32.8866973412818,36.1965154063255,9.999999999999998 32.8868177748485,36.1964640048844,9.999999999999998 32.8868300588518,36.1964505014662,9.999999999999998 32.886857213108,36.1964206678168,9.999999999999998 32.8868801036642,36.1963953078625,9.999999999999998 32.8868949539514,36.1963783544536,9.999999999999998 32.886905339765,36.1963660159921,9.999999999999998 32.8869140337332,36.1963553082385,9.999999999999998 32.8869219708679,36.1963450181652,9.999999999999998 32.8869292641393,36.1963343864131,9.999999999999998 32.8869355680337,36.1963229216987,9.999999999999998 32.8869415795815,36.1963107879716,9.999999999999998 32.8869479191333,36.1962980617189,9.999999999999998 32.8869555633059,36.1962841758497,9.999999999999998 32.886966905746,36.1962673037424,9.999999999999998 32.8869850952664,36.1962449263741,9.999999999999998 32.8870070231908,36.1962194777898,9.999999999999998 32.8870303796242,36.1961926073399,9.999999999999998 32.8870544062822,36.1961644200051,9.999999999999998 32.8870790728701,36.1961335904227,9.999999999999998 32.8871002309964,36.1961056366399,9.999999999999998 32.887144813591,36.1961040592154,9.999999999999998 32.8872127187024,36.19610165656,9.999999999999998 32.8873093734539,36.1960982366026,9.999999999999998 32.8873052436289,36.1960127114086,9.999999999999998 32.8873008181798,36.1959210638871,9.999999999999998 32.8872978042388,36.1958586474524,9.999999999999998 32.8872959077284,36.1958193721097,9.999999999999998 32.887322717527,36.1957820122118,9.999999999999998 32.8873516786874,36.1957454779066,9.999999999999998 32.8873818147978,36.1957136703418,9.999999999999998 32.8874128190989,36.1956844016783,9.999999999999998 32.887444842431,36.1956559885946,9.999999999999998 32.8874791424892,36.1956276770754,9.999999999999998 32.8875194498812,36.1955988234279,9.999999999999998 32.8875708111072,36.1955688539537,9.999999999999998 32.8876280796077,36.1955381377652,9.999999999999998 32.8876873160713,36.1955068917877,9.999999999999998 32.8877467187655,36.1954747575465,9.999999999999998 32.8878046665637,36.1954404118056,9.999999999999998 32.8878597449674,36.1954019700583,9.999999999999998 32.8879135063493,36.195361052963,9.999999999999998 32.8879678594737,36.1953184333146,9.999999999999998 32.8880253558892,36.195273034683,9.999999999999998 32.8880919613153,36.1952207622355,9.999999999999998 32.8881147740242,36.1951712171428,9.999999999999998 32.8884406932316,36.1951069279684,9.999999999999998 32.8884901699344,36.1950618679881,9.999999999999998 32.8885302146036,36.1950253980025,9.999999999999998 32.8885890171618,36.1949718445098,9.999999999999998 32.8886721968665,36.1948960897446,9.999999999999998 32.8887414225066,36.1948330432942,9.999999999999998 32.8887957075876,36.1947836036859,9.999999999999998 32.8888456214764,36.1947381450211,9.999999999999998 32.8889055517912,36.194683563881,9.999999999999998 32.8889418870363,36.1946504717436,9.999999999999998 32.888984103446,36.1946120233168,9.999999999999998 32.8890132807245,36.1946121165609,9.999999999999998 32.8890530142221,36.1946122435289,9.999999999999998 32.8891097768848,36.1946124248906,9.999999999999998 32.8891769499151,36.1946126394797,9.999999999999998 32.8892460028703,36.1946128600349,9.999999999999998 32.8893390755928,36.1946131572463,9.999999999999998 32.8894090000831,36.1946133804901,9.999999999999998 32.8894955240739,36.1946136566739,9.999999999999998 32.8896119956528,36.1946140283512,9.999999999999998 32.8897106121685,36.1946058164868,9.999999999999998 32.889784998337,36.1945996222452,9.999999999999998 32.889860788253,36.1945933110628,9.999999999999998 32.8899489824259,36.1945859668907,9.999999999999998 32.8900287086513,36.194579327811,9.999999999999998 32.8901080177982,36.1945732011951,9.999999999999998 32.8901887172293,36.1945762914884,9.999999999999998 32.8901905295572,36.1945763793298,9.999999999999998 32.890192341838,36.1945764672106,9.999999999999998 32.8901941539732,36.1945765552129,9.999999999999998 32.8901959657062,36.1945766435512,9.999999999999998 32.8901977763437,36.1945767328046,9.999999999999998 32.8901995849434,36.1945768237605,9.999999999999998 32.8902013923015,36.1945769157537,9.999999999999998 32.8902031988062,36.1945770084596,9.999999999999998 32.8902050039189,36.1945771023279,9.999999999999998 32.8902068055892,36.1945771990712,9.999999999999998 32.8902086008954,36.1945773011295,9.999999999999998 32.8902103924122,36.1945774063528,9.999999999999998 32.8902121814663,36.1945775136337,9.999999999999998 32.8902139667096,36.1945776241003,9.999999999999998 32.8902157426544,36.1945777423404,9.999999999999998 32.8902175014131,36.194577874948,9.999999999999998 32.8902192498646,36.1945780161697,9.999999999999998 32.8902209913917,36.194578163171,9.999999999999998 32.8902227218564,36.194578319395,9.999999999999998 32.8902244251049,36.1945784983023,9.999999999999998 32.8902260781462,36.194578719057,9.999999999999998 32.8902277019136,36.1945789642328,9.999999999999998 32.890229308268,36.194579223994,9.999999999999998 32.8902308901568,36.1945795043473,9.999999999999998 32.890232413954,36.1945798336661,9.999999999999998 32.8902338314682,36.1945802526153,9.999999999999998 32.8902351911233,36.1945807205971,9.999999999999998 32.8902365270304,36.1945812093786,9.999999999999998 32.8902378475064,36.1945817133186,9.999999999999998 32.8902391441076,36.1945822432407,9.999999999999998 32.8902403989479,36.1945828192873,9.999999999999998 32.890241632647,36.1945834198249,9.999999999999998 32.8902428593518,36.19458403092,9.999999999999998 32.8902440856117,36.1945846501054,9.999999999999998 32.8902453174933,36.1945852837018,9.999999999999998 32.8902465608328,36.1945859430551,9.999999999999998 32.8902478123784,36.1945866165907,9.999999999999998 32.8902490714552,36.1945872975106,9.999999999999998 32.8902503455682,36.1945879870379,9.999999999999998 32.8902516585544,36.1945886957443,9.999999999999998 32.8902530437508,36.1945894395951,9.999999999999998 32.8902544727794,36.1945902040668,9.999999999999998 32.8902559321486,36.1945909815951,9.999999999999998 32.8902574413215,36.1945917787974,9.999999999999998 32.8902590738561,36.1945926236602,9.999999999999998 32.8902609341001,36.1945935563467,9.999999999999998 32.8902629273139,36.1945945402166,9.999999999999998 32.890264999984,36.1945955546325,9.999999999999998 32.8902671848988,36.1945966121351,9.999999999999998 32.8902696367625,36.1945977720638,9.999999999999998 32.8902725772115,36.1945991194782,9.999999999999998 32.8902757844857,36.1946005694498,9.999999999999998 32.8902791036224,36.1946020629122,9.999999999999998 32.8902825011597,36.194603588037,9.999999999999998 32.8902860287912,36.1946051673866,9.999999999999998 32.890289786327,36.1946068430002,9.999999999999998 32.8902936641737,36.1946085698018,9.999999999999998 32.8902975902283,36.1946103188935,9.999999999999998 32.8903015447488,36.1946120855892,9.999999999999998 32.8903055389119,36.194613884323,9.999999999999998 32.8903096014965,36.1946157404671,9.999999999999998 32.8903136984864,36.1946176284149,9.999999999999998 32.8903178077794,36.1946195332432,9.999999999999998 32.8903219206358,36.1946214583635,9.999999999999998 32.8903260321868,36.1946234292286,9.999999999999998 32.8903301396628,36.1946254840154,9.999999999999998 32.8903342422369,36.1946275881934,9.999999999999998 32.8903383372755,36.1946297239171,9.999999999999998 32.89034241396,36.1946319076049,9.999999999999998 32.8903464415362,36.1946342077723,9.999999999999998 32.8903503779392,36.1946367226109,9.999999999999998 32.8903542606875,36.1946393625468,9.999999999999998 32.8903581110507,36.1946420770427,9.999999999999998 32.8903619151229,36.1946448965455,9.999999999999998 32.8903656087184,36.1946479655569,9.999999999999998 32.8903691000338,36.1946514911934,9.999999999999998 32.8903724806896,36.1946552661323,9.999999999999998 32.8903758144899,36.1946591454418,9.999999999999998 32.8903791143456,36.1946630975531,9.999999999999998 32.8903823562985,36.1946671699729,9.999999999999998 32.8903854955853,36.1946714549146,9.999999999999998 32.8903885808597,36.1946758511016,9.999999999999998 32.8903916441965,36.1946802921206,9.999999999999998 32.8903946938422,36.1946847602536,9.999999999999998 32.8903977231724,36.194689267232,9.999999999999998 32.8904007170823,36.1946938415586,9.999999999999998 32.8904036926581,36.1946984501537,9.999999999999998 32.8904066606577,36.1947030717368,9.999999999999998 32.8904096236101,36.1947076991344,9.999999999999998 32.8904125785613,36.1947123314887,9.999999999999998 32.8904155194419,36.1947169714713,9.999999999999998 32.8904184529526,36.1947216137635,9.999999999999998 32.8904213833641,36.1947262537003,9.999999999999998 32.8904243115805,36.1947308840594,9.999999999999998 32.8904272361213,36.1947354872145,9.999999999999998 32.8904301541311,36.1947400396511,9.999999999999998 32.8904330685271,36.194744562059,9.999999999999998 32.8904359809189,36.1947490661708,9.999999999999998 32.8904388907387,36.1947535438467,9.999999999999998 32.8904417946251,36.1947579582334,9.999999999999998 32.8904446876889,36.1947622566769,9.999999999999998 32.8904475749326,36.1947664914477,9.999999999999998 32.890450459954,36.194770698599,9.999999999999998 32.890453343937,36.1947748841847,9.999999999999998 32.8904562269373,36.1947790308354,9.999999999999998 32.8904591083593,36.1947831079448,9.999999999999998 32.8904619890851,36.1947871477034,9.999999999999998 32.8904648696569,36.1947911707855,9.999999999999998 32.8904677504491,36.1947951797525,9.999999999999998 32.8904706320751,36.1947991618343,9.999999999999998 32.8904735152907,36.194803095476,9.999999999999998 32.8904763995286,36.1948070018967,9.999999999999998 32.8904792845679,36.194810893166,9.999999999999998 32.8904821710584,36.1948147648968,9.999999999999998 32.8904850612254,36.1948185914798,9.999999999999998 32.8904879582101,36.1948223350393,9.999999999999998 32.8904908593163,36.1948260294474,9.999999999999998 32.8904937632466,36.1948296919613,9.999999999999998 32.8904966717709,36.1948333051957,9.999999999999998 32.8904995916488,36.1948367982403,9.999999999999998 32.8905025324768,36.1948400696995,9.999999999999998 32.8905054855146,36.1948432119704,9.999999999999998 32.8905084457895,36.1948462771921,9.999999999999998 32.8905114161887,36.1948492338154,9.999999999999998 32.8905889407206,36.1949146851127,9.999999999999998 32.8906105806682,36.1949125551037,9.999999999999998 32.8906499432324,36.1949086806563,9.999999999999998 32.8906716793631,36.1949065411687,9.999999999999998 32.8906959939114,36.1949041478825,9.999999999999998 32.8907087338392,36.1949028938866,9.999999999999998 32.8907226283767,36.1949015262406,9.999999999999998 32.8907389630654,36.1948999184071,9.999999999999998 32.8907480555662,36.1948990234257,9.999999999999998 32.890756244235,36.1948982174085,9.999999999999998 32.8907637686999,36.1948974767688,9.999999999999998 32.890765552729,36.1948973011652,9.999999999999998 32.8907685839988,36.1948970027946,9.999999999999998 32.8907740813351,36.1948964616864,9.999999999999998 32.8907788750763,36.1948959898337,9.999999999999998 32.8907818629682,36.1948956957324,9.999999999999998 32.891127426784,36.1948616810074,9.999999999999998 32.8914507190934,36.1948298575932,9.999999999999998 32.8914594673969,36.1948285593542,9.999999999999998 32.8914680869836,36.1948269295053,9.999999999999998 32.8914763093303,36.1948242762556,9.999999999999998 32.8914834344473,36.1948187962372,9.999999999999998 32.8914875705765,36.194805615756,9.999999999999998 32.8914862008014,36.1947782637526,9.999999999999998 32.8914818363373,36.1947432929122,9.999999999999998 32.8914763570393,36.1947057472136,9.999999999999998 32.8914704318662,36.1946678739243,9.999999999999998 32.8914642454766,36.1946315644969,9.999999999999998 32.8914576984659,36.1945984143075,9.999999999999998 32.8914510368024,36.1945669119168,9.999999999999998 32.8914443815842,36.1945353409781,9.999999999999998 32.8914378609042,36.1945019106913,9.999999999999998 32.8914317489807,36.1944628107049,9.999999999999998 32.8914263968587,36.1944131894797,9.999999999999998 32.8914214595547,36.1943579578363,9.999999999999998 32.8914166754936,36.1943010497972,9.999999999999998 32.891411949539,36.1942445785492,9.999999999999998 32.89140724966,36.1941911317058,9.999999999999998 32.891402989736,36.1941474096726,9.999999999999998 32.8914159942374,36.1941374928622,9.999999999999998 32.891440380381,36.1941147506929,9.999999999999998 32.8914335249732,36.1940682454373,9.999999999999998 32.8914785251141,36.194075182103,9.999999999999998 32.8914985347121,36.1940522275389,9.999999999999998 32.8915314892849,36.1940049995779,9.999999999999998 32.8915584386177,36.1939553323644,9.999999999999998 32.8915791113647,36.193903726006,9.999999999999998 32.8915932993814,36.1938507001349,9.999999999999998 32.8916008598198,36.1937967886757,9.999999999999998 32.8916017165667,36.1937425344691,9.999999999999998 32.8915958610093,36.1936884838058,9.999999999999998 32.8915833521213,36.1936351809257,9.999999999999998 32.8915643158689,36.1935831625383,9.999999999999998 32.8915389439412,36.1935329524183,9.999999999999998 32.8915074918204,36.1934850561324,9.999999999999998 32.8914702762085,36.1934399559477,9.999999999999998 32.891028676912,36.1929589056412,9.999999999999998 32.8910162912238,36.1929438983928,9.999999999999998 32.8910058200432,36.192927961991,9.999999999999998 32.8909973684493,36.1929112563609,9.999999999999998 32.8909910212543,36.1928939491467,9.999999999999998 32.8909868421519,36.1928762140293,9.999999999999998 32.8909848730788,36.1928582289839,9.999999999999998 32.8909851337934,36.1928401744936,9.999999999999998 32.8909876216779,36.1928222317381,9.999999999999998 32.891006166935,36.1927302704595,9.999999999999998 32.8910610290386,36.1927375397102,9.999999999999998 32.8910969006952,36.1925596599212,9.999999999999998 32.8913564194103,36.1925940458939,9.999999999999998 32.8913526041832,36.1925838392632,9.999999999999998 32.8914051122348,36.1919410221998,9.999999999999998 32.8915421257808,36.1917484491032,9.999999999999998 32.891558593322,36.1916667866319,9.999999999999998 32.8915602943413,36.1916600005013,9.999999999999998 32.8915626331526,36.1916533402746,9.999999999999998 32.8916879523871,36.1913423760336,9.999999999999998 32.8914765873446,36.1912864073185,9.999999999999998 32.8915456339614,36.191115076668,9.999999999999998 32.8914399517586,36.191087092231,9.999999999999998 32.8915519238997,36.1908092464311,9.999999999999998 32.8915661627183,36.1907779013134,9.999999999999998 32.8915736288425,36.1907638562817,9.999999999999998 32.8915832269356,36.1907474973208,9.999999999999998 32.8916030227797,36.1907182015249,9.999999999999998 32.8916254414685,36.1906901749073,9.999999999999998 32.8916503598079,36.1906635714754,9.999999999999998 32.8916776408683,36.190638537416,9.999999999999998 32.8917071347372,36.1906152102918,9.999999999999998 32.8917386793434,36.190593718286,9.999999999999998 32.8917721013472,36.1905741794976,9.999999999999998 32.8918072170928,36.1905567012924,9.999999999999998 32.8918438336179,36.1905413797134,9.999999999999998 32.8918817497136,36.1905282989527,9.999999999999998 32.8919207570303,36.1905175308892,9.999999999999998 32.8919606412223,36.1905091346935,9.999999999999998 32.892001183126,36.1905031565026,9.999999999999998 32.8920421599634,36.1904996291667,9.999999999999998 32.8920923242459,36.1904968301636,9.999999999999998 32.8924250687332,36.190478263571,9.999999999999998 32.8928687278091,36.1904535066748,9.999999999999998 32.8932274424808,36.1904334886006,9.999999999999998 32.8932911750171,36.1904269153099,9.999999999999998 32.8933535462283,36.1904144250856,9.999999999999998 32.8933662459139,36.1904111045718,9.999999999999998 32.8934137229775,36.1903961847687,9.999999999999998 32.893470901442,36.1903724380082,9.999999999999998 32.8935243178514,36.1903435020065,9.999999999999998 32.89357325869,36.1903097632818,9.999999999999998 32.8936170702276,36.1902716725051,9.999999999999998 32.8936551672523,36.1902297384803,9.999999999999998 32.8938365199172,36.1900038559312,9.999999999999998 32.8940228824762,36.1901021701787,9.999999999999998 32.8941441670311,36.1899511037196,9.999999999999998 32.8948112237481,36.1891202359163,9.999999999999998 32.8946714527863,36.1890465011681,9.999999999999998 32.8947253411029,36.1889793785506,9.999999999999998 32.8947733570249,36.1889149609543,9.999999999999998 32.8948022238897,36.1888708730613,9.999999999999998 32.8948159593285,36.1888480880913,9.999999999999998 32.8948529578567,36.1887790584729,9.999999999999998 32.8949799285671,36.1885186928107,9.999999999999998 32.8951350127311,36.1885683887501,9.999999999999998 32.895216753628,36.1884007695059,9.999999999999998 32.8953802343744,36.1880655308343,9.999999999999998 32.8954461913227,36.1880147983652,9.999999999999998 32.8961163481338,36.1877859377257,9.999999999999998 32.8964696036072,36.1874755730908,9.999999999999998 32.8969941133762,36.1873648798322,9.999999999999998 32.8969957565937,36.1873633408312,9.999999999999998 32.8970049924944,36.1873546762076,9.999999999999998 32.8970141316882,36.1873462145578,9.999999999999998 32.8970234318678,36.1873379635066,9.999999999999998 32.8970330869838,36.1873300588018,9.999999999999998 32.8970429952132,36.1873223212538,9.999999999999998 32.8970530910568,36.1873146526114,9.999999999999998 32.8970635127969,36.1873070294671,9.999999999999998 32.8970747526938,36.1872994778328,9.999999999999998 32.8970874930261,36.1872920541869,9.999999999999998 32.8971010347196,36.1872847135117,9.999999999999998 32.8971148504765,36.1872774537056,9.999999999999998 32.8971287106789,36.1872703605059,9.999999999999998 32.8971424339872,36.1872637006129,9.999999999999998 32.8971558871989,36.1872578352958,9.999999999999998 32.8971692765092,36.1872523811927,9.999999999999998 32.8971829355314,36.1872470255132,9.999999999999998 32.8971974908312,36.1872415623727,9.999999999999998 32.8972145424778,36.1872356691679,9.999999999999998 32.897236197807,36.1872289709365,9.999999999999998 32.8972602775395,36.1872218673282,9.999999999999998 32.8972850315242,36.1872147324541,9.999999999999998 32.8973094419626,36.1872079064722,9.999999999999998 32.8973321179152,36.1872020650537,9.999999999999998 32.8973514827442,36.1871980617517,9.999999999999998 32.8973689332326,36.1871950837734,9.999999999999998 32.8973854851083,36.1871925404759,9.999999999999998 32.8974011780618,36.1871903133517,9.999999999999998 32.8974151188567,36.1871886273113,9.999999999999998 32.8974259074304,36.1871879039864,9.999999999999998 32.8974350850966,36.1871877075138,9.999999999999998 32.8974438397632,36.1871877832911,9.999999999999998 32.8974528998921,36.1871881724242,9.999999999999998 32.8974633257263,36.1871892563739,9.999999999999998 32.8974763410569,36.1871916050814,9.999999999999998 32.8974908090565,36.1871946425118,9.999999999999998 32.8975058509001,36.1871979744934,9.999999999999998 32.8975212110485,36.1872015267864,9.999999999999998 32.8975369796914,36.1872054644477,9.999999999999998 32.8975534503518,36.187210087603,9.999999999999998 32.8975703062188,36.187215074492,9.999999999999998 32.8975874085191,36.1872202149253,9.999999999999998 32.8976048861434,36.1872254654906,9.999999999999998 32.8976232756423,36.1872309023989,9.999999999999998 32.8976433267665,36.1872366656197,9.999999999999998 32.8976642187853,36.1872425747591,9.999999999999998 32.8976852670708,36.1872484692762,9.999999999999998 32.8977059567219,36.1872541727526,9.999999999999998 32.8977253832992,36.1872593012728,9.999999999999998 32.897742446387,36.1872633592927,9.999999999999998 32.897758234113,36.1872668171885,9.999999999999998 32.897773625285,36.1872700063689,9.999999999999998 32.897789067988,36.1872729663753,9.999999999999998 32.8978050662763,36.187275487832,9.999999999999998 32.897822142167,36.1872772205078,9.999999999999998 32.8978398315325,36.1872785214211,9.999999999999998 32.8978577510861,36.1872796141084,9.999999999999998 32.8978757675617,36.1872804959424,9.999999999999998 32.8978938529657,36.1872809352783,9.999999999999998 32.8979120551269,36.1872805722923,9.999999999999998 32.8979304011316,36.1872797697671,9.999999999999998 32.8979490752595,36.1872787655207,9.999999999999998 32.897968618186,36.187277578272,9.999999999999998 32.8979905142419,36.1872760279726,9.999999999999998 32.8980167478934,36.1872738247894,9.999999999999998 32.8980453030498,36.1872712791059,9.999999999999998 32.8980746294085,36.1872686138492,9.999999999999998 32.8981122845152,36.1872643143898,9.999999999999998 32.8981904971957,36.1872956679777,9.999999999999998 32.8982457443043,36.1873153466509,9.999999999999998 32.8983029592651,36.18733089731,9.999999999999998 32.8983616738004,36.1873421926799,9.999999999999998 32.8984214073583,36.1873491403128,9.999999999999998 32.8984816710464,36.1873516833456,9.999999999999998 32.8985419716328,36.1873498009646,9.999999999999998 32.8986018155839,36.1873435085762,9.999999999999998 32.8986607131034,36.1873328576809,9.999999999999998 32.8987181821419,36.1873179354515,9.999999999999998 32.8987737523419,36.1872988640197,9.999999999999998 32.8988269688881,36.1872757994764,9.999999999999998 32.8988773962297,36.1872489305943,9.999999999999998 32.8989246216455,36.1872184772825,9.999999999999998 32.8989682586221,36.1871846887869,9.999999999999998 32.8990079500167,36.1871478416498,9.999999999999998 32.8990489994506,36.1871011860155,9.999999999999998 32.8993304110724,36.1872462914256,9.999999999999998 32.8993682591986,36.1871938127885,9.999999999999998 32.899407330615,36.1871276236866,9.999999999999998 32.8994202688262,36.1871016514387,9.999999999999998 32.8994388628774,36.1870588430108,9.999999999999998 32.8994625979307,36.1869880336951,9.999999999999998 32.8996190556708,36.1864210381122,9.999999999999998 32.8996378163654,36.1863409999805,9.999999999999998 32.8996417950875,36.1863191780766,9.999999999999998 32.8996501657339,36.1862601471839,9.999999999999998 32.8996560523039,36.1861788168491,9.999999999999998 32.8996554515506,36.1860973480923,9.999999999999998 32.8996483659991,36.1860160806062,9.999999999999998 32.8996362121844,36.1859421172185,9.999999999999998 32.8994167815818,36.1859711887119,9.999999999999998 32.899415592765,36.1859653910168,9.999999999999998 32.8993985019117,36.1858969475802,9.999999999999998 32.8993887228205,36.1858655093451,9.999999999999998 32.8993759976784,36.1858295409901,9.999999999999998 32.8993481739119,36.1857634523027,9.999999999999998 32.8989331881111,36.1848728985081,9.999999999999998 32.8989239846493,36.1848501476173,9.999999999999998 32.8989173002313,36.1848268258616,9.999999999999998 32.8989131872793,36.1848031161476,9.999999999999998 32.8989116780477,36.1847792044249,9.999999999999998 32.8989127843707,36.184755278227,9.999999999999998 32.8989164975693,36.1847315252011,9.999999999999998 32.8989227885196,36.1847081316355,9.999999999999998 32.8989316078811,36.1846852809997,9.999999999999998 32.8989428864838,36.1846631525046,9.999999999999998 32.898956535871,36.1846419196979,9.999999999999998 32.8989724489925,36.1846217491021,9.999999999999998 32.898990501045,36.1846027989092,9.999999999999998 32.8990105504501,36.1845852177397,9.999999999999998 32.8990324399654,36.1845691434772,9.999999999999998 32.8990559979174,36.1845547021871,9.999999999999998 32.8990810395476,36.1845420071279,9.999999999999998 32.8991073684621,36.1845311578626,9.999999999999998 32.8991347781715,36.1845222394787,9.999999999999998 32.89916305371,36.1845153219199,9.999999999999998 32.899191973322,36.1845104594385,9.999999999999998 32.8993660237172,36.1844876582539,9.999999999999998 32.8996952587378,36.1844445266351,9.999999999999998 32.8998832908176,36.1844198929591,9.999999999999998 32.8999224907367,36.1844141714851,9.999999999999998 32.8999008351246,36.1843257774424,9.999999999999998 32.8999386419267,36.184319071883,9.999999999999998 32.9000104371185,36.1843028390723,9.999999999999998 32.9000216640432,36.1842998718953,9.999999999999998 32.9000805423534,36.1842823184222,9.999999999999998 32.9001485685534,36.1842576238209,9.999999999999998 32.9002141381801,36.1842288923216,9.999999999999998 32.9002467323412,36.1842126221737,9.999999999999998 32.9002768873302,36.1841962833818,9.999999999999998 32.9004329902752,36.1841083426145,9.999999999999998 32.9004964298963,36.1841823482008,9.999999999999998 32.9005877196091,36.1841309198311,9.999999999999998 32.900651159394,36.1842049253353,9.999999999999998 32.9007424490323,36.1841534968477,9.999999999999998 32.9014727618447,36.1837420664179,9.999999999999998 32.9014093216582,36.1836680613427,9.999999999999998 32.901549468785,36.1835891068167,9.999999999999998 32.9016068676734,36.1835534532295,9.999999999999998 32.9015356053362,36.1834842833761,9.999999999999998 32.9015814077001,36.1834498398579,9.999999999999998 32.9016230339172,36.1834120734019,9.999999999999998 32.9016279872004,36.183407071533,9.999999999999998 32.901660118803,36.1833713153367,9.999999999999998 32.9016923370107,36.1833279232455,9.999999999999998 32.9017194059128,36.1832822777816,9.999999999999998 32.9017410880248,36.183234779423,9.999999999999998 32.9017473260336,36.183218860036,9.999999999999998 32.9019062508407,36.1832597866458,9.999999999999998 32.9019399070001,36.1831738956292,9.999999999999998 32.9020072190977,36.1830021135636,9.999999999999998 32.9021418424088,36.1826585493024,9.999999999999998 32.9020358932459,36.1826312651262,9.999999999999998 32.9021032046671,36.1824594829899,9.999999999999998 
					</coordinates>
				</LineString>
			</Placemark>
			<Placemark>
				<name>İsimsiz - 930</name>
				<visibility>0</visibility>
				<styleUrl>#default003</styleUrl>
				<Style>
					<LineStyle>
						<color>ff0000ff</color>
					</LineStyle>
					<PolyStyle>
						<color>ff0000ff</color>
					</PolyStyle>
				</Style>
				<LineString>
					<extrude>1</extrude>
					<tessellate>1</tessellate>
					<altitudeMode>relativeToGround</altitudeMode>
					<coordinates>
						32.8993887228205,36.1858655093451,9.999999999999998 32.8993759976784,36.1858295409901,9.999999999999998 32.8993481739119,36.1857634523027,9.999999999999998 32.8989331881111,36.1848728985081,9.999999999999998 32.8989239846493,36.1848501476173,9.999999999999998 32.8989173002313,36.1848268258616,9.999999999999998 32.8989131872793,36.1848031161476,9.999999999999998 32.8989116780477,36.1847792044249,9.999999999999998 32.8989127843707,36.184755278227,9.999999999999998 32.8989164975693,36.1847315252011,9.999999999999998 32.8989227885196,36.1847081316355,9.999999999999998 32.8989316078811,36.1846852809997,9.999999999999998 32.8989428864838,36.1846631525046,9.999999999999998 32.898956535871,36.1846419196979,9.999999999999998 32.8989724489925,36.1846217491021,9.999999999999998 32.898990501045,36.1846027989092,9.999999999999998 32.8990105504501,36.1845852177397,9.999999999999998 32.8990324399654,36.1845691434772,9.999999999999998 32.8990559979174,36.1845547021871,9.999999999999998 32.8990810395476,36.1845420071279,9.999999999999998 32.8991073684621,36.1845311578626,9.999999999999998 32.8991347781715,36.1845222394787,9.999999999999998 32.89916305371,36.1845153219199,9.999999999999998 32.899191973322,36.1845104594385,9.999999999999998 32.8993660237172,36.1844876582539,9.999999999999998 32.8996952587378,36.1844445266351,9.999999999999998 32.8998832908176,36.1844198929591,9.999999999999998 32.8999224907367,36.1844141714851,9.999999999999998 32.8999008351246,36.1843257774424,9.999999999999998 32.8999386419267,36.184319071883,9.999999999999998 32.9000104371185,36.1843028390723,9.999999999999998 32.9000216640432,36.1842998718953,9.999999999999998 32.9000805423534,36.1842823184222,9.999999999999998 32.9001485685534,36.1842576238209,9.999999999999998 32.9002141381801,36.1842288923216,9.999999999999998 32.9002467323412,36.1842126221737,9.999999999999998 32.9002768873302,36.1841962833818,9.999999999999998 32.9004329902752,36.1841083426145,9.999999999999998 32.9004964298963,36.1841823482008,9.999999999999998 32.9005877196091,36.1841309198311,9.999999999999998 32.900651159394,36.1842049253353,9.999999999999998 32.9007424490323,36.1841534968477,9.999999999999998 32.9014727618447,36.1837420664179,9.999999999999998 
					</coordinates>
				</LineString>
			</Placemark>
			<Placemark>
				<name>İsimsiz - 931</name>
				<visibility>0</visibility>
				<styleUrl>#default003</styleUrl>
				<Style>
					<LineStyle>
						<color>ff0000ff</color>
					</LineStyle>
					<PolyStyle>
						<color>ff0000ff</color>
					</PolyStyle>
				</Style>
				<LineString>
					<extrude>1</extrude>
					<tessellate>1</tessellate>
					<altitudeMode>relativeToGround</altitudeMode>
					<coordinates>
						32.8288469565822,36.209181861213,9.999999999999998 32.8289485771563,36.2092292732697,9.999999999999998 32.829064434499,36.2092609438328,9.999999999999998 32.8291974239415,36.2092765837071,9.999999999999998 32.829351071233,36.2092771875166,9.999999999999998 32.8295289021226,36.2092637498855,9.999999999999998 32.8297344423594,36.2092372654377,9.999999999999998 32.8299702219499,36.2091990389364,9.999999999999998 32.8302347879306,36.2091516157,9.999999999999998 32.8305256915958,36.2090978511862,9.999999999999998 32.8308404842396,36.2090406008525,9.999999999999998 32.8311767171559,36.2089827201563,9.999999999999998 32.8315316263809,36.2089264409977,9.999999999999998 32.8319011869181,36.2088715010466,9.999999999999998 32.8322810585129,36.2088170144153,9.999999999999998 32.8326669009109,36.208762095216,9.999999999999998 32.8330543738576,36.2087058575612,9.999999999999998 32.8334387524518,36.2086475067177,9.999999999999998 32.8338137732059,36.2085866125703,9.999999999999998 32.8341727879858,36.2085228361583,9.999999999999998 32.8345091486574,36.2084558385212,9.999999999999998 32.8348162070864,36.2083852806983,9.999999999999998 32.8350891946286,36.2083096533581,9.999999999999998 32.8353308605992,36.2082227656862,9.999999999999998 32.8355458338031,36.2081172564974,9.999999999999998 32.8357387430456,36.2079857646064,9.999999999999998 32.8359142171317,36.2078209288281,9.999999999999998 32.8360764237218,36.2076196393249,9.999999999999998 32.8362276858988,36.2073957916506,9.999999999999998 32.8363698656007,36.2071675327069,9.999999999999998 32.8365048247656,36.2069530093952,9.999999999999998 32.8366344253317,36.206770368617,9.999999999999998 32.8367602217888,36.2066333582262,9.999999999999998 32.836882538833,36.2065381298852,9.999999999999998 32.8370013937122,36.2064764362086,9.999999999999998 32.8371168036741,36.2064400298112,9.999999999999998 32.8372287859666,36.2064206633075,9.999999999999998 32.8373375806996,36.2064116657866,9.999999999999998 32.8374443194317,36.206412672235,9.999999999999998 32.8375503565835,36.2064248941138,9.999999999999998 32.8376570465758,36.2064495428839,9.999999999999998 32.8377657438291,36.2064878300062,9.999999999999998 32.8378776239206,36.2065399586784,9.999999999999998 32.837993147052,36.2066020990453,9.999999999999998 32.8381125945818,36.2066694129885,9.999999999999998 32.8382362478682,36.2067370623895,9.999999999999998 32.8383643882693,36.2068002091299,9.999999999999998 32.8384969562153,36.2068548393755,9.999999999999998 32.8386325284233,36.2069002364287,9.999999999999998 32.838769340682,36.2069365078762,9.999999999999998 32.8389056287805,36.2069637613045,9.999999999999998 32.8390396285076,36.2069821043005,9.999999999999998 32.8391698258671,36.2069909300142,9.999999999999998 32.8392957077235,36.2069867738498,9.999999999999998 32.8394170111559,36.2069654567751,9.999999999999998 32.8395334732438,36.2069227997578,9.999999999999998 32.8396448310662,36.2068546237655,9.999999999999998 32.8397511115164,36.2067588028438,9.999999999999998 32.8398535007416,36.2066414233488,9.999999999999998 32.839953474703,36.2065106247147,9.999999999999998 32.8400525093618,36.2063745463755,9.999999999999998 32.8401520806791,36.2062413277653,9.999999999999998 32.8402542054976,36.2061175409678,9.999999999999998 32.8403630641862,36.2060034886658,9.999999999999998 32.8404833779953,36.2058979061915,9.999999999999998 32.8406198681754,36.2057995288774,9.999999999999998 32.840777255977,36.2057070920559,9.999999999999998 32.8409580665326,36.2056200965014,9.999999999999998 32.8411560405028,36.2055411047561,9.999999999999998 32.8413627224302,36.2054734448044,9.999999999999998 32.8415696568576,36.2054204446306,9.999999999999998 32.8417683883275,36.2053854322189,9.999999999999998 32.8419525439719,36.2053705550595,9.999999999999998 32.8421240812801,36.2053732386657,9.999999999999998 32.8422870403305,36.2053897280567,9.999999999999998 32.8424454612017,36.2054162682517,9.999999999999998 32.8426033839722,36.20544910427,9.999999999999998 32.8427651619711,36.2054856080022,9.999999999999998 32.8429364015289,36.2055276588254,9.999999999999998 32.8431230222271,36.2055782629882,9.999999999999998 32.8433309436467,36.2056404267391,9.999999999999998 32.8435660853689,36.2057171563267,9.999999999999998 32.8438317476008,36.2058101563294,9.999999999999998 32.8441207530524,36.2059159246445,9.999999999999998 32.8444233050595,36.2060296574993,9.999999999999998 32.8447296069577,36.2061465511209,9.999999999999998 32.8450298620831,36.2062618017365,9.999999999999998 32.8453175463373,36.2063722086773,9.999999999999998 32.8455992258865,36.2064809836897,9.999999999999998 32.8458847394627,36.2065929416243,9.999999999999998 32.846183925798,36.2067128973316,9.999999999999998 32.8465066236246,36.2068456656622,9.999999999999998 32.846859076484,36.2069921977885,9.999999999999998 32.8472331471566,36.2071379901713,9.999999999999998 32.8476171032321,36.2072646755933,9.999999999999998 32.8479992123005,36.2073538868373,9.999999999999998 32.8483677419514,36.207387256686,9.999999999999998 32.8487125286178,36.2073527741081,9.999999999999998 32.8490296841042,36.2072638528168,9.999999999999998 32.8493168890584,36.2071402627108,9.999999999999998 32.8495718241279,36.2070017736893,9.999999999999998 32.8497921699605,36.2068681556512,9.999999999999998 32.8499770104847,36.2067552084275,9.999999999999998 32.850131042753,36.2066628515773,9.999999999999998 32.850260367099,36.2065870345917,9.999999999999998 32.8503710838561,36.2065237069617,9.999999999999998 32.8520906419574,36.2033110964173,9.999999999999998 32.8522289582084,36.2032234776245,9.999999999999998 32.8523894999526,36.2031387984133,9.999999999999998 32.8525657430355,36.2030598234834,9.999999999999998 32.8527511633024,36.2029893175349,9.999999999999998 32.8529392365987,36.2029300452674,9.999999999999998 32.8531242789696,36.2028835686709,9.999999999999998 32.8533039672605,36.2028466388961,9.999999999999998 32.8534768185163,36.2028148043837,9.999999999999998 32.8536413497821,36.2027836135744,9.999999999999998 32.853796078103,36.2027486149092,9.999999999999998 32.8539399632662,36.2027062611173,9.999999999999998 32.8540737360273,36.2026566220829,9.999999999999998 32.8541985698838,36.2026006719784,9.999999999999998 32.8543156383333,36.2025393849767,9.999999999999998 32.8544261148735,36.2024737352504,9.999999999999998 32.8545312972183,36.2024045913629,9.999999999999998 32.8546329799473,36.2023323994412,9.999999999999998 32.8547330818564,36.2022575000032,9.999999999999998 32.8548335217414,36.2021802335666,9.999999999999998 32.8549362183982,36.2021009406493,9.999999999999998 32.8550425065337,36.2020199159691,9.999999999999998 32.8551513844981,36.2019372710441,9.999999999999998 32.8552612665525,36.2018530715924,9.999999999999998 32.8553705669582,36.201767383332,9.999999999999998 32.8554776999764,36.2016802719811,9.999999999999998 32.8555810792561,36.2015921414473,9.999999999999998 32.8568942672679,36.1983159317928,9.999999999999998 32.856918213847,36.1982030399233,9.999999999999998 32.8569520968141,36.1980868456869,9.999999999999998 32.8569961594639,36.1979712046944,9.999999999999998 32.857050632638,36.1978591721647,9.999999999999998 32.8571156973662,36.1977506017479,9.999999999999998 32.8571915222254,36.1976445467022,9.999999999999998 32.8572782757924,36.1975400602855,9.999999999999998 32.8573761266441,36.1974361957559,9.999999999999998 32.8574851737523,36.197332040105,9.999999999999998 32.8576052376684,36.1972268152579,9.999999999999998 32.8577360693386,36.197119776873,9.999999999999998 32.8578774197093,36.197010180609,9.999999999999998 32.8580290397267,36.1968972821244,9.999999999999998 32.8581901788691,36.1967807761321,9.999999999999998 32.8583580807434,36.1966621135622,9.999999999999998 32.8585294874884,36.1965431843994,9.999999999999998 32.8587011412429,36.1964258786281,9.999999999999998 32.8588697841458,36.196312086233,9.999999999999998 32.8590322043077,36.1962026263404,9.999999999999998 32.8591853737266,36.1960940346435,9.999999999999998 32.8593263103721,36.1959817759774,9.999999999999998 32.8594520322139,36.1958613151773,9.999999999999998 32.8595595572218,36.1957281170782,9.999999999999998 32.8596479051716,36.1955794487597,9.999999999999998 32.8597241030647,36.1954197862796,9.999999999999998 32.8597971797085,36.1952554079403,9.999999999999998 32.8598761639107,36.1950925920441,9.999999999999998 32.8599700844787,36.1949376168933,9.999999999999998 32.8600853882834,36.1947953185945,9.999999999999998 32.8602181944488,36.1946647644704,9.999999999999998 32.8603620401625,36.1945435796482,9.999999999999998 32.8605104626118,36.1944293892548,9.999999999999998 32.8606569989841,36.1943198184172,9.999999999999998 32.8607965765041,36.1942133472238,9.999999999999998 32.8609296825457,36.1941118756086,9.999999999999998 32.8610581945201,36.1940181584668,9.999999999999998 32.8611839898383,36.1939349506937,9.999999999999998 32.8613089459116,36.1938650071847,9.999999999999998 32.8614351214966,36.1938094888347,9.999999999999998 32.8615653007324,36.1937631805368,9.999999999999998 32.8617024491036,36.1937192731839,9.999999999999998 32.8618495320947,36.1936709576689,9.999999999999998 32.8620095151903,36.1936114248846,9.999999999999998 32.8621836844455,36.1935359489204,9.999999999999998 32.8623666081969,36.1934481366527,9.999999999999998 32.8625511753516,36.1933536781545,9.999999999999998 32.8627302748167,36.1932582634986,9.999999999999998 32.8628967954995,36.1931675827582,9.999999999999998 32.8630460322867,36.1930864890223,9.999999999999998 32.8631829039843,36.1930164874455,9.999999999999998 32.863314735378,36.1929582461985,9.999999999999998 32.8634488512535,36.1929124334521,9.999999999999998 32.8635925763965,36.1928797173769,9.999999999999998 32.8637511769087,36.1928600055771,9.999999999999998 32.8639216841552,36.1928501633911,9.999999999999998 32.8640990708171,36.1928462955905,9.999999999999998 32.8642783095757,36.192844506947,9.999999999999998 32.8644543731121,36.1928409022324,9.999999999999998 32.8646243471836,36.1928322576191,9.999999999999998 32.8647937698535,36.1928180348824,9.999999999999998 32.8649702922612,36.1927983671986,9.999999999999998 32.865161565546,36.1927733877436,9.999999999999998 32.8653752408475,36.1927432296936,9.999999999999998 32.8656155666121,36.192707720025,9.999999999999998 32.8658731805144,36.1926654609152,9.999999999999998 32.8661353175364,36.192614748342,9.999999999999998 32.8663892126596,36.1925538782832,9.999999999999998 32.8666221008659,36.1924811467165,9.999999999999998 32.8668240250316,36.1923957656777,9.999999999999998 32.8669962596112,36.1923006114343,9.999999999999998 32.8671428869539,36.1921994763119,9.999999999999998 32.8672679894087,36.192096152636,9.999999999999998 32.867375649325,36.191994432732,9.999999999999998 32.8677119712809,36.1915114797348,9.999999999999998 32.8677400508516,36.1914032346014,9.999999999999998 32.867754882458,36.1912834764523,9.999999999999998 32.8677561398033,36.1911478084948,9.999999999999998 32.8677434965907,36.1909918339364,9.999999999999998 32.8677166265235,36.1908111559842,9.999999999999998 32.867677855778,36.1906035677165,9.999999999999998 32.8676401204222,36.1903756216943,9.999999999999998 32.8676190089972,36.1901360603498,9.999999999999998 32.8676301100441,36.1898936261147,9.999999999999998 32.8676890121038,36.1896570614212,9.999999999999998 32.8678063212121,36.1894333931808,9.999999999999998 32.8679727133825,36.1892227862245,9.999999999999998 32.8681738821232,36.1890236898626,9.999999999999998 32.8683955209426,36.1888345534059,9.999999999999998 32.8686233233487,36.1886538261648,9.999999999999998 32.8688460539106,36.1884805603239,9.999999999999998 32.8690647614405,36.1883162195632,9.999999999999998 32.8692835658113,36.188162870437,9.999999999999998 32.8695065868962,36.1880225794995,9.999999999999998 32.8697379445679,36.1878974133047,9.999999999999998 32.8699800462905,36.1877885752487,9.999999999999998 32.8702284498909,36.1876938160946,9.999999999999998 32.8704770007871,36.1876100234475,9.999999999999998 32.870719544397,36.1875340849124,9.999999999999998 32.8709499261385,36.1874628880945,9.999999999999998 32.8711638078926,36.1873942250671,9.999999999999998 32.871364117393,36.1873295057779,9.999999999999998 32.8715555988361,36.1872710446431,9.999999999999998 32.8717429964188,36.1872211560787,9.999999999999998 32.8719310543377,36.1871821545007,9.999999999999998 32.8721232296778,36.1871553632487,9.999999999999998 32.8723178310782,36.187138141355,9.999999999999998 32.8725118800665,36.1871268567754,9.999999999999998 32.8727023981702,36.1871178774657,9.999999999999998 32.8728864069167,36.1871075713816,9.999999999999998 32.8730618985906,36.1870931872386,9.999999999999998 32.8732307485046,36.1870754967903,9.999999999999998 32.8733958027281,36.18705615255,9.999999999999998 32.873559907331,36.1870368070311,9.999999999999998 32.8737259083828,36.1870191127468,9.999999999999998 32.8738956581288,36.1870041163494,9.999999999999998 32.8740670335177,36.1869904410462,9.999999999999998 32.8742369176734,36.1869761041834,9.999999999999998 32.8744021937204,36.1869591231073,9.999999999999998 32.8745597447827,36.186937515164,9.999999999999998 32.8747071541869,36.1869097199739,9.999999999999998 32.8748448060687,36.1868758662534,9.999999999999998 32.8749737847662,36.1868365049931,9.999999999999998 32.8750951746175,36.1867921871838,9.999999999999998 32.8752100599605,36.1867434638159,9.999999999999998 32.8753197972741,36.1866903546546,9.999999999999998 32.8754268316003,36.1866307545626,9.999999999999998 32.8755338801217,36.1865620271775,9.999999999999998 32.875643660021,36.1864815361364,9.999999999999998 32.875758888481,36.1863866450768,9.999999999999998 32.8758810153268,36.1862755227415,9.999999999999998 32.876006420953,36.1861495582952,9.999999999999998 32.876130218397,36.1860109460083,9.999999999999998 32.8762475206957,36.1858618801512,9.999999999999998 32.8763534408865,36.1857045549941,9.999999999999998 32.8764445011739,36.1855412395758,9.999999999999998 32.8765228604326,36.1853745020091,9.999999999999998 32.8765920867048,36.1852069851751,9.999999999999998 32.8766557480326,36.185041331955,9.999999999999998 32.8767174124582,36.1848801852298,9.999999999999998 32.8767800451115,36.1847261994746,9.999999999999998 32.876844199474,36.1845820755398,9.999999999999998 32.8769098261146,36.1844505258693,9.999999999999998 32.8769768756025,36.1843342629074,9.999999999999998 32.8778027849059,36.1836960626393,9.999999999999998 32.8779270459115,36.1836283496859,9.999999999999998 32.8780657172114,36.183556561712,9.999999999999998 32.8782123782055,36.1834830673211,9.999999999999998 32.878360608294,36.1834102351167,9.999999999999998 32.8785039868768,36.1833404337026,9.999999999999998 32.878638220125,36.1832757394377,9.999999999999998 32.8787675212935,36.1832170597038,9.999999999999998 32.8788982304081,36.1831650096377,9.999999999999998 32.8790366874946,36.1831202043766,9.999999999999998 32.8791892325789,36.1830832590576,9.999999999999998 32.8793602602806,36.1830538850191,9.999999999999998 32.8795463835939,36.1830281784053,9.999999999999998 32.8797422701072,36.1830013315616,9.999999999999998 32.8799425874084,36.1829685368335,9.999999999999998 32.8801420030856,36.1829249865665,9.999999999999998 32.8803359055512,36.1828673618687,9.999999999999998 32.8805225665138,36.1827982988981,9.999999999999998 32.8807009785064,36.1827219225753,9.999999999999998 32.8808701340618,36.1826423578211,9.999999999999998 32.8810290257128,36.182563729556,9.999999999999998 32.8811767585273,36.1824893173443,9.999999999999998 32.8813128877131,36.1824190193254,9.999999999999998 32.8814370810129,36.1823518882821,9.999999999999998 32.8815490061696,36.1822869769974,9.999999999999998 32.8824626992686,36.1813299163023,9.999999999999998 32.8825759099418,36.181259177015,9.999999999999998 32.8827014637091,36.181191493398,9.999999999999998 32.8828378992425,36.1811277094635,9.999999999999998 32.882980585882,36.1810679897799,9.999999999999998 32.8831241006344,36.1810123290544,9.999999999999998 32.8832630205067,36.1809607219945,9.999999999999998 32.8833919225057,36.1809131633074,9.999999999999998 32.8835067325055,36.1808696039274,9.999999999999998 32.8836087718492,36.180829819696,9.999999999999998 32.8843864329484,36.1805635628258,9.999999999999998 32.8844996443167,36.1805283201707,9.999999999999998 32.8846206191768,36.1804899735757,9.999999999999998 32.88474802242,36.1804486570077,9.999999999999998 32.8848805189373,36.1804045044338,9.999999999999998 32.8850162687576,36.1803574088557,9.999999999999998 32.885151412461,36.180306299414,9.999999999999998 32.8852815857655,36.1802498642842,9.999999999999998 32.885402424389,36.1801867916417,9.999999999999998 32.8855095640493,36.1801157696619,9.999999999999998 32.8873371769222,36.179014163552,9.999999999999998 32.887446267411,36.1790049552116,9.999999999999998 32.8875560772665,36.1789954413937,9.999999999999998 32.8876608615942,36.1789861061318,9.999999999999998 
					</coordinates>
				</LineString>
			</Placemark>
			<Placemark>
				<name>İsimsiz - 939</name>
				<visibility>0</visibility>
				<styleUrl>#default003</styleUrl>
				<Style>
					<LineStyle>
						<color>ff0000ff</color>
					</LineStyle>
					<PolyStyle>
						<color>ff0000ff</color>
					</PolyStyle>
				</Style>
				<LineString>
					<extrude>1</extrude>
					<tessellate>1</tessellate>
					<altitudeMode>relativeToGround</altitudeMode>
					<coordinates>
						32.8993887228205,36.1858655093451,9.999999999999998 32.8993759976784,36.1858295409901,9.999999999999998 32.8993481739119,36.1857634523027,9.999999999999998 32.8989331881111,36.1848728985081,9.999999999999998 32.8989239846493,36.1848501476173,9.999999999999998 32.8989173002313,36.1848268258616,9.999999999999998 32.8989131872793,36.1848031161476,9.999999999999998 32.8989116780477,36.1847792044249,9.999999999999998 32.8989127843707,36.184755278227,9.999999999999998 32.8989164975693,36.1847315252011,9.999999999999998 32.8989227885196,36.1847081316355,9.999999999999998 32.8989316078811,36.1846852809997,9.999999999999998 32.8989428864838,36.1846631525046,9.999999999999998 32.898956535871,36.1846419196979,9.999999999999998 32.8989724489925,36.1846217491021,9.999999999999998 32.898990501045,36.1846027989092,9.999999999999998 32.8990105504501,36.1845852177397,9.999999999999998 32.8990324399654,36.1845691434772,9.999999999999998 32.8990559979174,36.1845547021871,9.999999999999998 32.8990810395476,36.1845420071279,9.999999999999998 32.8991073684621,36.1845311578626,9.999999999999998 32.8991347781715,36.1845222394787,9.999999999999998 32.89916305371,36.1845153219199,9.999999999999998 32.899191973322,36.1845104594385,9.999999999999998 32.8993660237172,36.1844876582539,9.999999999999998 32.8996952587378,36.1844445266351,9.999999999999998 32.8998832908176,36.1844198929591,9.999999999999998 32.8999224907367,36.1844141714851,9.999999999999998 32.8999008351246,36.1843257774424,9.999999999999998 32.8999386419267,36.184319071883,9.999999999999998 32.9000104371185,36.1843028390723,9.999999999999998 32.9000216640432,36.1842998718953,9.999999999999998 32.9000805423534,36.1842823184222,9.999999999999998 32.9001485685534,36.1842576238209,9.999999999999998 32.9002141381801,36.1842288923216,9.999999999999998 32.9002467323412,36.1842126221737,9.999999999999998 32.9002768873302,36.1841962833818,9.999999999999998 32.9004329902752,36.1841083426145,9.999999999999998 32.9004964298963,36.1841823482008,9.999999999999998 32.9005877196091,36.1841309198311,9.999999999999998 32.900651159394,36.1842049253353,9.999999999999998 32.9007424490323,36.1841534968477,9.999999999999998 32.9014727618447,36.1837420664179,9.999999999999998 
					</coordinates>
				</LineString>
			</Placemark>
			<Placemark>
				<name>İsimsiz - 940</name>
				<visibility>0</visibility>
				<styleUrl>#default003</styleUrl>
				<Style>
					<LineStyle>
						<color>ff0000ff</color>
					</LineStyle>
					<PolyStyle>
						<color>ff0000ff</color>
					</PolyStyle>
				</Style>
				<LineString>
					<extrude>1</extrude>
					<tessellate>1</tessellate>
					<altitudeMode>relativeToGround</altitudeMode>
					<coordinates>
						32.8228911288372,36.2212313604488,9.999999999999998 32.8223777977621,36.220916473591,9.999999999999998 32.8228911288372,36.2212313604488,9.999999999999998 32.8229065770336,36.221965878382,9.999999999999998 32.822904391111,36.2229359628338,9.999999999999998 32.823448373624,36.2244196147796,9.999999999999998 32.8248843273496,36.2247681848091,9.999999999999998 32.8263042006673,36.224659387368,9.999999999999998 32.8282032825452,36.2244126781825,9.999999999999998 32.8288372127054,36.2239146845862,9.999999999999998 
					</coordinates>
				</LineString>
			</Placemark>
			<Placemark>
				<name>Ş477</name>
				<visibility>0</visibility>
				<styleUrl>#default003</styleUrl>
				<Style>
					<LineStyle>
						<color>ff0000ff</color>
					</LineStyle>
					<PolyStyle>
						<color>ff0000ff</color>
					</PolyStyle>
				</Style>
				<LineString>
					<extrude>1</extrude>
					<tessellate>1</tessellate>
					<altitudeMode>relativeToGround</altitudeMode>
					<coordinates>
						32.8212930214064,36.2149578570234,9.999999999999998 32.8212366563446,36.2150019851257,9.999999999999998 32.8211799406341,36.2150469418374,9.999999999999998 32.8211221427656,36.2150944557715,9.999999999999998 32.8210613558313,36.2151490330966,9.999999999999998 32.8209924263164,36.2152228519633,9.999999999999998 32.8209084949782,36.2153321630583,9.999999999999998 32.820816386065,36.2154611027233,9.999999999999998 32.8207211800883,36.2155983002115,9.999999999999998 32.8206245936493,36.2157413541036,9.999999999999998 32.8205268439442,36.2158942239797,9.999999999999998 32.8204273131634,36.2160643934768,9.999999999999998 32.8203272730909,36.2162431746758,9.999999999999998 32.8202278708262,36.2164240956705,9.999999999999998 32.820130946231,36.2166030087175,9.999999999999998 32.8200410303157,36.2167735851189,9.999999999999998 32.8199641068896,36.2169283565677,9.999999999999998 32.8198943988973,36.2170739728693,9.999999999999998 32.8198278066503,36.2172150551958,9.999999999999998 32.819763614662,36.2173513000908,9.999999999999998 32.8197037145139,36.2174771498677,9.999999999999998 32.8196514555868,36.2175841599878,9.999999999999998 32.819603185174,36.2176811506622,9.999999999999998 32.8195563789079,36.2177744632913,9.999999999999998 32.8195101027197,36.2178664443249,9.999999999999998 32.8194639982912,36.2179579938854,9.999999999999998 
					</coordinates>
				</LineString>
			</Placemark>
			<Placemark>
				<name>Ş477</name>
				<visibility>0</visibility>
				<styleUrl>#default003</styleUrl>
				<Style>
					<LineStyle>
						<color>ff0000ff</color>
					</LineStyle>
					<PolyStyle>
						<color>ff0000ff</color>
					</PolyStyle>
				</Style>
				<LineString>
					<extrude>1</extrude>
					<tessellate>1</tessellate>
					<altitudeMode>relativeToGround</altitudeMode>
					<coordinates>
						32.8212930214064,36.2149578570234,9.999999999999998 32.8212366563446,36.2150019851257,9.999999999999998 32.8211799406341,36.2150469418374,9.999999999999998 32.8211221427656,36.2150944557715,9.999999999999998 32.8210613558313,36.2151490330966,9.999999999999998 32.8209924263164,36.2152228519633,9.999999999999998 32.8209084949782,36.2153321630583,9.999999999999998 32.820816386065,36.2154611027233,9.999999999999998 32.8207211800883,36.2155983002115,9.999999999999998 32.8206245936493,36.2157413541036,9.999999999999998 32.8205268439442,36.2158942239797,9.999999999999998 32.8204273131634,36.2160643934768,9.999999999999998 32.8203272730909,36.2162431746758,9.999999999999998 32.8202278708262,36.2164240956705,9.999999999999998 32.820130946231,36.2166030087175,9.999999999999998 32.8200410303157,36.2167735851189,9.999999999999998 32.8199641068896,36.2169283565677,9.999999999999998 32.8198943988973,36.2170739728693,9.999999999999998 32.8198278066503,36.2172150551958,9.999999999999998 32.819763614662,36.2173513000908,9.999999999999998 32.8197037145139,36.2174771498677,9.999999999999998 32.8196514555868,36.2175841599878,9.999999999999998 32.819603185174,36.2176811506622,9.999999999999998 32.8195563789079,36.2177744632913,9.999999999999998 32.8195101027197,36.2178664443249,9.999999999999998 32.8194639982912,36.2179579938854,9.999999999999998 
					</coordinates>
				</LineString>
			</Placemark>
			<Placemark>
				<name>TESCİL_HAR</name>
				<visibility>0</visibility>
				<styleUrl>#default003</styleUrl>
				<Style>
					<LineStyle>
						<color>ff0000ff</color>
					</LineStyle>
					<PolyStyle>
						<color>ff0000ff</color>
					</PolyStyle>
				</Style>
				<LineString>
					<extrude>1</extrude>
					<tessellate>1</tessellate>
					<altitudeMode>relativeToGround</altitudeMode>
					<coordinates>
						32.8914507190935,36.1948298575932,9.999999999999998 32.8914594673969,36.1948285593542,9.999999999999998 32.8914680869836,36.1948269295053,9.999999999999998 32.8914763093303,36.1948242762556,9.999999999999998 32.8914834344473,36.1948187962372,9.999999999999998 32.8914875705765,36.194805615756,9.999999999999998 32.8914862008014,36.1947782637526,9.999999999999998 32.8914818363373,36.1947432929122,9.999999999999998 32.8914763570393,36.1947057472136,9.999999999999998 32.8914704318662,36.1946678739243,9.999999999999998 32.8914642454766,36.1946315644969,9.999999999999998 32.8914576984659,36.1945984143075,9.999999999999998 32.8914510368024,36.1945669119168,9.999999999999998 32.8914443815842,36.1945353409781,9.999999999999998 32.8914378609042,36.1945019106913,9.999999999999998 32.8914317489807,36.1944628107049,9.999999999999998 32.8914263968587,36.1944131894797,9.999999999999998 32.8914214595547,36.1943579578363,9.999999999999998 32.8914166754936,36.1943010497972,9.999999999999998 32.891411949539,36.1942445785492,9.999999999999998 32.89140724966,36.1941911317058,9.999999999999998 32.891402989736,36.1941474096726,9.999999999999998 
					</coordinates>
				</LineString>
			</Placemark>
			<Placemark>
				<name>TESCİL_HAR</name>
				<visibility>0</visibility>
				<styleUrl>#default003</styleUrl>
				<Style>
					<LineStyle>
						<color>ff0000ff</color>
					</LineStyle>
					<PolyStyle>
						<color>ff0000ff</color>
					</PolyStyle>
				</Style>
				<LineString>
					<extrude>1</extrude>
					<tessellate>1</tessellate>
					<altitudeMode>relativeToGround</altitudeMode>
					<coordinates>
						32.8793894035338,36.2023203485375,9.999999999999998 32.8793893983882,36.2023203423805,9.999999999999998 32.8793893932416,36.2023203362219,9.999999999999998 32.8793893880922,36.2023203300582,9.999999999999998 32.8793893829352,36.2023203238807,9.999999999999998 32.879389377757,36.2023203176653,9.999999999999998 32.8793893725398,36.2023203113796,9.999999999999998 32.8793893672987,36.202320305051,9.999999999999998 32.8793893620412,36.202320298693,9.999999999999998 32.879389356757,36.2023202922869,9.999999999999998 32.8793893514068,36.2023202857619,9.999999999999998 32.8793893459343,36.2023202790173,9.999999999999998 32.8793893403892,36.2023202721419,9.999999999999998 32.8793893347967,36.2023202651814,9.999999999999998 32.8793893291311,36.2023202580892,9.999999999999998 32.8793893232867,36.2023202506758,9.999999999999998 32.8793893171122,36.2023202426685,9.999999999999998 32.8793893107397,36.2023202343053,9.999999999999998 32.8793893042344,36.2023202257031,9.999999999999998 32.8793892975171,36.2023202167197,9.999999999999998 32.8793892902783,36.2023202067986,9.999999999999998 32.8793892820776,36.2023201951477,9.999999999999998 32.8793892733156,36.2023201824874,9.999999999999998 32.8793892642185,36.2023201692243,9.999999999999998 32.8793892546483,36.2023201551104,9.999999999999998 32.8793892439534,36.2023201389735,9.999999999999998 32.8793892311999,36.2023201191339,9.999999999999998 32.8793892173206,36.2023200972691,9.999999999999998 32.879389202965,36.2023200745469,9.999999999999998 32.8793891882649,36.2023200512036,9.999999999999998 32.8793891729783,36.2023200268006,9.999999999999998 32.8793891566513,36.2023200005178,9.999999999999998 32.8793891397732,36.2023199732386,9.999999999999998 32.8793891226602,36.2023199455332,9.999999999999998 32.8793891053733,36.2023199175088,9.999999999999998 32.8793890877847,36.2023198889264,9.999999999999998 32.8793890696589,36.202319859349,9.999999999999998 32.879389051241,36.2023198292294,9.999999999999998 32.8793890326788,36.2023197988398,9.999999999999998 32.8793890139634,36.2023197681591,9.999999999999998 32.8793889949194,36.20231973685,9.999999999999998 32.8793889752738,36.2023197043898,9.999999999999998 32.8793889552672,36.2023196712371,9.999999999999998 32.8793889350069,36.2023196375952,9.999999999999998 32.8793889143252,36.2023196031361,9.999999999999998 32.8793888925961,36.2023195666444,9.999999999999998 32.8793888925961,36.2023195666444,9.999999999999998 32.8793888689465,36.2023195264251,9.999999999999998 32.8793888442632,36.2023194841992,9.999999999999998 32.8793888192004,36.2023194412367,9.999999999999998 32.8793887940003,36.2023193980076,9.999999999999998 32.8793887687557,36.202319354692,9.999999999999998 32.8793887687557,36.202319354692,9.999999999999998 
					</coordinates>
				</LineString>
			</Placemark>
			<Placemark>
				<name>TESCİL_HAR</name>
				<visibility>0</visibility>
				<styleUrl>#default003</styleUrl>
				<Style>
					<LineStyle>
						<color>ff0000ff</color>
					</LineStyle>
					<PolyStyle>
						<color>ff0000ff</color>
					</PolyStyle>
				</Style>
				<LineString>
					<extrude>1</extrude>
					<tessellate>1</tessellate>
					<altitudeMode>relativeToGround</altitudeMode>
					<coordinates>
						32.8793894035338,36.2023203485375,9.999999999999998 32.8793893983882,36.2023203423805,9.999999999999998 32.8793893932416,36.2023203362219,9.999999999999998 32.8793893880922,36.2023203300582,9.999999999999998 32.8793893829352,36.2023203238807,9.999999999999998 32.879389377757,36.2023203176653,9.999999999999998 32.8793893725398,36.2023203113796,9.999999999999998 32.8793893672987,36.202320305051,9.999999999999998 32.8793893620412,36.202320298693,9.999999999999998 32.879389356757,36.2023202922869,9.999999999999998 32.8793893514068,36.2023202857619,9.999999999999998 32.8793893459343,36.2023202790173,9.999999999999998 32.8793893403892,36.2023202721419,9.999999999999998 32.8793893347967,36.2023202651814,9.999999999999998 32.8793893291311,36.2023202580892,9.999999999999998 32.8793893232867,36.2023202506758,9.999999999999998 32.8793893171122,36.2023202426685,9.999999999999998 32.8793893107397,36.2023202343053,9.999999999999998 32.8793893042344,36.2023202257031,9.999999999999998 32.8793892975171,36.2023202167197,9.999999999999998 32.8793892902783,36.2023202067986,9.999999999999998 32.8793892820776,36.2023201951477,9.999999999999998 32.8793892733156,36.2023201824874,9.999999999999998 32.8793892642185,36.2023201692243,9.999999999999998 32.8793892546483,36.2023201551104,9.999999999999998 32.8793892439534,36.2023201389735,9.999999999999998 32.8793892311999,36.2023201191339,9.999999999999998 32.8793892173206,36.2023200972691,9.999999999999998 32.879389202965,36.2023200745469,9.999999999999998 32.8793891882649,36.2023200512036,9.999999999999998 32.8793891729783,36.2023200268006,9.999999999999998 32.8793891566513,36.2023200005178,9.999999999999998 32.8793891397732,36.2023199732386,9.999999999999998 32.8793891226602,36.2023199455332,9.999999999999998 32.8793891053733,36.2023199175088,9.999999999999998 32.8793890877847,36.2023198889264,9.999999999999998 32.8793890696589,36.202319859349,9.999999999999998 32.879389051241,36.2023198292294,9.999999999999998 32.8793890326788,36.2023197988398,9.999999999999998 32.8793890139634,36.2023197681591,9.999999999999998 32.8793889949194,36.20231973685,9.999999999999998 32.8793889752738,36.2023197043898,9.999999999999998 32.8793889552672,36.2023196712371,9.999999999999998 32.8793889350069,36.2023196375952,9.999999999999998 32.8793889143252,36.2023196031361,9.999999999999998 32.8793888925961,36.2023195666444,9.999999999999998 32.8793888925961,36.2023195666444,9.999999999999998 32.8793888689465,36.2023195264251,9.999999999999998 32.8793888442632,36.2023194841992,9.999999999999998 32.8793888192004,36.2023194412367,9.999999999999998 32.8793887940003,36.2023193980076,9.999999999999998 32.8793887687557,36.202319354692,9.999999999999998 32.8793887687557,36.202319354692,9.999999999999998 
					</coordinates>
				</LineString>
			</Placemark>
			<Placemark>
				<name>TESCİL_HAR</name>
				<visibility>0</visibility>
				<styleUrl>#default003</styleUrl>
				<Style>
					<LineStyle>
						<color>ff0000ff</color>
					</LineStyle>
					<PolyStyle>
						<color>ff0000ff</color>
					</PolyStyle>
				</Style>
				<LineString>
					<extrude>1</extrude>
					<tessellate>1</tessellate>
					<altitudeMode>relativeToGround</altitudeMode>
					<coordinates>
						32.8914507190935,36.1948298575932,9.999999999999998 32.8914594673969,36.1948285593542,9.999999999999998 32.8914680869836,36.1948269295053,9.999999999999998 32.8914763093303,36.1948242762556,9.999999999999998 32.8914834344473,36.1948187962372,9.999999999999998 32.8914875705765,36.194805615756,9.999999999999998 32.8914862008014,36.1947782637526,9.999999999999998 32.8914818363373,36.1947432929122,9.999999999999998 32.8914763570393,36.1947057472136,9.999999999999998 32.8914704318662,36.1946678739243,9.999999999999998 32.8914642454766,36.1946315644969,9.999999999999998 32.8914576984659,36.1945984143075,9.999999999999998 32.8914510368024,36.1945669119168,9.999999999999998 32.8914443815842,36.1945353409781,9.999999999999998 32.8914378609042,36.1945019106913,9.999999999999998 32.8914317489807,36.1944628107049,9.999999999999998 32.8914263968587,36.1944131894797,9.999999999999998 32.8914214595547,36.1943579578363,9.999999999999998 32.8914166754936,36.1943010497972,9.999999999999998 32.891411949539,36.1942445785492,9.999999999999998 32.89140724966,36.1941911317058,9.999999999999998 32.891402989736,36.1941474096726,9.999999999999998 
					</coordinates>
				</LineString>
			</Placemark>
			<Placemark>
				<name>TH10/2</name>
				<visibility>0</visibility>
				<styleUrl>#default003</styleUrl>
				<Style>
					<LineStyle>
						<color>ff0000ff</color>
					</LineStyle>
					<PolyStyle>
						<color>ff0000ff</color>
					</PolyStyle>
				</Style>
				<LineString>
					<extrude>1</extrude>
					<tessellate>1</tessellate>
					<altitudeMode>relativeToGround</altitudeMode>
					<coordinates>
					</coordinates>
				</LineString>
			</Placemark>
			<Placemark>
				<name>TH10/3</name>
				<visibility>0</visibility>
				<styleUrl>#default003</styleUrl>
				<Style>
					<LineStyle>
						<color>ff0000ff</color>
					</LineStyle>
					<PolyStyle>
						<color>ff0000ff</color>
					</PolyStyle>
				</Style>
				<LineString>
					<extrude>1</extrude>
					<tessellate>1</tessellate>
					<altitudeMode>relativeToGround</altitudeMode>
					<coordinates>
					</coordinates>
				</LineString>
			</Placemark>
		</Folder>
	</Folder>
</Document>
</kml>
