<?xml version="1.0" encoding="UTF-8"?>
<kml xmlns="http://www.opengis.net/kml/2.2" xmlns:gx="http://www.google.com/kml/ext/2.2" xmlns:kml="http://www.opengis.net/kml/2.2" xmlns:atom="http://www.w3.org/2005/Atom">
<Document id="ONAYLI_İMAR_ALANI" xsi:schemaLocation="http://www.opengis.net/kml/2.2 http://schemas.opengis.net/kml/2.2.0/ogckml22.xsd http://www.google.com/kml/ext/2.2 http://code.google.com/apis/kml/schema/kml22gx.xsd">
	<name>ONAYLI_İMAR_ALANI_MERSİN</name>
	<visibility>0</visibility>
	<Snippet maxLines="0"></Snippet>
	<Style id="PolyStyle00320">
		<LabelStyle>
			<color>00000000</color>
			<scale>0</scale>
		</LabelStyle>
		<LineStyle>
			<color>ff000000</color>
			<width>1.5</width>
		</LineStyle>
		<PolyStyle>
			<color>800070a8</color>
		</PolyStyle>
	</Style>
	<Style id="PolyStyle003200">
		<LabelStyle>
			<color>00000000</color>
			<scale>0</scale>
		</LabelStyle>
		<LineStyle>
			<color>ff000000</color>
			<width>1.5</width>
		</LineStyle>
		<PolyStyle>
			<color>800070a8</color>
		</PolyStyle>
	</Style>
	<StyleMap id="PolyStyle00321">
		<Pair>
			<key>normal</key>
			<styleUrl>#PolyStyle00320</styleUrl>
		</Pair>
		<Pair>
			<key>highlight</key>
			<styleUrl>#PolyStyle003200</styleUrl>
		</Pair>
	</StyleMap>
	<Folder id="FeatureLayer0">
		<name>ONAYLI_İMAR_ALANI</name>
		<visibility>0</visibility>
		<Snippet maxLines="0"></Snippet>
		<Placemark id="ID_00000">
			<name>NULL</name>
			<visibility>0</visibility>
			<Snippet maxLines="0"></Snippet>
			<description><![CDATA[<html xmlns:fo="http://www.w3.org/1999/XSL/Format" xmlns:msxsl="urn:schemas-microsoft-com:xslt">

<head>

<META http-equiv="Content-Type" content="text/html">

<meta http-equiv="content-type" content="text/html; charset=UTF-8">

</head>

<body style="margin:0px 0px 0px 0px;overflow:auto;background:#FFFFFF;">

<table style="font-family:Arial,Verdana,Times;font-size:12px;text-align:left;width:100%;border-collapse:collapse;padding:3px 3px 3px 3px">

<tr style="text-align:center;font-weight:bold;background:#9CBCE2">

<td></td>

</tr>

<tr>

<td>

<table style="font-family:Arial,Verdana,Times;font-size:12px;text-align:left;width:100%;border-spacing:0px; padding:3px 3px 3px 3px">

<tr>

<td>SHAPE</td>

<td>Polygon</td>

</tr>

<tr bgcolor="#D4E4F3">

<td>adı</td>

<td>&lt;Null&gt;</td>

</tr>

<tr>

<td>alanı</td>

<td>&lt;Null&gt;</td>

</tr>

<tr bgcolor="#D4E4F3">

<td>şebeke_tipi</td>

<td>&lt;Null&gt;</td>

</tr>

<tr>

<td>SHAPE_Length</td>

<td>6045,571134</td>

</tr>

<tr bgcolor="#D4E4F3">

<td>SHAPE_Area</td>

<td>1291603,310107</td>

</tr>

</table>

</td>

</tr>

</table>

</body>

</html>]]></description>
			<styleUrl>#PolyStyle00321</styleUrl>
			<MultiGeometry>
				<Polygon>
					<outerBoundaryIs>
						<LinearRing>
							<coordinates>
								34.80658327284257,36.84712131538903,0 34.80462668576588,36.8471987391891,0 34.80449793538541,36.8457287997722,0 34.80317039917158,36.84457373519851,0 34.80210539273673,36.84344519273024,0 34.80212721654426,36.84563886365943,0 34.80173123830821,36.84570830269307,0 34.79946445941938,36.84584280832402,0 34.79920115676471,36.84258440874505,0 34.80002986050904,36.84262194082615,0 34.80011937655642,36.84150450473506,0 34.80031775366668,36.84060100516987,0 34.80025378159996,36.8388849276897,0 34.80040287989859,36.83815769383776,0 34.80033038469839,36.83709040701905,0 34.80038147210292,36.83521995989892,0 34.80250533861902,36.833859987334,0 34.80490638011818,36.83284285659591,0 34.80600660653688,36.83279722626079,0 34.80651162995797,36.83247505938614,0 34.80777669939125,36.83278015555975,0 34.80790012875912,36.83237889491193,0 34.80822060883922,36.83242793214698,0 34.80829322634063,36.83243904314519,0 34.80830100457796,36.83244480331077,0 34.80837693899411,36.83242463434757,0 34.80845621862876,36.83208663355162,0 34.80871960968576,36.83209016530548,0 34.80882960790079,36.83174754434796,0 34.80875295052574,36.83172050817343,0 34.80876026918923,36.83142889701562,0 34.8088886096507,36.83070076903431,0 34.80911842255461,36.83070097670035,0 34.80928007319671,36.83089836910293,0 34.80937205617303,36.83101069029192,0 34.80950310927778,36.83114541415797,0 34.80957662333679,36.83122098771616,0 34.80960355797306,36.83124867584789,0 34.80953443923164,36.83161531942952,0 34.80948095880109,36.83161900347869,0 34.80923443195881,36.83163598344122,0 34.80910801537502,36.83214747454814,0 34.80914593392518,36.83236445883684,0 34.80930386284429,36.83238748239555,0 34.80948028353141,36.83241320223254,0 34.80943956061206,36.83286445071375,0 34.8092022725188,36.83282831226353,0 34.80905734887479,36.83345716290558,0 34.81176190968656,36.83395002336033,0 34.80990924659208,36.83464599011386,0 34.81051601302966,36.83647303191269,0 34.81033452105031,36.84010066753903,0 34.8104111057305,36.8446067387063,0 34.81038045658747,36.84582344412051,0 34.80673150717329,36.84585512702462,0 34.80658327284257,36.84712131538903,0 
							</coordinates>
						</LinearRing>
					</outerBoundaryIs>
				</Polygon>
			</MultiGeometry>
		</Placemark>
		<Placemark id="ID_00001">
			<name>NULL</name>
			<visibility>0</visibility>
			<Snippet maxLines="0"></Snippet>
			<description><![CDATA[<html xmlns:fo="http://www.w3.org/1999/XSL/Format" xmlns:msxsl="urn:schemas-microsoft-com:xslt">

<head>

<META http-equiv="Content-Type" content="text/html">

<meta http-equiv="content-type" content="text/html; charset=UTF-8">

</head>

<body style="margin:0px 0px 0px 0px;overflow:auto;background:#FFFFFF;">

<table style="font-family:Arial,Verdana,Times;font-size:12px;text-align:left;width:100%;border-collapse:collapse;padding:3px 3px 3px 3px">

<tr style="text-align:center;font-weight:bold;background:#9CBCE2">

<td></td>

</tr>

<tr>

<td>

<table style="font-family:Arial,Verdana,Times;font-size:12px;text-align:left;width:100%;border-spacing:0px; padding:3px 3px 3px 3px">

<tr>

<td>SHAPE</td>

<td>Polygon</td>

</tr>

<tr bgcolor="#D4E4F3">

<td>adı</td>

<td>&lt;Null&gt;</td>

</tr>

<tr>

<td>alanı</td>

<td>&lt;Null&gt;</td>

</tr>

<tr bgcolor="#D4E4F3">

<td>şebeke_tipi</td>

<td>&lt;Null&gt;</td>

</tr>

<tr>

<td>SHAPE_Length</td>

<td>5996,554144</td>

</tr>

<tr bgcolor="#D4E4F3">

<td>SHAPE_Area</td>

<td>1027830,80932</td>

</tr>

</table>

</td>

</tr>

</table>

</body>

</html>]]></description>
			<styleUrl>#PolyStyle00321</styleUrl>
			<MultiGeometry>
				<Polygon>
					<outerBoundaryIs>
						<LinearRing>
							<coordinates>
								34.88955611904316,36.82805598672381,0 34.88785424348247,36.8282061827377,0 34.8879043161919,36.82837628561613,0 34.88737196395596,36.82847543861651,0 34.88717216715185,36.82851265138735,0 34.88705476825518,36.82899549423045,0 34.88682231548785,36.82897089564245,0 34.88660252260586,36.82846348623187,0 34.88689252006375,36.82836492067049,0 34.88682446565799,36.82812841112366,0 34.88675286082547,36.82798784524378,0 34.88649575610341,36.82797954386424,0 34.88632379381633,36.82769862819985,0 34.88581118731459,36.8278801266563,0 34.88536415405541,36.8279829292064,0 34.88460698979138,36.82820825903333,0 34.88437612825183,36.82823322305278,0 34.88422686762642,36.82783412863523,0 34.88420791928584,36.8275613430265,0 34.88440131167755,36.82751337492701,0 34.8845736886751,36.82786290652993,0 34.88525365316744,36.82764930729936,0 34.88653683120361,36.82727132363206,0 34.88635684912562,36.82674453502467,0 34.88490589462758,36.827140148452,0 34.8841427085087,36.82692744590633,0 34.88417428149396,36.82707807680961,0 34.88370725950722,36.82718973632642,0 34.88350914347275,36.82684646624471,0 34.88300627759428,36.82658362632984,0 34.88262621029291,36.82668350450802,0 34.88240949417747,36.82645336215656,0 34.88216913490415,36.82657710784336,0 34.8821950807502,36.82681305952188,0 34.88189905491386,36.82689325625789,0 34.88185365833204,36.82664058823757,0 34.88142388524616,36.82674157222369,0 34.88140577074891,36.82694661926365,0 34.88120237166264,36.82700444724048,0 34.88113006585743,36.82689550107123,0 34.88083132336512,36.82693413389389,0 34.88087544049696,36.82713628077947,0 34.88041845205677,36.82721161469656,0 34.8803019727073,36.826767767454,0 34.88066199870193,36.82664401139757,0 34.88083079401606,36.82658538985036,0 34.88069894895835,36.82635911274243,0 34.88095166329784,36.8262652760451,0 34.88064309159019,36.82559476422654,0 34.88039161892748,36.82505460008384,0 34.87902228692464,36.82541520932383,0 34.87884493135557,36.82511613284785,0 34.87708025829462,36.82555888698513,0 34.87632521563733,36.82379416047721,0 34.87977058492692,36.82276197068197,0 34.87913673822303,36.82110265875728,0 34.88046747787902,36.82033041369203,0 34.87996623718696,36.81924135075847,0 34.87997464623164,36.81897889397116,0 34.8809847362404,36.81843826614285,0 34.88243819723144,36.81779041891912,0 34.88231374996945,36.81754998786969,0 34.88257483701641,36.81734253213381,0 34.88248879778183,36.81721411276983,0 34.8822490231147,36.81724930829473,0 34.88205701794942,36.81674426902698,0 34.88256355515987,36.81661210213247,0 34.88289576621629,36.81719570655938,0 34.88312625796514,36.81754759064598,0 34.88322205740842,36.81752158754773,0 34.88329151932195,36.81750273365054,0 34.88443936408297,36.81719116911658,0 34.88619706302568,36.81690096801925,0 34.88671612538543,36.81810895849219,0 34.88691743894299,36.81905966805761,0 34.88835253586715,36.81891764059426,0 34.88911991788761,36.81876236121696,0 34.89120407122434,36.82582516549201,0 34.89084035186236,36.82599659650705,0 34.89146157976129,36.82713139592513,0 34.88955452591388,36.82738827992554,0 34.88955611904316,36.82805598672381,0 
							</coordinates>
						</LinearRing>
					</outerBoundaryIs>
				</Polygon>
			</MultiGeometry>
		</Placemark>
		<Placemark id="ID_00002">
			<name>NULL</name>
			<visibility>0</visibility>
			<Snippet maxLines="0"></Snippet>
			<description><![CDATA[<html xmlns:fo="http://www.w3.org/1999/XSL/Format" xmlns:msxsl="urn:schemas-microsoft-com:xslt">

<head>

<META http-equiv="Content-Type" content="text/html">

<meta http-equiv="content-type" content="text/html; charset=UTF-8">

</head>

<body style="margin:0px 0px 0px 0px;overflow:auto;background:#FFFFFF;">

<table style="font-family:Arial,Verdana,Times;font-size:12px;text-align:left;width:100%;border-collapse:collapse;padding:3px 3px 3px 3px">

<tr style="text-align:center;font-weight:bold;background:#9CBCE2">

<td></td>

</tr>

<tr>

<td>

<table style="font-family:Arial,Verdana,Times;font-size:12px;text-align:left;width:100%;border-spacing:0px; padding:3px 3px 3px 3px">

<tr>

<td>SHAPE</td>

<td>Polygon</td>

</tr>

<tr bgcolor="#D4E4F3">

<td>adı</td>

<td>&lt;Null&gt;</td>

</tr>

<tr>

<td>alanı</td>

<td>&lt;Null&gt;</td>

</tr>

<tr bgcolor="#D4E4F3">

<td>şebeke_tipi</td>

<td>&lt;Null&gt;</td>

</tr>

<tr>

<td>SHAPE_Length</td>

<td>59246,445957</td>

</tr>

<tr bgcolor="#D4E4F3">

<td>SHAPE_Area</td>

<td>43268399,309634</td>

</tr>

</table>

</td>

</tr>

</table>

</body>

</html>]]></description>
			<styleUrl>#PolyStyle00321</styleUrl>
			<MultiGeometry>
				<Polygon>
					<outerBoundaryIs>
						<LinearRing>
							<coordinates>
								34.84936649514297,36.90826930077056,0 34.85049237400925,36.90666362034042,0 34.85175759808422,36.90495092902308,0 34.8532059398278,36.9028040917283,0 34.85425719160768,36.90124576472973,0 34.84994210828665,36.89923467153637,0 34.8478953984509,36.89828068701074,0 34.84899640188181,36.89641322262428,0 34.84994534701396,36.89483312209396,0 34.85031153637673,36.89447822605361,0 34.85094360631649,36.89386563919902,0 34.85370140407674,36.89391435464468,0 34.85430773434823,36.8939194947144,0 34.85453481663664,36.89392141867055,0 34.85482636042176,36.89392388767678,0 34.85622061381053,36.89396225333355,0 34.85816042285012,36.89399924743876,0 34.85898778998097,36.89401487148128,0 34.85910025128348,36.89401699511631,0 34.85953155089348,36.89402513718824,0 34.8598155175856,36.89403049672515,0 34.85982669839006,36.89403070832529,0 34.86003752572618,36.89403468700983,0 34.86008724034119,36.89403562550473,0 34.86029402714711,36.89403952730321,0 34.86037738803093,36.89409104439909,0 34.86265287524513,36.89549725196718,0 34.86323713025574,36.89587192287534,0 34.86333224836809,36.89593292003718,0 34.863456394939,36.89601253179799,0 34.86476185381927,36.89687300185239,0 34.86564243916584,36.89740635278925,0 34.86578868764764,36.89749493088998,0 34.86599313549836,36.89758298746654,0 34.86621748867441,36.8976796152174,0 34.86641008817141,36.89776256648983,0 34.86675957593021,36.89794104481253,0 34.86742379687066,36.89828024798488,0 34.86798335027161,36.89856599419782,0 34.86845408033928,36.89878302969183,0 34.86955770694887,36.89929937893251,0 34.87133805212078,36.900161366836,0 34.87311030001477,36.90103777793727,0 34.87323660173412,36.90109177394971,0 34.8734754578115,36.90118484841506,0 34.87381463573244,36.90127834781352,0 34.87400238729531,36.90120026627638,0 34.87440124959201,36.90074790284513,0 34.8740551721746,36.9002831077384,0 34.87395223797825,36.89999527326982,0 34.87369893673515,36.8994303758225,0 34.87341794810757,36.89914175422407,0 34.8727910392052,36.89858975473558,0 34.87215851753236,36.89923063093745,0 34.87103457499914,36.89825664722904,0 34.87194033715407,36.89719218187478,0 34.87277021403293,36.89803662965971,0 34.87352336611563,36.89869979024999,0 34.87389825823279,36.89839750981032,0 34.87440343442581,36.89809096671988,0 34.87422556549462,36.89737963622408,0 34.87487001122984,36.8969997156475,0 34.87581364315906,36.89644340408916,0 34.87698424653469,36.89725808784392,0 34.87883987541176,36.89854945706319,0 34.87872201879836,36.89903433188313,0 34.87955030275056,36.89840446440832,0 34.87964635993008,36.89833141589832,0 34.88130263805569,36.89707185016901,0 34.88349388480486,36.89565837953862,0 34.88231822841146,36.89460064023497,0 34.88264675911057,36.89443133901676,0 34.88388541887899,36.89534981944232,0 34.88496676249409,36.8946697436321,0 34.88465561721776,36.89437968858901,0 34.88519632445352,36.89365142117661,0 34.88540216958518,36.89337416848575,0 34.88590353492416,36.89395580819867,0 34.88690999414959,36.89338407843053,0 34.88816834278538,36.89245934450078,0 34.88972416074432,36.89142859808724,0 34.88998000820715,36.89125851246312,0 34.88958228445665,36.89140618705196,0 34.88845938604843,36.89149525054039,0 34.88816280756582,36.89049972976564,0 34.88815000745176,36.8904997673925,0 34.88769658508296,36.89035276888118,0 34.88774894469545,36.89006043692185,0 34.88604030589338,36.88996564713553,0 34.88589160446965,36.89063307188209,0 34.886574125361,36.89064269082891,0 34.88655607905633,36.8910537348983,0 34.88654496183065,36.89107760434865,0 34.88544298339358,36.8909620463466,0 34.8855175723677,36.89061103018292,0 34.88550099826465,36.89025731591899,0 34.88534492835444,36.8901678526603,0 34.88498441448598,36.88995757928408,0 34.88492663539864,36.88923687825724,0 34.88506390056156,36.88859803196151,0 34.8856627955313,36.88865589514745,0 34.88548756626577,36.88773103226974,0 34.88545065702357,36.88768638376789,0 34.88543964104856,36.8876195358479,0 34.8854473549606,36.88730068817207,0 34.88559388884283,36.88687907531737,0 34.88571768651038,36.88652287661169,0 34.88589494301799,36.88601285495569,0 34.88621020243706,36.88516204518148,0 34.88706808993241,36.88492678724087,0 34.8871127235625,36.8849266676521,0 34.88823484754947,36.88486592352,0 34.88858556016182,36.88477303140578,0 34.89005747273539,36.8849302834416,0 34.89227932040249,36.88532241742273,0 34.89280905129873,36.88538464538311,0 34.89283079320743,36.88538719937321,0 34.89356688489539,36.88547366438913,0 34.89402510164525,36.88556718936731,0 34.8940632830457,36.88557498263737,0 34.89490768611571,36.88574732636764,0 34.89614649861721,36.88613751874011,0 34.89721866172354,36.88629946009046,0 34.89786290436076,36.88672224861473,0 34.89695067176284,36.88733150363264,0 34.89605461960759,36.88797332567803,0 34.8932620447095,36.88986534255495,0 34.89037495908484,36.89178200609881,0 34.88865606084633,36.89300371093914,0 34.88758757175243,36.89371089206297,0 34.88598350858975,36.89479833705105,0 34.88832905922308,36.8949167872057,0 34.88974168999842,36.8949881025427,0 34.89031567713683,36.89504903724203,0 34.89108965509467,36.89527806467027,0 34.89281185773322,36.89714704740631,0 34.89345367556542,36.89757895519374,0 34.89389691805048,36.89782199837153,0 34.89447105562645,36.8980660327983,0 34.89645518800158,36.89842684285755,0 34.89666570689564,36.89755332386235,0 34.89673625559656,36.89696287632507,0 34.8968778358589,36.8960424708911,0 34.89703080866703,36.89522857172381,0 34.89706180418078,36.89497274809317,0 34.89615304535736,36.89478463734354,0 34.89648229061164,36.89360841935366,0 34.8970517322137,36.89157402609995,0 34.90065180023711,36.89193326745674,0 34.90189132368142,36.89205693039406,0 34.90246130613824,36.89216447754077,0 34.90371313046835,36.89259445452983,0 34.9043878340166,36.89119529454107,0 34.9064597981904,36.89177811608948,0 34.90805543642144,36.89224125314126,0 34.90828437518859,36.89390593371613,0 34.90816447460917,36.89488205559376,0 34.90806915066014,36.89565809411322,0 34.90754921841535,36.89670305399617,0 34.90707754260288,36.89765100285265,0 34.90685990311464,36.89802335535581,0 34.90615069202013,36.89923669885313,0 34.90563130102169,36.90012526416839,0 34.90557084553361,36.90056520438959,0 34.90541369028563,36.90170880941245,0 34.90536030736864,36.90209726034156,0 34.90528124246421,36.90238985957718,0 34.90508104233255,36.90279994006461,0 34.90495516635032,36.90302684347091,0 34.90469923005999,36.9034062037922,0 34.90419313067099,36.90396269858956,0 34.90719331895594,36.90562970558199,0 34.90707620173109,36.90575100812026,0 34.90678956861258,36.906047882035,0 34.90658782320263,36.90621096207887,0 34.90748786266715,36.90679049129935,0 34.9088263689727,36.90765641725523,0 34.91002975055614,36.90843659797599,0 34.91056051980422,36.90880954602723,0 34.91103576798831,36.90918942653376,0 34.91125207187218,36.90939247350581,0 34.91137041264543,36.90952626106393,0 34.91162646900626,36.90954203518841,0 34.91182530186934,36.90954769885163,0 34.91186137153618,36.90972603259195,0 34.91189931733506,36.90991364483287,0 34.91329384948057,36.90931602371986,0 34.91411420551826,36.90895448989273,0 34.91455986618263,36.9087012613525,0 34.91531060595159,36.90830943283787,0 34.91606239159442,36.908178372903,0 34.9165431206019,36.90814943967677,0 34.91680767416223,36.90813351612569,0 34.91778498662586,36.90799727556839,0 34.91998018649383,36.90785245884981,0 34.92061619354507,36.9078503399023,0 34.92071195616688,36.90809973161412,0 34.92071288574867,36.90810676841554,0 34.92085425557296,36.90898691039859,0 34.92101321885164,36.90984941008073,0 34.92127787724672,36.91165617331801,0 34.92217185058714,36.91160913639121,0 34.92226255534921,36.91236443481645,0 34.92229970275363,36.91247525944553,0 34.92242944828006,36.91286233197133,0 34.92249783570644,36.91310865806909,0 34.9225504757604,36.91341569243409,0 34.92274980519136,36.9132955260483,0 34.9227861857791,36.91346243683673,0 34.9221450542036,36.91357570552476,0 34.92330917444827,36.91419818154594,0 34.92547248310341,36.91535488234242,0 34.92567355970665,36.91617690852242,0 34.92669547531633,36.91675803923727,0 34.92812914148659,36.91757328692197,0 34.92923099625661,36.91819982718368,0 34.93021334093432,36.91804972403356,0 34.9330004938607,36.91963241866574,0 34.93401652625838,36.92020934255985,0 34.93402241556064,36.92022788922476,0 34.93404393591993,36.92061436061984,0 34.93758370741012,36.92153971276378,0 34.93739105522867,36.92222980026602,0 34.93848401446944,36.92241281908898,0 34.93957582387032,36.92411671846926,0 34.94180928347201,36.92487359119712,0 34.94219534695897,36.92413550840794,0 34.94287454693555,36.92415130090813,0 34.94362039730817,36.92399205254902,0 34.9430950985981,36.92318985133035,0 34.94254384911874,36.92191378567615,0 34.94246910043655,36.92181011212124,0 34.94185017229912,36.9209516727507,0 34.94180568072388,36.92088996343445,0 34.94133112036306,36.92023174074502,0 34.94278394503815,36.92004119562472,0 34.94283970761374,36.92049214988615,0 34.94405589587779,36.92043290491846,0 34.94462762362795,36.92041519910219,0 34.94464552353518,36.92147169536651,0 34.94465417229542,36.92236129551524,0 34.9442528675831,36.92242086544898,0 34.94410926996348,36.92263873250962,0 34.94397895673941,36.92265860093278,0 34.94383119101535,36.92268112984885,0 34.94388369255024,36.92339545682355,0 34.94395965640386,36.92379582287025,0 34.94396839601825,36.92379578884716,0 34.94496590219109,36.92381569080076,0 34.9455730821923,36.92385303860597,0 34.94620910852313,36.92381898521328,0 34.94623028800294,36.9244918450657,0 34.94624012885679,36.92480446537127,0 34.94623756897796,36.92508404168697,0 34.94640770069125,36.92509350976298,0 34.94654828858222,36.92747715321629,0 34.94659279593761,36.92823172701167,0 34.94939255774112,36.92918748439545,0 34.95054358596445,36.92958038544758,0 34.95038828083642,36.930832195512,0 34.95036939576703,36.93098441546445,0 34.9496577698191,36.93079745267043,0 34.94802530250789,36.93036854255542,0 34.94645729619208,36.92995654206019,0 34.94620048600351,36.92988906228858,0 34.94541798202504,36.9296783415784,0 34.94526558110013,36.92978720834762,0 34.9444920057608,36.92963365528693,0 34.94445872062447,36.92960793735723,0 34.9444415604134,36.92959940455218,0 34.94341321196338,36.92934074076025,0 34.9433681907045,36.92934092064502,0 34.94333377774265,36.92933270791308,0 34.94328465612514,36.92930789417463,0 34.94324464694008,36.92928311244015,0 34.94319578474482,36.92925843231734,0 34.94314873430269,36.92922556213495,0 34.94312189724878,36.92922566424753,0 34.94309122574145,36.9292010730416,0 34.94280366520781,36.9292459064048,0 34.94179556105409,36.92923538442287,0 34.94184112030661,36.92946492835918,0 34.94220109444269,36.93009626389546,0 34.94325666932858,36.93112990407897,0 34.94325478332153,36.93113238468496,0 34.94320066941287,36.93159447635936,0 34.9435934582713,36.93161572706304,0 34.94350837496211,36.93193176692687,0 34.94308961267661,36.93202784797292,0 34.94299680812181,36.93225266962605,0 34.94192682584332,36.93147174841445,0 34.94164505046106,36.93162290838247,0 34.94085974332447,36.93079561195469,0 34.93979782002598,36.93123008772883,0 34.93897402639394,36.93167813096173,0 34.93793161494868,36.93043582273943,0 34.93658378345737,36.93155091497609,0 34.93533215558495,36.93094023713824,0 34.93487231600612,36.93115401823091,0 34.9345081339354,36.93135075646877,0 34.93494229582029,36.93189254560588,0 34.93353844346696,36.93262617327947,0 34.93274278706525,36.93301572302458,0 34.93273247504288,36.93302453258172,0 34.93204989756276,36.93350380845619,0 34.93220861367815,36.9338557865269,0 34.93307362323434,36.93438509985587,0 34.93311351975041,36.93441628429254,0 34.93374467429122,36.93466261618936,0 34.93345676364733,36.93498676372663,0 34.93347280192344,36.93498670804284,0 34.93409189231335,36.93569937822726,0 34.93424610468082,36.93590648549431,0 34.93341229555716,36.93664079321304,0 34.93292700984748,36.9369898217284,0 34.93288508118203,36.93701997693896,0 34.93231366960686,36.93743094200078,0 34.93162927604516,36.9378246980898,0 34.9320891734435,36.93837307233102,0 34.93024484262845,36.93933585743673,0 34.92989991339291,36.9389094723614,0 34.92982093991906,36.93881184802247,0 34.92983688799566,36.93894224613931,0 34.9291032003161,36.93932377073979,0 34.9289602842362,36.93998154005668,0 34.92881365538795,36.94065638157474,0 34.92989402973648,36.94087876092326,0 34.93009591595993,36.94106011255032,0 34.93018920898342,36.94114391579545,0 34.93106861865292,36.94137199128229,0 34.9309793282164,36.94137451436558,0 34.93106169114998,36.94138895651137,0 34.93172256265518,36.94150483812749,0 34.93177632078854,36.94152619942884,0 34.93234450717965,36.94158184286406,0 34.93271460669684,36.9416460829701,0 34.93285288088556,36.94238347709866,0 34.93285356672166,36.94240728553678,0 34.93307127366553,36.94306509535115,0 34.93308132536704,36.94309067646171,0 34.93334256015758,36.94358992203142,0 34.93341834702991,36.94385255103946,0 34.93340180054452,36.94385260960804,0 34.93038630744206,36.94438717887321,0 34.93094402261369,36.94486111470687,0 34.93056867571768,36.94510599387924,0 34.93057767079528,36.94513066314212,0 34.9309619067338,36.94557664213902,0 34.93164080587193,36.94552237116424,0 34.93172271484726,36.94581003891468,0 34.93197431172643,36.9464350828296,0 34.93223803789179,36.94686076993742,0 34.93250048925396,36.94717656166194,0 34.93255452195125,36.94719942053904,0 34.93346223018514,36.94789141266828,0 34.93418807012984,36.94764298735596,0 34.93568242787656,36.94704327064434,0 34.93606927022901,36.94754796919259,0 34.9341603975183,36.9483573865724,0 34.93315576386031,36.94880749996295,0 34.93410600173121,36.95008836909194,0 34.93520404640359,36.95160309002873,0 34.93562031068144,36.95215109766082,0 34.93639590101741,36.95200524988584,0 34.93694402619138,36.95291431286561,0 34.93700528536908,36.95297516407394,0 34.93746263373981,36.95364322625196,0 34.93868305787385,36.95327883128884,0 34.93919242009416,36.95411780127241,0 34.93962349521889,36.95470741930472,0 34.93970469756129,36.95474201641399,0 34.93994081347833,36.95509496146094,0 34.9401699468908,36.95566694833708,0 34.93882681202322,36.95626785329793,0 34.93846694412236,36.95643443408728,0 34.93714663430663,36.95471946893661,0 34.93655148761166,36.95400768662451,0 34.93594570078231,36.95320499558014,0 34.93559179269642,36.95330450563787,0 34.93487384333148,36.95233212474948,0 34.93491212062833,36.95229757860669,0 34.93517815370695,36.95211454212989,0 34.93480988625279,36.95163833863607,0 34.93361705069125,36.95180728495259,0 34.93326896221131,36.95090111676271,0 34.93286540232136,36.95030778351851,0 34.93280820337358,36.95013189224303,0 34.93111322316845,36.95037305961102,0 34.93057292704975,36.94917677917723,0 34.93241494989852,36.9485486672878,0 34.93141246939518,36.94707093954286,0 34.93059986837694,36.94614717958389,0 34.92905739767822,36.94700062606424,0 34.92842561945721,36.94619703837247,0 34.92997878694226,36.94539243541221,0 34.92950485231645,36.94473587525186,0 34.92821453287894,36.94307287009237,0 34.92756671717234,36.94223791060166,0 34.92692369353653,36.94146285211513,0 34.92570789495259,36.94127153641617,0 34.92452619068504,36.94214944734489,0 34.9241761559508,36.94254772514626,0 34.9234810004622,36.94366870955673,0 34.92345510611825,36.94367658828031,0 34.92294914722851,36.94448551492888,0 34.9223107026488,36.94544146745169,0 34.92159285074619,36.94640001696413,0 34.92125528705584,36.94666482141351,0 34.9209633195682,36.94659699040942,0 34.92134438127563,36.9460027451416,0 34.92161683915215,36.94573032198215,0 34.92183527470731,36.94536635765675,0 34.92186147109253,36.94534464028961,0 34.92207196498843,36.9449117985353,0 34.92208029513515,36.94490502466812,0 34.92228896787809,36.94437988883588,0 34.92230871840112,36.94396107235662,0 34.92247304846225,36.94375229595659,0 34.92269324460299,36.94319858354247,0 34.92298600897509,36.9429732018335,0 34.92349942652611,36.94260607300018,0 34.9239988118135,36.942224860308,0 34.92440993278025,36.94192744550976,0 34.92476443063886,36.94159544770789,0 34.92446582137986,36.94105261347495,0 34.92136692777708,36.94060668606485,0 34.92071928845473,36.94048685233373,0 34.91935625918741,36.94034773382064,0 34.91891107869172,36.94022372817967,0 34.91578581774109,36.93981212430519,0 34.91388785557565,36.93952487617216,0 34.91282647831389,36.93935534455613,0 34.91207363850229,36.93921648134334,0 34.9120673245541,36.93916777194037,0 34.90842322860085,36.93865024223994,0 34.90434456797533,36.93806864456486,0 34.90193049364555,36.93872281602582,0 34.90171800417496,36.93892729599659,0 34.90132313917083,36.93922226467654,0 34.90046125531198,36.93959075921382,0 34.90085496964899,36.94014927458511,0 34.90132661894954,36.9404989523827,0 34.90128693235073,36.94313113894823,0 34.90194470764329,36.94332525440446,0 34.90223002738264,36.94362905509028,0 34.90235143467797,36.94450065286929,0 34.90234504688039,36.94483204737102,0 34.90231500755449,36.94602467431242,0 34.90204788813748,36.94675963575153,0 34.90191863682924,36.94743481336938,0 34.90157184460229,36.94842859638181,0 34.90177548537824,36.94946619429291,0 34.90286035835269,36.95241777522012,0 34.90344538208686,36.95404113830761,0 34.90045070393759,36.95415291592445,0 34.89972158793272,36.95391017697006,0 34.89894863562095,36.95410425289288,0 34.89845373268442,36.95521325101771,0 34.89333513993522,36.95366518579367,0 34.8934917928257,36.95354938215534,0 34.89163960970328,36.95298683084179,0 34.88811277471384,36.95191880863242,0 34.88684046133733,36.95153348425744,0 34.88657276358354,36.95174332707661,0 34.88637474321051,36.95135511361569,0 34.88496216098476,36.95096370565695,0 34.88363861215308,36.95048779803669,0 34.88357943260301,36.95063254522874,0 34.88343608059544,36.95060242667871,0 34.88323542276758,36.95119306455388,0 34.88318522700394,36.95117907399312,0 34.88317741296289,36.95053163162851,0 34.88295511353281,36.95052754360349,0 34.88258809888512,36.95112668021732,0 34.88235263471335,36.95133480372525,0 34.88190162439193,36.95194395962263,0 34.8817519603891,36.95178168840046,0 34.88191494656056,36.9514248194368,0 34.88193194690714,36.95130454977579,0 34.88200485950242,36.95117685201645,0 34.8818800174398,36.95099527975945,0 34.88218603879969,36.95055890074875,0 34.88015503145469,36.94983856289526,0 34.87992221131759,36.94991101807693,0 34.87925503395208,36.94959388555579,0 34.87864314807841,36.94934082704163,0 34.87709028374763,36.94879355546712,0 34.87668116170769,36.9483107372278,0 34.87629471747124,36.94805224556045,0 34.875874477456,36.94794479717716,0 34.87571305778027,36.94812797013953,0 34.87532370322108,36.94825569267686,0 34.87490434060512,36.9482898804013,0 34.87417547556693,36.94820501414769,0 34.87402516987036,36.94788135531779,0 34.87417056343029,36.94774645217804,0 34.87335726659528,36.94743137894312,0 34.87235938858652,36.94726448808898,0 34.87224070763071,36.94738572211947,0 34.87137598525268,36.94741403142026,0 34.87074597512076,36.94742437639452,0 34.87031223155947,36.94740661474471,0 34.86993587948793,36.94728164338276,0 34.86978662918403,36.94698784792148,0 34.86749487256904,36.94681922698263,0 34.86740136667455,36.94713910119616,0 34.86711143564446,36.94724701653989,0 34.8668078216891,36.94715020810266,0 34.86613270740505,36.9475898435674,0 34.86575361032116,36.94807456220599,0 34.86530639373677,36.9483620859524,0 34.86475959422625,36.94860170026612,0 34.86388065885362,36.94860112009946,0 34.8631005236772,36.94837284934,0 34.86198677597954,36.94758349890753,0 34.86162430181501,36.94694947586414,0 34.86074512945792,36.94734016778848,0 34.85952698943231,36.9474827576212,0 34.8584609710142,36.9472361908082,0 34.85737402688099,36.9474144326939,0 34.85635908190059,36.94765473616179,0 34.85463970645993,36.94802870125678,0 34.85386179130055,36.94840757319953,0 34.85348037746947,36.94842803987106,0 34.85349721070257,36.94902880016496,0 34.8539179477981,36.94978846580853,0 34.8539885490402,36.95072269457091,0 34.85416969157427,36.95114763899016,0 34.85365005616209,36.95142672451691,0 34.8528504694205,36.95231165113236,0 34.85259913955402,36.95327913752498,0 34.85186374449119,36.953395989699,0 34.85062342566518,36.95362107914143,0 34.85045800176848,36.95374787765667,0 34.85121712024589,36.95450886843452,0 34.85122557701211,36.95480165123901,0 34.85091210601315,36.95514760120012,0 34.85014549555846,36.95552470670889,0 34.84892457317831,36.95612527587768,0 34.84778772049533,36.95622299966369,0 34.84603189272915,36.95509180400688,0 34.8454883263704,36.95535422857841,0 34.84489148746815,36.95535930840616,0 34.8438437315033,36.95574390354483,0 34.84306675242166,36.95592681794957,0 34.84219625286196,36.95594100895399,0 34.84172042572452,36.95547722628727,0 34.84104694443595,36.95524756428321,0 34.84023164366165,36.95552830889868,0 34.83899716240663,36.95524328684805,0 34.83784810440102,36.95480686237529,0 34.83806797198297,36.95388816489501,0 34.83834712260889,36.95272173125655,0 34.8387991615102,36.95282251381636,0 34.84022435864734,36.95277767661834,0 34.84178769164456,36.95223690897634,0 34.84196750951146,36.95226362891196,0 34.84122681712655,36.9503663817864,0 34.84092192466643,36.95037232247797,0 34.83982872760232,36.95059441710393,0 34.83873046234385,36.95058405374754,0 34.83742249218724,36.95054531435773,0 34.83670799581491,36.95061791726578,0 34.83489913715407,36.95073800853793,0 34.83420747477292,36.9508075638842,0 34.83202918442952,36.95065732173643,0 34.83192106004908,36.9498036970198,0 34.83190082375529,36.9494779322979,0 34.83193112293905,36.94928839580403,0 34.83223922140738,36.94736101060068,0 34.83063647945423,36.94778365052938,0 34.8300719100293,36.9477516334585,0 34.8254486416613,36.94678003711941,0 34.82617220838949,36.94588085087351,0 34.82928385980089,36.94611330138521,0 34.8295369462628,36.94633412120827,0 34.82944316759176,36.94687589098807,0 34.82952242991733,36.94706892659354,0 34.83006241861189,36.94729838809651,0 34.83058760329841,36.94637357793668,0 34.83047820771991,36.94592724030731,0 34.83056335122541,36.94542373035708,0 34.83071140219759,36.94493463304906,0 34.8310010532673,36.94450474673388,0 34.83197378512196,36.94370580645377,0 34.83153223362941,36.94307156057603,0 34.83237327041493,36.94285464304028,0 34.83297055431554,36.94279752441236,0 34.83300800782293,36.94214279336502,0 34.83422810196299,36.94112488584359,0 34.83483557798163,36.94194342291492,0 34.83559466607344,36.94156662726362,0 34.83633884280035,36.94178284031328,0 34.83648564801884,36.94140225212573,0 34.83710598563219,36.93979400342275,0 34.83769968653256,36.93825474663686,0 34.83794099365931,36.93786656761151,0 34.83828386307479,36.93750772809875,0 34.83827414471917,36.93722625421067,0 34.83888034367561,36.93687933488247,0 34.83907599575217,36.93681906369113,0 34.8393740887326,36.93678529201645,0 34.83956886859956,36.9362194546671,0 34.8404586729213,36.93579226200229,0 34.84103313580066,36.93590040072846,0 34.84215577194852,36.9353029352647,0 34.84265116647452,36.93427071592095,0 34.84237667046185,36.93417801831851,0 34.84275795486366,36.93340084338261,0 34.84339725589917,36.93359179055637,0 34.84385126892755,36.93262215978013,0 34.84377366343328,36.93247777261364,0 34.84336340534584,36.93248827692668,0 34.84336715557306,36.93200097168868,0 34.84393894735949,36.93197767580191,0 34.84437209689121,36.93182545604386,0 34.84521943517165,36.93139853463667,0 34.84623046564925,36.9304512552056,0 34.84672965886495,36.9302595571128,0 34.84889863424088,36.92985580040533,0 34.84941104184821,36.93077109929748,0 34.84978870257764,36.93086169496478,0 34.84995852849342,36.9310952631761,0 34.85125325309178,36.93080629266881,0 34.8519394214234,36.93128450543414,0 34.85239566416261,36.93104152966378,0 34.85292940886131,36.93141003322227,0 34.85326675062552,36.93139009856188,0 34.85372266398944,36.93181196241729,0 34.85493975163351,36.93091920048112,0 34.85506535033874,36.93024783271758,0 34.85246862605079,36.93067115683593,0 34.85227709407901,36.92995807429944,0 34.84961377971495,36.93032657614023,0 34.84924525587383,36.92873174174379,0 34.84907129916927,36.92797889213098,0 34.84965530075491,36.92785430445925,0 34.84958438251663,36.92715666938631,0 34.84971886021843,36.92685586316269,0 34.85019814693745,36.92581178525649,0 34.85106697332366,36.92428728084818,0 34.85170422387169,36.92321128654044,0 34.85179318198642,36.9224158739339,0 34.85094053076686,36.9221293193886,0 34.84942811201098,36.9228181811969,0 34.84940075066005,36.92327467532133,0 34.84937670793359,36.92367580123034,0 34.84991491555692,36.92374285977034,0 34.84983184733527,36.92478571320864,0 34.84917665832285,36.92673525685092,0 34.84817536630851,36.92672555043226,0 34.84745918514081,36.92696598757424,0 34.84622510506401,36.92674859435452,0 34.84581596268355,36.92614770024143,0 34.84561079047015,36.92584636513772,0 34.84591203379767,36.92491530108844,0 34.84615854201837,36.92455175955655,0 34.84620870620068,36.9241640542205,0 34.8460684095873,36.92363474866835,0 34.84603589335521,36.92321650951167,0 34.84599492762689,36.92223593021254,0 34.84599217675309,36.92198806929217,0 34.84607894927168,36.92142758549254,0 34.84631346808604,36.92088018189223,0 34.84620376573972,36.92045986818982,0 34.84632856671139,36.91992425600191,0 34.8463122726962,36.91943393486459,0 34.84630673234173,36.91926722769357,0 34.84630341801159,36.91916750066979,0 34.84595136260382,36.91822887602333,0 34.84599540738098,36.91736192493806,0 34.8464438362688,36.915576740576,0 34.8465579936692,36.91488311293724,0 34.8466121957796,36.91455377032391,0 34.84666417564978,36.91376121172264,0 34.84667881296497,36.91335048683023,0 34.84678095113453,36.91295016254006,0 34.84714610736324,36.91218812061754,0 34.84773004708809,36.91143582765962,0 34.84790889503886,36.91094852318275,0 34.84819077816375,36.91037680637722,0 34.84820390742764,36.91035017539809,0 34.84844816444799,36.90985476419355,0 34.84936649514297,36.90826930077056,0 
							</coordinates>
						</LinearRing>
					</outerBoundaryIs>
				</Polygon>
			</MultiGeometry>
		</Placemark>
		<Placemark id="ID_00003">
			<name>NULL</name>
			<visibility>0</visibility>
			<Snippet maxLines="0"></Snippet>
			<description><![CDATA[<html xmlns:fo="http://www.w3.org/1999/XSL/Format" xmlns:msxsl="urn:schemas-microsoft-com:xslt">

<head>

<META http-equiv="Content-Type" content="text/html">

<meta http-equiv="content-type" content="text/html; charset=UTF-8">

</head>

<body style="margin:0px 0px 0px 0px;overflow:auto;background:#FFFFFF;">

<table style="font-family:Arial,Verdana,Times;font-size:12px;text-align:left;width:100%;border-collapse:collapse;padding:3px 3px 3px 3px">

<tr style="text-align:center;font-weight:bold;background:#9CBCE2">

<td></td>

</tr>

<tr>

<td>

<table style="font-family:Arial,Verdana,Times;font-size:12px;text-align:left;width:100%;border-spacing:0px; padding:3px 3px 3px 3px">

<tr>

<td>SHAPE</td>

<td>Polygon</td>

</tr>

<tr bgcolor="#D4E4F3">

<td>adı</td>

<td>&lt;Null&gt;</td>

</tr>

<tr>

<td>alanı</td>

<td>&lt;Null&gt;</td>

</tr>

<tr bgcolor="#D4E4F3">

<td>şebeke_tipi</td>

<td>&lt;Null&gt;</td>

</tr>

<tr>

<td>SHAPE_Length</td>

<td>11735,703941</td>

</tr>

<tr bgcolor="#D4E4F3">

<td>SHAPE_Area</td>

<td>1486693,576186</td>

</tr>

</table>

</td>

</tr>

</table>

</body>

</html>]]></description>
			<styleUrl>#PolyStyle00321</styleUrl>
			<MultiGeometry>
				<Polygon>
					<outerBoundaryIs>
						<LinearRing>
							<coordinates>
								34.88773512036693,36.86067516532775,0 34.88746726757827,36.86077559134258,0 34.88721639907784,36.86082779679691,0 34.88700976112219,36.86088605918367,0 34.88684660659238,36.86090631606979,0 34.88668354201294,36.86055621906759,0 34.88656646729009,36.86037033311038,0 34.88644978318611,36.86011655522308,0 34.88605904651261,36.86011574409262,0 34.88562804768965,36.85955673606409,0 34.88557891109892,36.85916390939764,0 34.8856420982754,36.85853108130572,0 34.88568238186891,36.85837658667627,0 34.88578445298875,36.85812566163493,0 34.88591423194526,36.85788403099311,0 34.8861861621883,36.8574843956646,0 34.88626387093079,36.85694976081444,0 34.88627296893867,36.85685903370601,0 34.88625896649839,36.85678219310943,0 34.8863393630975,36.85612881161726,0 34.8864081369943,36.85612982619278,0 34.88676422996917,36.85578677492842,0 34.88698168257376,36.8551471700197,0 34.88739505011541,36.85507210455044,0 34.88756906379707,36.85505609101875,0 34.88772025243353,36.85498762247862,0 34.88795857749421,36.85487640862847,0 34.88811256674438,36.85480455029865,0 34.88812473895548,36.85420524930447,0 34.88844724019385,36.8539564975183,0 34.88869136618432,36.8538363471885,0 34.88894413993348,36.8537485965552,0 34.8892838493498,36.85403996001254,0 34.8894729443437,36.85403032413118,0 34.89006420397102,36.85337314222143,0 34.89012819467778,36.85335705609857,0 34.88998247405775,36.85317407871761,0 34.88956661133634,36.85213606216922,0 34.88976123562664,36.85207032540698,0 34.88991609503013,36.85201801952635,0 34.89069526952395,36.85167348805621,0 34.89096610238096,36.8515725569868,0 34.89098758647338,36.85151137598553,0 34.89071577889226,36.85116301443848,0 34.89067799607245,36.8510998021192,0 34.89057280692388,36.85083162039307,0 34.89053689674537,36.85063498280589,0 34.89044978412307,36.85034602813622,0 34.89039237172899,36.8501585006011,0 34.89034819527477,36.84996316614536,0 34.89032576773516,36.84978569236895,0 34.89021876137571,36.84933430065881,0 34.89033992588432,36.84926277149322,0 34.89091516425611,36.84936044752403,0 34.89090105006109,36.8490518526475,0 34.89121165981619,36.84912209787084,0 34.89120842369601,36.84905134433557,0 34.89207647900668,36.84916136844543,0 34.89220609307716,36.84907063993551,0 34.89250937377319,36.84906405904103,0 34.89253923753699,36.84894700124688,0 34.89256128531818,36.84885863617492,0 34.89250084711285,36.84820746093842,0 34.89244158565272,36.848062738693,0 34.89209966709836,36.84767397993873,0 34.89179211280319,36.8474853322967,0 34.89175885472313,36.84746874566763,0 34.89149468555707,36.84735374208701,0 34.8912574482337,36.84732871897276,0 34.89127390097423,36.8472082669003,0 34.89088308789201,36.84691099696565,0 34.89094704950067,36.84686814168814,0 34.89093440081267,36.84684644266338,0 34.89082215083884,36.84668829657697,0 34.89076832500286,36.84658755069967,0 34.88999145402558,36.84521765802682,0 34.88993349603538,36.84511469709739,0 34.88980680777609,36.84488963564011,0 34.8897579495196,36.84480284021622,0 34.88985312193129,36.84479701572284,0 34.88996674937535,36.84499887483422,0 34.88999539656226,36.84501440236097,0 34.89090654811051,36.84507000178863,0 34.89090986696367,36.84507020405369,0 34.89100219959744,36.84444859613956,0 34.89104432096503,36.84445274794594,0 34.89114949270438,36.84372467971364,0 34.89126097751861,36.84368309688215,0 34.89129039137914,36.84364741054405,0 34.89187539276291,36.84337739719902,0 34.89180793680211,36.84327208360254,0 34.891820691574,36.84318233519343,0 34.89188039962724,36.84310062539181,0 34.89201913287295,36.84291077065726,0 34.89204715280032,36.84287242489738,0 34.89290592809876,36.84249687328728,0 34.89296558832866,36.84248774170128,0 34.8927966199124,36.84215009953781,0 34.89321508830343,36.84209936457244,0 34.89333684730024,36.84208056378672,0 34.89334298885761,36.84168831550629,0 34.89315109323937,36.84169976748609,0 34.89313658298722,36.84134944143941,0 34.89335016342995,36.84132945100817,0 34.89337707851409,36.84077945595305,0 34.89328540947962,36.84058585240473,0 34.89358743030731,36.84048704350646,0 34.89295941342619,36.83932704113457,0 34.89319317250259,36.8392455984057,0 34.89325497736196,36.83935655977491,0 34.89414034833956,36.83909015858247,0 34.89405659707094,36.83896726965032,0 34.89429026366085,36.83888117093385,0 34.89436489651897,36.83898834178871,0 34.89438551341888,36.8390016898072,0 34.89650122349483,36.8390178534456,0 34.89651672499595,36.83901131124659,0 34.89653520713874,36.83897744299618,0 34.89664521710767,36.83902122573498,0 34.89622040154678,36.83986407191474,0 34.89621274977138,36.83989973219138,0 34.89621196802139,36.83993091865572,0 34.89622278734368,36.83996067258897,0 34.89623909580285,36.83999283379392,0 34.89663446505821,36.84054141751422,0 34.89680164886011,36.84083476106245,0 34.89691645666731,36.84078332079562,0 34.89694450593914,36.84079154198268,0 34.89697335403959,36.84081643566293,0 34.89724809730468,36.8413768201265,0 34.89712625574547,36.84143743758399,0 34.89720126435269,36.84163360595213,0 34.89729722769884,36.8419508800558,0 34.89750445099096,36.84267055499097,0 34.89765016546082,36.84317352384397,0 34.89767863455982,36.84331514346958,0 34.89769943516217,36.84356635089571,0 34.89770448873901,36.84384059785024,0 34.89798038876553,36.84384177992263,0 34.89800345978384,36.84460708296076,0 34.89771125576678,36.84457704869369,0 34.89771270173625,36.84473447722621,0 34.89760135545728,36.84480820855618,0 34.89759957075217,36.8446155645405,0 34.89718934518584,36.84457666165176,0 34.89710729820871,36.84575209876831,0 34.89710544368416,36.84577865873197,0 34.89706232641736,36.8465393356345,0 34.89683926389661,36.84730267307091,0 34.89729410875245,36.84740714765753,0 34.89809837384816,36.8474911527118,0 34.89824207570041,36.8475061617546,0 34.89943701215289,36.84763627686781,0 34.89956071393162,36.84772356173078,0 34.89939896376108,36.84795909323316,0 34.89940099413566,36.84795947538713,0 34.89961831665965,36.8480656407608,0 34.89888058788132,36.84877377563336,0 34.8998829253569,36.84937422087844,0 34.9002266662202,36.84942428465631,0 34.90071014162985,36.84931171731557,0 34.90111465343632,36.84921593024968,0 34.90129930922888,36.84917220294173,0 34.90156499750043,36.84909129717141,0 34.90193406340028,36.84895981267818,0 34.90204294900641,36.84861886840074,0 34.90285256522841,36.84834124986092,0 34.90323509258477,36.8482447900964,0 34.90421217639231,36.84810170406643,0 34.90410154191541,36.84801685921789,0 34.90465583610482,36.84770333685569,0 34.90485395224442,36.84786280154893,0 34.90496225557603,36.84789020686965,0 34.90499954959247,36.84787268225458,0 34.90511425151359,36.84785767876541,0 34.90524817374911,36.84784016058062,0 34.90529966790432,36.84790490769791,0 34.90542383161276,36.84789111770235,0 34.90608782549057,36.8476987019574,0 34.90619378390883,36.84768153300487,0 34.90720391997148,36.84751785419508,0 34.90773712363659,36.84744553614512,0 34.90811256548991,36.84739936263925,0 34.90841852151991,36.84735342059399,0 34.9088186720335,36.84729043054095,0 34.90918257790197,36.847241906265,0 34.90951039930651,36.84731263997394,0 34.90909088977151,36.84845215678634,0 34.90906613173551,36.84851645437251,0 34.90863990691722,36.84962338122801,0 34.9089074882736,36.84957398564182,0 34.90928240541715,36.84963166479243,0 34.90949460203489,36.84981046198182,0 34.90918256410503,36.8498308008332,0 34.90941554218819,36.84989710338747,0 34.90953529530839,36.85008472259607,0 34.90925061460953,36.8501848618323,0 34.90922491485657,36.85018241937444,0 34.90911095292257,36.85035468861209,0 34.90920227924691,36.85111375768886,0 34.91017488328416,36.85111333499695,0 34.91017206980872,36.85131193324872,0 34.91022717288323,36.85130584685216,0 34.91009703566931,36.85182121112764,0 34.91006491866916,36.85194839853146,0 34.91001110188667,36.85216151931468,0 34.90996429669374,36.85242443331082,0 34.90981326807218,36.85289760707988,0 34.90967157590392,36.8532868630764,0 34.90950221478615,36.85375212726716,0 34.90929152672224,36.85421141886241,0 34.90866921294003,36.85392053886749,0 34.90858077740221,36.85387920176146,0 34.90852010910193,36.85404573107004,0 34.90832713169122,36.85414050792019,0 34.90822219804187,36.85463162462776,0 34.90819414073494,36.85462897106338,0 34.90814288172755,36.85487359873652,0 34.90788474269143,36.85610552620719,0 34.90783913491038,36.85612212618886,0 34.90727446857587,36.85584179896997,0 34.90699410596442,36.85568047086861,0 34.90698122135551,36.85568540235777,0 34.90695492993851,36.85569546479176,0 34.90695340802935,36.85571568773762,0 34.90695169148358,36.85573850419304,0 34.90693891986157,36.85573146437033,0 34.90693846775091,36.85573195653476,0 34.90636648683178,36.85554905032357,0 34.90639971978388,36.85546120111336,0 34.90628050424182,36.85542029124253,0 34.90577352924117,36.85524493598428,0 34.90556847607442,36.8551735567186,0 34.90508779966017,36.85500288900906,0 34.90466565808486,36.85486287946831,0 34.90440429993023,36.85477997240029,0 34.9042436728955,36.85472716698658,0 34.90383638794534,36.85458649905475,0 34.90332479851553,36.85440295824645,0 34.90299821167657,36.85428578731118,0 34.90266922561261,36.85416775526563,0 34.90264275820142,36.8541313674293,0 34.90262726690891,36.85412973532595,0 34.90263554342743,36.85336164091309,0 34.90263569025389,36.85334797547829,0 34.90263672233251,36.85325221912125,0 34.90071171917165,36.8520494690602,0 34.90066491686549,36.8520496417323,0 34.90015558954623,36.85192938547876,0 34.90011884155143,36.85190249909982,0 34.90006383383637,36.85186225330731,0 34.89944144840518,36.85153110573949,0 34.89937501082499,36.8515049622906,0 34.89934431130126,36.85150506632522,0 34.89886135712478,36.85111624495733,0 34.89880246484052,36.85103947518839,0 34.89849098670899,36.85062368819391,0 34.89870786620317,36.8503265317433,0 34.89887178917451,36.85012900032716,0 34.89887195359733,36.85012880121212,0 34.89920689432559,36.84972518617193,0 34.89951744067266,36.84935096370541,0 34.89946780897039,36.84927811746648,0 34.89946377399571,36.84925800502963,0 34.8986969258994,36.84879862500021,0 34.89862569141621,36.8487559518225,0 34.89855975205082,36.84876121991069,0 34.89853921742994,36.84877958248844,0 34.89852332850442,36.84879379237009,0 34.89842840818753,36.8487501256785,0 34.89779167591698,36.84937882947317,0 34.89753057799565,36.84963663035522,0 34.89752479052101,36.84964350610192,0 34.89730109511236,36.84912481367125,0 34.89713109674919,36.84873062535065,0 34.8970171746936,36.84842428010521,0 34.8970014329312,36.8484168188084,0 34.89683073240264,36.8483408395366,0 34.89678538219127,36.84847093075012,0 34.89667573072077,36.84877374698622,0 34.89655721542925,36.84913385005996,0 34.89648510843877,36.84935294088121,0 34.89614458821361,36.84990924620409,0 34.89610851596085,36.8499681768339,0 34.89571769281559,36.85062334807674,0 34.89629758822309,36.85098949058669,0 34.89622831470655,36.85106035096272,0 34.89509447723992,36.85034444635603,0 34.89505980801955,36.8503861580201,0 34.89499087788273,36.85046908899587,0 34.89494384971103,36.85052566849694,0 34.89477197014377,36.85041467442679,0 34.89429936833744,36.85116527712138,0 34.89406069288108,36.85102727973157,0 34.89418230712561,36.8507826617552,0 34.89411406374263,36.85075932378379,0 34.8939829137506,36.85096761816612,0 34.89375171795719,36.85083394352662,0 34.89374423946598,36.85082962010244,0 34.89374448414576,36.85082912768769,0 34.89373633243082,36.85082370096045,0 34.89353105875391,36.85119580126272,0 34.89350275852398,36.8512471001822,0 34.89378098975659,36.85141329971989,0 34.89313745202973,36.85215736451877,0 34.89250583067191,36.85193687699826,0 34.89241747023776,36.85191060919237,0 34.89117948908604,36.85338648649699,0 34.89020879808476,36.85460512518986,0 34.89022165033228,36.85461505157937,0 34.8901428920035,36.85472130366998,0 34.89012456124489,36.85472159525361,0 34.8893953320876,36.85583828304966,0 34.88896217653679,36.85655973618678,0 34.88897922667978,36.85657429004468,0 34.88896079366403,36.8566105854002,0 34.88893549044477,36.85672464227915,0 34.88894163271032,36.85731931656083,0 34.88894427133511,36.85735537787849,0 34.8889765602801,36.85779660587369,0 34.88898755546158,36.85794685231863,0 34.88896062357656,36.85837482324688,0 34.8889268252193,36.85852389622115,0 34.88886612618517,36.85879784562073,0 34.88882248299996,36.85915582787896,0 34.88876931421022,36.86003540006999,0 34.88876615726143,36.86024578124908,0 34.88872818225482,36.86053173901038,0 34.88876504438461,36.86053919101433,0 34.88856577806287,36.86070714123757,0 34.88798554169465,36.86062305602387,0 34.88773512036693,36.86067516532775,0 
							</coordinates>
						</LinearRing>
					</outerBoundaryIs>
				</Polygon>
			</MultiGeometry>
		</Placemark>
		<Placemark id="ID_00004">
			<name>NULL</name>
			<visibility>0</visibility>
			<Snippet maxLines="0"></Snippet>
			<description><![CDATA[<html xmlns:fo="http://www.w3.org/1999/XSL/Format" xmlns:msxsl="urn:schemas-microsoft-com:xslt">

<head>

<META http-equiv="Content-Type" content="text/html">

<meta http-equiv="content-type" content="text/html; charset=UTF-8">

</head>

<body style="margin:0px 0px 0px 0px;overflow:auto;background:#FFFFFF;">

<table style="font-family:Arial,Verdana,Times;font-size:12px;text-align:left;width:100%;border-collapse:collapse;padding:3px 3px 3px 3px">

<tr style="text-align:center;font-weight:bold;background:#9CBCE2">

<td></td>

</tr>

<tr>

<td>

<table style="font-family:Arial,Verdana,Times;font-size:12px;text-align:left;width:100%;border-spacing:0px; padding:3px 3px 3px 3px">

<tr>

<td>SHAPE</td>

<td>Polygon</td>

</tr>

<tr bgcolor="#D4E4F3">

<td>adı</td>

<td>&lt;Null&gt;</td>

</tr>

<tr>

<td>alanı</td>

<td>&lt;Null&gt;</td>

</tr>

<tr bgcolor="#D4E4F3">

<td>şebeke_tipi</td>

<td>&lt;Null&gt;</td>

</tr>

<tr>

<td>SHAPE_Length</td>

<td>12562,989977</td>

</tr>

<tr bgcolor="#D4E4F3">

<td>SHAPE_Area</td>

<td>1302344,86627</td>

</tr>

</table>

</td>

</tr>

</table>

</body>

</html>]]></description>
			<styleUrl>#PolyStyle00321</styleUrl>
			<MultiGeometry>
				<Polygon>
					<outerBoundaryIs>
						<LinearRing>
							<coordinates>
								34.84129201155439,36.86831060664149,0 34.84071266591723,36.86873351729817,0 34.83998317559908,36.86918714226316,0 34.8382084847001,36.86762867755863,0 34.83971635466635,36.86624934869808,0 34.84014665797066,36.86592932482473,0 34.84007737576477,36.8658729256878,0 34.84019435336661,36.86580921726323,0 34.84024159146911,36.86578349006898,0 34.84061942876015,36.86557771075019,0 34.84074800022551,36.86548208830858,0 34.84206868975674,36.86454565976391,0 34.8423682594319,36.86432428676098,0 34.84271560512376,36.86463436421921,0 34.84294861605425,36.86452901671878,0 34.84290769076912,36.86445982852283,0 34.84371646080167,36.86406561773705,0 34.84376034374022,36.86404422883118,0 34.84377060403997,36.86403922769431,0 34.84378442450866,36.86403249123971,0 34.8438190893264,36.86401559515446,0 34.84412635198039,36.86386582587537,0 34.84418710671218,36.86396067215281,0 34.8456964532617,36.86325520548913,0 34.84848617801574,36.86168808543355,0 34.84947585041675,36.86025166215235,0 34.84257860433073,36.85055549221629,0 34.84304573212387,36.8501217914444,0 34.84406760993734,36.85022831502108,0 34.84406639852023,36.85020128138446,0 34.8439894220383,36.85003452437186,0 34.84392759582045,36.84975443817292,0 34.84472215371849,36.84984234124546,0 34.84719598521573,36.85011160588259,0 34.84772786421396,36.85002143606103,0 34.84808318848808,36.84998130057365,0 34.84811469331912,36.84978451877956,0 34.84917963010635,36.84976339303837,0 34.84965207779688,36.8494707190688,0 34.85124292127631,36.84928564507383,0 34.85159014173811,36.8490984658498,0 34.85169197347172,36.84904373513344,0 34.85197876259472,36.84965456354441,0 34.85215857612806,36.84964774566571,0 34.85251711667068,36.85044183133741,0 34.85261500387287,36.85065862447533,0 34.85292320332834,36.85069591471342,0 34.85301496448403,36.85083301855379,0 34.85378809821349,36.85103729181112,0 34.85379605357701,36.8510393930794,0 34.8538959202541,36.85106577889899,0 34.85405266530986,36.85106395983156,0 34.8540936471117,36.85086779943516,0 34.85417867503095,36.85059607502924,0 34.85394565009537,36.84872719451894,0 34.85289900419016,36.84685791257279,0 34.85287718571304,36.84683449199682,0 34.85286512034901,36.84681082290759,0 34.85258550098271,36.84682280212999,0 34.85242404276792,36.84682971932217,0 34.85240342454809,36.8468297721214,0 34.85235294326409,36.84665995141372,0 34.85234186296699,36.84663684917072,0 34.85255094702586,36.8463644349142,0 34.8525919687631,36.84630953376041,0 34.85245475501755,36.84606446140206,0 34.85294778467893,36.84599265100225,0 34.85301829518789,36.8457266147395,0 34.85404657154938,36.8456836791927,0 34.85535528410103,36.8456103354943,0 34.85536626815053,36.84571066909062,0 34.85528321056938,36.84621444163972,0 34.85510524895871,36.84668172277699,0 34.85477822522402,36.84737087708673,0 34.85469195166497,36.84759839966482,0 34.85461574516179,36.84779936883223,0 34.85458017585297,36.84789317243078,0 34.85458207986853,36.84799806067132,0 34.85465307843298,36.84810922629675,0 34.85510321287215,36.84881400881728,0 34.85799926681566,36.84883956456753,0 34.85806476284564,36.85134656810462,0 34.85751816325828,36.85138674919193,0 34.8574196900108,36.85083062773315,0 34.85580674426761,36.85085988868257,0 34.85571987370214,36.85159605717461,0 34.85561716938899,36.85158850624814,0 34.8557077414434,36.85187438482514,0 34.85569695973228,36.85237707810494,0 34.85556186136255,36.85259129395197,0 34.85554220267051,36.85283890744853,0 34.85536831923837,36.85289817709634,0 34.85527965529257,36.85303876210883,0 34.85511356663367,36.85299477374403,0 34.85531056700769,36.85330932690011,0 34.85598410024917,36.85373838514877,0 34.85681028636839,36.85300441806085,0 34.85955665270313,36.85219511068004,0 34.85940931452735,36.85259586849512,0 34.86025350789584,36.85255061822159,0 34.85961970043146,36.85308667610913,0 34.85826505375877,36.85346839791427,0 34.85776612112313,36.85381701452072,0 34.85784267589825,36.85386882003634,0 34.85806954895022,36.85419362441119,0 34.8581187903274,36.85439606348147,0 34.8579765842947,36.85464394492501,0 34.85775632135589,36.85478310300009,0 34.85746804293714,36.85475104829864,0 34.85723354842524,36.85479267560952,0 34.85719469103292,36.8547927772906,0 34.85660215988179,36.85467183133855,0 34.85658513862132,36.85466191141234,0 34.8559829574881,36.85509602820861,0 34.8553454180587,36.85573691181676,0 34.85629845212523,36.8569664601338,0 34.85536779433774,36.85751682570449,0 34.85468635660234,36.85716693412859,0 34.8551130560285,36.85625894839547,0 34.85492131437547,36.85577360390897,0 34.85473923101369,36.85573154846637,0 34.8545729568672,36.85569552463083,0 34.85363753083262,36.85549285705832,0 34.85349917404422,36.85618203052115,0 34.85349235320317,36.85621600781049,0 34.85345898345091,36.85638222071002,0 34.85343861977951,36.85648365259325,0 34.85342871227201,36.85653300325345,0 34.85328475925161,36.85678935189591,0 34.85314488834882,36.85676682893278,0 34.853102782424,36.85706099217256,0 34.85309711627743,36.85710057479665,0 34.85309553428777,36.857431460545,0 34.85309534338997,36.85747139221754,0 34.85297077601037,36.85789939382067,0 34.85292744835762,36.85804826171381,0 34.85282254766054,36.85835337357727,0 34.85278933326093,36.858449979931,0 34.85291817084889,36.85855947921546,0 34.85282752437188,36.85874939038687,0 34.85277071532036,36.85886841015046,0 34.85273893600761,36.85887800004163,0 34.85258826301444,36.85876502119959,0 34.852570048514,36.85871819563867,0 34.85250660969908,36.8587651450584,0 34.85227510012316,36.85893647633292,0 34.85231629085221,36.85899855561323,0 34.85239001693878,36.85910966988941,0 34.85213329973595,36.85943631628582,0 34.85187915008462,36.85977355595148,0 34.85173646827528,36.85970964941873,0 34.85163535518345,36.85966436165865,0 34.85135667131843,36.86008390937779,0 34.85140206025735,36.86013148072433,0 34.85149602711525,36.860229965356,0 34.85136206550264,36.8603678318815,0 34.85125614831028,36.86035371887723,0 34.85087257215973,36.86093793221544,0 34.85177030454238,36.86219196691431,0 34.8529292178897,36.86379628333322,0 34.85229336623087,36.86425702920869,0 34.85096928575986,36.86493882024777,0 34.84968603632939,36.86301940553549,0 34.84853434262626,36.86363851705183,0 34.84859863594986,36.86378288873264,0 34.84846639487765,36.86396697316023,0 34.84809867683764,36.86387271024698,0 34.84779525211915,36.86403581560299,0 34.84748326913099,36.86418278886195,0 34.8475965553039,36.86438711342687,0 34.84719932443858,36.86456205289578,0 34.84707265116428,36.86437622484257,0 34.84597976707914,36.8648910571854,0 34.84413688526702,36.86580066255489,0 34.84402018726681,36.86590362589796,0 34.84404943705783,36.86593927270611,0 34.84379014504577,36.86610659252688,0 34.84317885794424,36.86664592558517,0 34.84320400759936,36.86667419756908,0 34.84290087041097,36.8669507341374,0 34.8426366727337,36.86719174601058,0 34.84251958412727,36.86729855901779,0 34.84248384140347,36.86725911970343,0 34.84129201155439,36.86831060664149,0 
							</coordinates>
						</LinearRing>
					</outerBoundaryIs>
					<innerBoundaryIs>
						<LinearRing>
							<coordinates>
								34.84332056549671,36.85051113643389,0 34.84332460126882,36.85051685404331,0 34.84559194759584,36.85372643781563,0 34.84820822210982,36.85362524120443,0 34.84745187266513,36.85077894422326,0 34.84620625830935,36.85055021810544,0 34.84429381547872,36.85046377068831,0 34.84332056549671,36.85051113643389,0 
							</coordinates>
						</LinearRing>
					</innerBoundaryIs>
				</Polygon>
			</MultiGeometry>
		</Placemark>
		<Placemark id="ID_00005">
			<name>NULL</name>
			<visibility>0</visibility>
			<Snippet maxLines="0"></Snippet>
			<description><![CDATA[<html xmlns:fo="http://www.w3.org/1999/XSL/Format" xmlns:msxsl="urn:schemas-microsoft-com:xslt">

<head>

<META http-equiv="Content-Type" content="text/html">

<meta http-equiv="content-type" content="text/html; charset=UTF-8">

</head>

<body style="margin:0px 0px 0px 0px;overflow:auto;background:#FFFFFF;">

<table style="font-family:Arial,Verdana,Times;font-size:12px;text-align:left;width:100%;border-collapse:collapse;padding:3px 3px 3px 3px">

<tr style="text-align:center;font-weight:bold;background:#9CBCE2">

<td></td>

</tr>

<tr>

<td>

<table style="font-family:Arial,Verdana,Times;font-size:12px;text-align:left;width:100%;border-spacing:0px; padding:3px 3px 3px 3px">

<tr>

<td>SHAPE</td>

<td>Polygon</td>

</tr>

<tr bgcolor="#D4E4F3">

<td>adı</td>

<td>&lt;Null&gt;</td>

</tr>

<tr>

<td>alanı</td>

<td>&lt;Null&gt;</td>

</tr>

<tr bgcolor="#D4E4F3">

<td>şebeke_tipi</td>

<td>&lt;Null&gt;</td>

</tr>

<tr>

<td>SHAPE_Length</td>

<td>15061,613964</td>

</tr>

<tr bgcolor="#D4E4F3">

<td>SHAPE_Area</td>

<td>5542344,739673</td>

</tr>

</table>

</td>

</tr>

</table>

</body>

</html>]]></description>
			<styleUrl>#PolyStyle00321</styleUrl>
			<MultiGeometry>
				<Polygon>
					<outerBoundaryIs>
						<LinearRing>
							<coordinates>
								34.84306420054241,36.89554940967655,0 34.84192338622989,36.89502321435767,0 34.84244565024478,36.89399696730495,0 34.84017179091902,36.89289949058769,0 34.83974931197704,36.89298390368953,0 34.83880105546049,36.8925338390549,0 34.83707788384028,36.89250586193273,0 34.83592111698981,36.89193994286907,0 34.83543977673391,36.89170676166264,0 34.83528673330066,36.89163541980447,0 34.83519275407819,36.89170508842624,0 34.83169377458663,36.89000559604048,0 34.83173525772774,36.88995098239874,0 34.83012865363719,36.88919393057076,0 34.82913505657954,36.88872539659,0 34.82822094731401,36.88829681588653,0 34.82786971003534,36.88813125610937,0 34.82765217700493,36.88840998396187,0 34.82580273877566,36.88759835312369,0 34.82553235037176,36.88747968879331,0 34.82413048925328,36.88679732346173,0 34.82364496347944,36.88659933370307,0 34.82358880665271,36.88664226424892,0 34.82355273144424,36.88697402620123,0 34.8235750387658,36.88724490420415,0 34.82393876102317,36.88802629573823,0 34.82355186078779,36.88814253179969,0 34.82219263576132,36.88919480586357,0 34.82100181781174,36.88968813474259,0 34.82091015396138,36.89032865872667,0 34.82062024928181,36.89118567748637,0 34.8204705611002,36.89157071210464,0 34.82007643273183,36.89197739434372,0 34.81980174702611,36.89207481794101,0 34.81920568711692,36.89237444258796,0 34.81889491466262,36.89278436177084,0 34.818789938405,36.89315288057563,0 34.81872757610738,36.89318364496503,0 34.81845918199453,36.8931340973643,0 34.81678636362185,36.89236943183037,0 34.81599513570795,36.892050584951,0 34.81477525340463,36.89147730082178,0 34.81358111185981,36.89098467344343,0 34.80971088581741,36.88926894609782,0 34.80894847259071,36.88889521998918,0 34.80908451576308,36.88862128366195,0 34.80929091300354,36.88856090590888,0 34.8091677947455,36.88832366624706,0 34.80880601774306,36.88753906055496,0 34.80857968814577,36.88627320983199,0 34.80833065208845,36.88488031216309,0 34.8081186254954,36.88369437197884,0 34.80836815075225,36.88287619080704,0 34.8088617413356,36.882356978773,0 34.80911030094907,36.88183599836059,0 34.80933068103646,36.88137407439059,0 34.80941284480821,36.88120185729488,0 34.80949672087215,36.88102604840768,0 34.8099141521051,36.88015107883709,0 34.81022968605114,36.8794896790116,0 34.80901037611885,36.87894139696623,0 34.80683128066481,36.87796148069908,0 34.80641030749065,36.87777216612418,0 34.80635825563325,36.87774875689568,0 34.80675834740023,36.87719471366355,0 34.80711359457457,36.87669850090243,0 34.80739741922464,36.87630385022897,0 34.80746551359942,36.87620916619717,0 34.80783348586596,36.87569750272662,0 34.80787004840114,36.87564666211429,0 34.80796123073488,36.87551987084638,0 34.80806869191257,36.87537044455804,0 34.80840709335959,36.87489988831568,0 34.80875791173407,36.87507088555031,0 34.8104303410859,36.87581450633584,0 34.81112500731751,36.87474865023229,0 34.81194472777779,36.87426515656956,0 34.8111303293207,36.8737171490062,0 34.81106089252746,36.87360493031675,0 34.81137518399419,36.87308740905545,0 34.81212427059847,36.87307002446646,0 34.81472598681946,36.8741988587602,0 34.81717947851219,36.87032185448302,0 34.81746612907045,36.86977942914575,0 34.81830370635135,36.87022893733138,0 34.81885982948528,36.87039928361338,0 34.82016987640534,36.87035352855474,0 34.82018224655782,36.87029273015066,0 34.8203526918945,36.87025820276853,0 34.82037949693952,36.87025277257626,0 34.82076756628269,36.87017416008782,0 34.82085667063111,36.87025774918174,0 34.82137436117247,36.87029398991857,0 34.82187306262519,36.87029588245786,0 34.82226653269192,36.87036616180595,0 34.82261110042498,36.8705611946811,0 34.82311986877228,36.87106356893537,0 34.82621999300594,36.87386725928143,0 34.8264217989427,36.87366100165192,0 34.82657602351823,36.87350337442952,0 34.82658763165546,36.8734915102615,0 34.82666116728213,36.87341635190986,0 34.82696931264224,36.87310140327455,0 34.82725987240519,36.87317864903905,0 34.82732973795434,36.87347064798755,0 34.82742006660494,36.87338722440067,0 34.82974029512224,36.87434864555423,0 34.83022736727098,36.87379235000341,0 34.83111572868876,36.8740988734833,0 34.83139521769935,36.87393551209328,0 34.83149194759095,36.87393524765652,0 34.83171686960953,36.87396370952811,0 34.8318846449065,36.87371412517285,0 34.83194229344389,36.87362836743034,0 34.83217738215396,36.87327864212693,0 34.83188677370774,36.87285293230182,0 34.83223662041812,36.87222680875838,0 34.83228243063429,36.87222668722808,0 34.83303406445771,36.87246113142267,0 34.83231695943148,36.8735880580227,0 34.83338513619434,36.87422317779554,0 34.83258458018929,36.87507033873018,0 34.83259162413576,36.87507398229297,0 34.83279611279704,36.87488635983061,0 34.83487068002877,36.8759894922333,0 34.83638562671855,36.87689982647883,0 34.83618960653722,36.87710074666636,0 34.83652556037739,36.87728887791442,0 34.83549798715713,36.87828447868333,0 34.83664445351843,36.87930458623183,0 34.83645108244954,36.87948587019624,0 34.83654589720911,36.879629063406,0 34.83539507087644,36.88082505832099,0 34.83536282795336,36.88098878269053,0 34.83546298000876,36.88108024118511,0 34.83662784985988,36.88156304126203,0 34.83637906681933,36.88182675161978,0 34.83684986009813,36.88192183187114,0 34.841614605389,36.88408796211822,0 34.84113734594619,36.88498249435683,0 34.84005521873996,36.88646589483701,0 34.83993385048895,36.88662091854,0 34.84004949230007,36.88666699566241,0 34.83975290596901,36.88711749095297,0 34.83960986497677,36.88742747011212,0 34.84053635078584,36.88763643838158,0 34.84055188825206,36.88763639412771,0 34.84127531754892,36.88784495321664,0 34.84206473560835,36.88811391148203,0 34.84259884666547,36.8883143811695,0 34.84263704893329,36.88834255878685,0 34.84353280169243,36.88866572427231,0 34.84466690694902,36.88732372350152,0 34.84467528911778,36.88731380497666,0 34.84517563666052,36.88738045435494,0 34.84556331909749,36.88758733750652,0 34.84612135580731,36.88791950557216,0 34.84552532478689,36.88867504004654,0 34.84671669048095,36.88883623811747,0 34.84643933496599,36.88923275168627,0 34.84737493048811,36.88934210144961,0 34.84704597462541,36.88977377904889,0 34.84610095791033,36.8910842022769,0 34.84691939254925,36.89150204889634,0 34.84728654105723,36.8911166473141,0 34.84733604813228,36.89114141001422,0 34.84736073747272,36.8911154934145,0 34.84814727884916,36.89150889874916,0 34.84751089423582,36.89242624316192,0 34.84793013068383,36.89270653285948,0 34.84797629971039,36.89273740047371,0 34.84838053346643,36.89227557425583,0 34.84840183285303,36.89225124153916,0 34.8489621311319,36.89249674423211,0 34.84985516720252,36.89277496061608,0 34.84911540726723,36.89403526865193,0 34.84989639314524,36.89446526522686,0 34.84994343043074,36.89449116216193,0 34.85047475301119,36.89396198580029,0 34.85069626575672,36.89389443095232,0 34.85083581828358,36.89397010536807,0 34.85031153637673,36.89447822605361,0 34.84994534701396,36.89483312209396,0 34.84987225199588,36.89495483552701,0 34.84978731005745,36.89492496999745,0 34.84879281718047,36.89439903285081,0 34.84768147517843,36.89496134601536,0 34.84572779947769,36.89414718454929,0 34.84476964099296,36.89423711169192,0 34.84426515662924,36.89394761337542,0 34.84306420054241,36.89554940967655,0 
							</coordinates>
						</LinearRing>
					</outerBoundaryIs>
				</Polygon>
			</MultiGeometry>
		</Placemark>
		<Placemark id="ID_00006">
			<name>NULL</name>
			<visibility>0</visibility>
			<Snippet maxLines="0"></Snippet>
			<description><![CDATA[<html xmlns:fo="http://www.w3.org/1999/XSL/Format" xmlns:msxsl="urn:schemas-microsoft-com:xslt">

<head>

<META http-equiv="Content-Type" content="text/html">

<meta http-equiv="content-type" content="text/html; charset=UTF-8">

</head>

<body style="margin:0px 0px 0px 0px;overflow:auto;background:#FFFFFF;">

<table style="font-family:Arial,Verdana,Times;font-size:12px;text-align:left;width:100%;border-collapse:collapse;padding:3px 3px 3px 3px">

<tr style="text-align:center;font-weight:bold;background:#9CBCE2">

<td></td>

</tr>

<tr>

<td>

<table style="font-family:Arial,Verdana,Times;font-size:12px;text-align:left;width:100%;border-spacing:0px; padding:3px 3px 3px 3px">

<tr>

<td>SHAPE</td>

<td>Polygon</td>

</tr>

<tr bgcolor="#D4E4F3">

<td>adı</td>

<td>&lt;Null&gt;</td>

</tr>

<tr>

<td>alanı</td>

<td>&lt;Null&gt;</td>

</tr>

<tr bgcolor="#D4E4F3">

<td>şebeke_tipi</td>

<td>&lt;Null&gt;</td>

</tr>

<tr>

<td>SHAPE_Length</td>

<td>20668,485303</td>

</tr>

<tr bgcolor="#D4E4F3">

<td>SHAPE_Area</td>

<td>6117156,945669</td>

</tr>

</table>

</td>

</tr>

</table>

</body>

</html>]]></description>
			<styleUrl>#PolyStyle00321</styleUrl>
			<MultiGeometry>
				<Polygon>
					<outerBoundaryIs>
						<LinearRing>
							<coordinates>
								34.77692724052353,36.89566054452563,0 34.77686223284604,36.89568583218883,0 34.77684516987026,36.89569246975468,0 34.77663367124271,36.89564771231982,0 34.77645198687078,36.89560926409086,0 34.77629303332222,36.89557562496253,0 34.77619174560998,36.89555418992268,0 34.7760728681285,36.89552992984747,0 34.77597426957075,36.89550816598531,0 34.77506416832679,36.89566195569605,0 34.77496718981298,36.89570537716214,0 34.77487021230881,36.89574879853487,0 34.77446706848622,36.89618790124916,0 34.77409928748439,36.89630786395142,0 34.77422634673547,36.89697370886461,0 34.77420866183398,36.89733836837164,0 34.7738392854726,36.89738967365363,0 34.77315996618204,36.89728916199386,0 34.77302186007647,36.89748009833612,0 34.77307895446096,36.89820231607519,0 34.77318386589105,36.89827760461413,0 34.77327745883323,36.89847417562533,0 34.77325035637844,36.89868873367675,0 34.77344378101127,36.89886706377016,0 34.77292911800255,36.89904981779446,0 34.77280013485179,36.89940421549394,0 34.77292371253733,36.89948345286999,0 34.77285473079814,36.89968769917326,0 34.77273420128861,36.90020267511183,0 34.7724945706945,36.9002385973932,0 34.77240373066558,36.89984528017897,0 34.77234051121945,36.89959947258462,0 34.77204514994779,36.89961930574028,0 34.7719813736312,36.89942947346142,0 34.77131560021702,36.89953644660997,0 34.77112132833756,36.89945905757752,0 34.77083358477052,36.89944260372223,0 34.77077044854892,36.89927741621034,0 34.77067319509033,36.89896709481823,0 34.77032184643434,36.89840166783789,0 34.77024837663447,36.89814017266767,0 34.77006961347301,36.89786586404187,0 34.76986148818904,36.89723956132632,0 34.76963928855174,36.897209425365,0 34.76932663643079,36.89707680301856,0 34.7690722412622,36.8970010000999,0 34.76908770254459,36.89688164086053,0 34.76881900306951,36.89668444279682,0 34.76865261066065,36.89647444243148,0 34.76854539749016,36.89631118706224,0 34.76847656171184,36.89611761446814,0 34.76871752101773,36.89586873293541,0 34.76908805042996,36.89530664998819,0 34.76930217425672,36.89508496895656,0 34.77065575618981,36.89494078957035,0 34.77071159922993,36.89486013881999,0 34.77099238813139,36.89464042006257,0 34.77144552737458,36.89436985156124,0 34.77267355982784,36.89426689627259,0 34.77273092513666,36.89410265765567,0 34.7730432956988,36.89376817489295,0 34.7741121994737,36.89214199399268,0 34.77506606040134,36.89025329654225,0 34.77525159134772,36.88980337525791,0 34.77568840253509,36.88926450840503,0 34.77632402329515,36.88860488935563,0 34.77767056673965,36.88738753477504,0 34.77862023400166,36.88609196966547,0 34.77950312751994,36.88371018586533,0 34.77960428040637,36.88383621985409,0 34.78004011538595,36.88411278392059,0 34.78001150387203,36.88439258126094,0 34.78004135847156,36.88444778303069,0 34.78011769433022,36.88445063478056,0 34.78067431600806,36.88447142905331,0 34.78136434254372,36.88452541913274,0 34.78200723109376,36.88461871451761,0 34.78229515083866,36.8847119516446,0 34.78265281096732,36.88482777084276,0 34.7827944486822,36.8848820271799,0 34.78314098049816,36.88463085918519,0 34.7831564008324,36.88462430308014,0 34.78351044321148,36.88415306675512,0 34.78352540572317,36.88414680409986,0 34.78385005769315,36.88345535314711,0 34.78390203138066,36.8835015581861,0 34.78392424930619,36.8834542390562,0 34.78422739407609,36.88372373074299,0 34.78447805655226,36.8838610483445,0 34.78489844624944,36.88375798207319,0 34.78496492441561,36.88332453812898,0 34.78522171068111,36.88321535358447,0 34.78525116450759,36.88323326025692,0 34.78544573378774,36.88335154983094,0 34.78562026712289,36.88362468333761,0 34.78604773056488,36.8837001892291,0 34.78608426586922,36.8838679598522,0 34.78567296290985,36.88398497070829,0 34.78551271604009,36.88423304608988,0 34.78558808552779,36.88423010788109,0 34.78587979821686,36.88421873571859,0 34.78615079477867,36.88419735318255,0 34.78616838789114,36.88419728695136,0 34.7861771247697,36.88420001370551,0 34.78650798423708,36.88430328742177,0 34.78652493361992,36.88441242612783,0 34.78655662278408,36.88461648131062,0 34.78658924921086,36.88482656129585,0 34.78659006148613,36.88487912910132,0 34.78639449077185,36.88536174752453,0 34.78638413781658,36.88566494044967,0 34.78617879989005,36.88580163772852,0 34.78602069196307,36.88601759061991,0 34.78600614490024,36.88603080651662,0 34.78596847022568,36.88622140315042,0 34.78645920441214,36.88646340887167,0 34.78639601788415,36.88657195450111,0 34.78562297763175,36.88714087769827,0 34.78521140943061,36.88904621340225,0 34.78509049283637,36.88990953541829,0 34.78516521402215,36.89009025316241,0 34.78457915259385,36.890263013802,0 34.78441213675951,36.8905245299355,0 34.78440872864855,36.89076067553889,0 34.7837455546783,36.89077778967461,0 34.78396258045716,36.89130037645061,0 34.78225955952139,36.89352233254569,0 34.78255147728906,36.89419211362225,0 34.78280863252498,36.89446131214369,0 34.78323707028006,36.89515165568247,0 34.7837594610949,36.89596220392455,0 34.78405341123312,36.89619807465634,0 34.78427489129153,36.89629619971026,0 34.78429436128201,36.89630524140491,0 34.78429933204449,36.89629210557165,0 34.7857025094806,36.89527390103441,0 34.78625041067638,36.8948763085081,0 34.78690422890267,36.89456016414985,0 34.78698251411981,36.89445820611726,0 34.7871076576839,36.89415716138782,0 34.78754022855984,36.89464273856955,0 34.79037785691066,36.89334353118231,0 34.79464431825604,36.89523944307356,0 34.79676030218491,36.89278928333403,0 34.80165991755235,36.89433195418944,0 34.80154366537597,36.89469143435358,0 34.80224290745561,36.89488114964698,0 34.80281008899384,36.89475807315638,0 34.80314071022072,36.89442395497465,0 34.80295791444946,36.89422640798553,0 34.80321561716977,36.89382185264733,0 34.80345798721662,36.89327753722935,0 34.80349766566605,36.89326064781413,0 34.80405566823676,36.89319766925666,0 34.80434438361245,36.8930761466044,0 34.80504140270104,36.89240581962935,0 34.80502305358159,36.89213155875679,0 34.80389372070844,36.89158693702262,0 34.803999591014,36.89113805816443,0 34.80409885622561,36.89065456218514,0 34.8041059725666,36.89064854770547,0 34.80426614407729,36.8904240062494,0 34.80427320503526,36.89042398192154,0 34.80474272800482,36.89023343191668,0 34.80488705096315,36.88989675653872,0 34.8049082599278,36.88981117412118,0 34.80492252212,36.88982175621752,0 34.80497102542646,36.88983756849286,0 34.80500527185256,36.8898427859644,0 34.80607710986136,36.8902118927577,0 34.80612245550374,36.88978414546866,0 34.80608352974111,36.88936075208034,0 34.80603482693896,36.88902571028639,0 34.80580793258181,36.88855982143349,0 34.80582535555172,36.88838366342526,0 34.80598045803913,36.8881888864791,0 34.80609964631608,36.88803920980455,0 34.80698376792152,36.88845358996474,0 34.80755811511444,36.88900923849491,0 34.80804705186613,36.88945480356971,0 34.80851416029485,36.88983817201996,0 34.80852418801057,36.88984656212538,0 34.80884097582815,36.8902620967224,0 34.80885372875258,36.8902889116824,0 34.80908462838843,36.89068515810175,0 34.80922954908213,36.89093385590513,0 34.80948826812909,36.89126265779473,0 34.80938088213534,36.89162891711604,0 34.8093900770532,36.89168975629895,0 34.80949726878227,36.89239901853398,0 34.80957785930025,36.8928641019249,0 34.80923919954814,36.89318393802326,0 34.80888458858863,36.89376233079509,0 34.80837180186056,36.89458422379735,0 34.80798421146639,36.89518253957915,0 34.80815574583178,36.89562677265923,0 34.8092685562958,36.896037672485,0 34.80928200251282,36.89606437945879,0 34.8098579606588,36.89627063332719,0 34.81001411576506,36.89591123421393,0 34.81056515261496,36.8959530687108,0 34.81061242732721,36.89626777153151,0 34.81002056751852,36.89646563783207,0 34.81002030486827,36.89646791587934,0 34.80996893607043,36.89691302699763,0 34.80997996360383,36.89718816077288,0 34.81020374580299,36.8971354723277,0 34.81121181571515,36.89689811923674,0 34.81140430416546,36.89676847916253,0 34.81155088111444,36.89680302412963,0 34.81173433778618,36.89684626120243,0 34.81210794208631,36.89689556810777,0 34.81265471172124,36.89588370757352,0 34.81281042041054,36.89595137866674,0 34.81322197268089,36.89613023810618,0 34.81334615487638,36.89632204346459,0 34.81245290915111,36.89740544188988,0 34.81221416445126,36.89769500310218,0 34.81208229251984,36.89781344642164,0 34.81161286772136,36.89823506260115,0 34.81112635184704,36.89857488902378,0 34.81065905370464,36.89916891513493,0 34.81092052096744,36.89920022755852,0 34.8108811484429,36.89935945207554,0 34.81081137018755,36.89964164195019,0 34.81057946093617,36.89993933563557,0 34.81003984702622,36.90025371961182,0 34.81000663501073,36.90027306883912,0 34.80999158230836,36.90029075148787,0 34.81038136615361,36.90081543371338,0 34.81063240624383,36.90106944729249,0 34.81132010654583,36.90096430549102,0 34.8115287558068,36.90093240445722,0 34.81149295179736,36.90053305698302,0 34.81147563905434,36.9003399525647,0 34.81139690063188,36.9000558227408,0 34.81124164878403,36.89949558228948,0 34.81136059086906,36.89939588994584,0 34.81142100326029,36.89934525603688,0 34.81196725398054,36.89932756648391,0 34.81226796531049,36.89944015179915,0 34.81227830984865,36.89944402468817,0 34.81219649534977,36.89974212978747,0 34.8120388977641,36.89981687274811,0 34.81202219683495,36.89983350371103,0 34.81202172594611,36.89998355807248,0 34.81202113394669,36.90017195483951,0 34.81208459726471,36.90040815947086,0 34.81211334700767,36.90040804081688,0 34.81231893428636,36.90044280745916,0 34.81270200113501,36.90010899313858,0 34.812864725419,36.90012551131318,0 34.81282366396634,36.89980551243421,0 34.81295330301895,36.89977288327412,0 34.81295422563334,36.89977265107095,0 34.81308940469531,36.89973862667555,0 34.81328267238889,36.89973786743124,0 34.8134886839831,36.90003757902367,0 34.81332492310148,36.90013439568764,0 34.81322563951508,36.9001930932485,0 34.81330750051931,36.90050516023189,0 34.81336279254578,36.90058732719051,0 34.81361822565347,36.90085941996144,0 34.8137580904,36.90100840570646,0 34.81378040390936,36.90100268585613,0 34.81379584474613,36.90099872668782,0 34.81395426757462,36.90091382979491,0 34.81417001339558,36.90079821248822,0 34.81447944862708,36.90063238658315,0 34.81455323539188,36.9009316347508,0 34.81461155186102,36.90116814006203,0 34.81417921021038,36.90129714172127,0 34.81417346237533,36.90131687748814,0 34.81413389522646,36.90134014925021,0 34.81402062836573,36.90140676828143,0 34.81401676337469,36.90143672875195,0 34.81392152578956,36.90172147226797,0 34.81379951633795,36.90196127891162,0 34.81382159998979,36.90198167393098,0 34.81398222235929,36.90213001697924,0 34.81424803654917,36.90232572469434,0 34.81393468011682,36.90261333648701,0 34.8139787152349,36.90263989837181,0 34.81417291251885,36.9027570355416,0 34.81473747508075,36.90314299972614,0 34.81533359436298,36.90357747929514,0 34.81549829979928,36.90369752289796,0 34.81589041104609,36.90401749412159,0 34.81627457556209,36.90443736026077,0 34.81641675566367,36.90459275170913,0 34.81685639004603,36.90504528232332,0 34.81733645157552,36.90553942143285,0 34.81534902373569,36.90627718338193,0 34.81538137957707,36.90646217401662,0 34.81324298647966,36.90669390786243,0 34.81238467428086,36.90687815492076,0 34.81190531799409,36.90708876168281,0 34.81030314481336,36.90692721982583,0 34.80993612152785,36.90701610138702,0 34.80919768636608,36.9070988436662,0 34.80897140720906,36.90676140949707,0 34.80867230849627,36.90679795638206,0 34.80831611030799,36.90715063631096,0 34.80807499978795,36.90725814426025,0 34.80734934255229,36.90771639231093,0 34.80518880855936,36.90735112776155,0 34.80505731633887,36.90708145073144,0 34.80474155264682,36.90663075305292,0 34.80417028224318,36.90581694075375,0 34.8041780177445,36.90572203447054,0 34.80442739104789,36.90545164845363,0 34.80469375340478,36.90505363028537,0 34.8048026423948,36.90463605729555,0 34.80464921952429,36.90450557828483,0 34.80423461920232,36.90463542278422,0 34.8038334063187,36.90444001210323,0 34.80356453153511,36.90430905516303,0 34.80316023726218,36.90411213866741,0 34.80147734065984,36.90475144764939,0 34.80069064637186,36.90539295900107,0 34.79969653022662,36.90605415231148,0 34.79969591878427,36.9060558344375,0 34.7996143236569,36.90616322357446,0 34.7994024038268,36.90634979118955,0 34.79884483673158,36.90665739642986,0 34.79808440529442,36.90702597352175,0 34.79737066008992,36.90733593629771,0 34.79684843647725,36.90761404681764,0 34.79662759227081,36.90775392700174,0 34.79465741759366,36.90843170930212,0 34.79357945135742,36.90873648459481,0 34.7931966137609,36.90841621521167,0 34.79239290931714,36.90866138978619,0 34.7922162939355,36.90908414898268,0 34.79124717205834,36.9097187235597,0 34.79122707681824,36.90972819403411,0 34.78987076709382,36.91036739237804,0 34.7898360672563,36.9103770836244,0 34.78897542941633,36.91061742671207,0 34.78873719594457,36.91041197936315,0 34.787979278115,36.91075341482953,0 34.78797365874318,36.91107088544947,0 34.7875398916826,36.91150571471545,0 34.78748813682624,36.91193204431517,0 34.78665799427728,36.91240508598846,0 34.78507956497031,36.91268915814332,0 34.78380272185356,36.91278502732782,0 34.78276806480673,36.91177828249135,0 34.78200947942097,36.91113664112075,0 34.78184467827548,36.91077169479165,0 34.78220621877823,36.91076952733646,0 34.782440135039,36.91034626318439,0 34.78245107289145,36.91032547214195,0 34.78254635382416,36.9099474421494,0 34.78200622978498,36.90927528403133,0 34.78146296546345,36.90897716832892,0 34.78080121066336,36.90835176812196,0 34.77992134810386,36.90790026341546,0 34.77846156305397,36.90794629817858,0 34.7780581478117,36.90855970494596,0 34.77659425088705,36.90876222567906,0 34.77589546701628,36.90832057363791,0 34.77588604794803,36.90751300660653,0 34.77540804916619,36.90733193564267,0 34.77473192867314,36.90770374141564,0 34.77425451117862,36.90719230733345,0 34.77462101564574,36.90702791827418,0 34.77532220046108,36.90612758393495,0 34.77599638045776,36.90664686690916,0 34.77646888294411,36.90671535975509,0 34.7768117063106,36.90541100717132,0 34.77714883561399,36.90402882506783,0 34.77752718685633,36.90345343848372,0 34.77800262859524,36.90270993703069,0 34.77806585137692,36.90261882790954,0 34.77897136583818,36.90202474234211,0 34.77965668035873,36.90132961796957,0 34.77967585283873,36.9012955768174,0 34.78093202122886,36.89980496143444,0 34.78147914796958,36.89948673715857,0 34.78167259513202,36.89924832003859,0 34.78193931086399,36.89867985698742,0 34.78205130120483,36.89844116325963,0 34.78195857337905,36.89831865048968,0 34.78171728123963,36.89799769966886,0 34.78134384651074,36.89750189920208,0 34.78081014030146,36.89679329625503,0 34.7804372814771,36.89629824299283,0 34.7791450253806,36.89579937989865,0 34.77794337432227,36.89533547536739,0 34.77785278566864,36.89530050225293,0 34.77742820216471,36.89546566900034,0 34.77725715284623,36.89553220756204,0 34.77724014791529,36.89540204759385,0 34.77720247379516,36.89522633267082,0 34.77713681953475,36.89526214056944,0 34.77702051274116,36.89542793718267,0 34.77692724052353,36.89566054452563,0 
							</coordinates>
						</LinearRing>
					</outerBoundaryIs>
				</Polygon>
			</MultiGeometry>
		</Placemark>
		<Placemark id="ID_00007">
			<name>NULL</name>
			<visibility>0</visibility>
			<Snippet maxLines="0"></Snippet>
			<description><![CDATA[<html xmlns:fo="http://www.w3.org/1999/XSL/Format" xmlns:msxsl="urn:schemas-microsoft-com:xslt">

<head>

<META http-equiv="Content-Type" content="text/html">

<meta http-equiv="content-type" content="text/html; charset=UTF-8">

</head>

<body style="margin:0px 0px 0px 0px;overflow:auto;background:#FFFFFF;">

<table style="font-family:Arial,Verdana,Times;font-size:12px;text-align:left;width:100%;border-collapse:collapse;padding:3px 3px 3px 3px">

<tr style="text-align:center;font-weight:bold;background:#9CBCE2">

<td></td>

</tr>

<tr>

<td>

<table style="font-family:Arial,Verdana,Times;font-size:12px;text-align:left;width:100%;border-spacing:0px; padding:3px 3px 3px 3px">

<tr>

<td>SHAPE</td>

<td>Polygon</td>

</tr>

<tr bgcolor="#D4E4F3">

<td>adı</td>

<td>&lt;Null&gt;</td>

</tr>

<tr>

<td>alanı</td>

<td>&lt;Null&gt;</td>

</tr>

<tr bgcolor="#D4E4F3">

<td>şebeke_tipi</td>

<td>&lt;Null&gt;</td>

</tr>

<tr>

<td>SHAPE_Length</td>

<td>54,29574</td>

</tr>

<tr bgcolor="#D4E4F3">

<td>SHAPE_Area</td>

<td>11,352542</td>

</tr>

</table>

</td>

</tr>

</table>

</body>

</html>]]></description>
			<styleUrl>#PolyStyle00321</styleUrl>
			<MultiGeometry>
				<Polygon>
					<outerBoundaryIs>
						<LinearRing>
							<coordinates>
								34.77702051274116,36.89542793718267,0 34.77696426075208,36.89559283528433,0 34.77692724052353,36.89566054452563,0 34.77702051274116,36.89542793718267,0 
							</coordinates>
						</LinearRing>
					</outerBoundaryIs>
				</Polygon>
			</MultiGeometry>
		</Placemark>
		<Placemark id="ID_00008">
			<name>NULL</name>
			<visibility>0</visibility>
			<Snippet maxLines="0"></Snippet>
			<description><![CDATA[<html xmlns:fo="http://www.w3.org/1999/XSL/Format" xmlns:msxsl="urn:schemas-microsoft-com:xslt">

<head>

<META http-equiv="Content-Type" content="text/html">

<meta http-equiv="content-type" content="text/html; charset=UTF-8">

</head>

<body style="margin:0px 0px 0px 0px;overflow:auto;background:#FFFFFF;">

<table style="font-family:Arial,Verdana,Times;font-size:12px;text-align:left;width:100%;border-collapse:collapse;padding:3px 3px 3px 3px">

<tr style="text-align:center;font-weight:bold;background:#9CBCE2">

<td></td>

</tr>

<tr>

<td>

<table style="font-family:Arial,Verdana,Times;font-size:12px;text-align:left;width:100%;border-spacing:0px; padding:3px 3px 3px 3px">

<tr>

<td>SHAPE</td>

<td>Polygon</td>

</tr>

<tr bgcolor="#D4E4F3">

<td>adı</td>

<td>&lt;Null&gt;</td>

</tr>

<tr>

<td>alanı</td>

<td>&lt;Null&gt;</td>

</tr>

<tr bgcolor="#D4E4F3">

<td>şebeke_tipi</td>

<td>&lt;Null&gt;</td>

</tr>

<tr>

<td>SHAPE_Length</td>

<td>11,638842</td>

</tr>

<tr bgcolor="#D4E4F3">

<td>SHAPE_Area</td>

<td>1,409148</td>

</tr>

</table>

</td>

</tr>

</table>

</body>

</html>]]></description>
			<styleUrl>#PolyStyle00321</styleUrl>
			<MultiGeometry>
				<Polygon>
					<outerBoundaryIs>
						<LinearRing>
							<coordinates>
								34.77246719269346,36.87177803353764,0 34.77246636617519,36.87179251138273,0 34.77244473323718,36.87182677475634,0 34.77246719269346,36.87177803353764,0 
							</coordinates>
						</LinearRing>
					</outerBoundaryIs>
				</Polygon>
			</MultiGeometry>
		</Placemark>
		<Placemark id="ID_00009">
			<name>NULL</name>
			<visibility>0</visibility>
			<Snippet maxLines="0"></Snippet>
			<description><![CDATA[<html xmlns:fo="http://www.w3.org/1999/XSL/Format" xmlns:msxsl="urn:schemas-microsoft-com:xslt">

<head>

<META http-equiv="Content-Type" content="text/html">

<meta http-equiv="content-type" content="text/html; charset=UTF-8">

</head>

<body style="margin:0px 0px 0px 0px;overflow:auto;background:#FFFFFF;">

<table style="font-family:Arial,Verdana,Times;font-size:12px;text-align:left;width:100%;border-collapse:collapse;padding:3px 3px 3px 3px">

<tr style="text-align:center;font-weight:bold;background:#9CBCE2">

<td></td>

</tr>

<tr>

<td>

<table style="font-family:Arial,Verdana,Times;font-size:12px;text-align:left;width:100%;border-spacing:0px; padding:3px 3px 3px 3px">

<tr>

<td>SHAPE</td>

<td>Polygon</td>

</tr>

<tr bgcolor="#D4E4F3">

<td>adı</td>

<td>&lt;Null&gt;</td>

</tr>

<tr>

<td>alanı</td>

<td>&lt;Null&gt;</td>

</tr>

<tr bgcolor="#D4E4F3">

<td>şebeke_tipi</td>

<td>&lt;Null&gt;</td>

</tr>

<tr>

<td>SHAPE_Length</td>

<td>17126,638107</td>

</tr>

<tr bgcolor="#D4E4F3">

<td>SHAPE_Area</td>

<td>4579680,532063</td>

</tr>

</table>

</td>

</tr>

</table>

</body>

</html>]]></description>
			<styleUrl>#PolyStyle00321</styleUrl>
			<MultiGeometry>
				<Polygon>
					<outerBoundaryIs>
						<LinearRing>
							<coordinates>
								34.7212950805757,36.88816537160341,0 34.72144515870028,36.88832544331832,0 34.72180205012058,36.88859025716214,0 34.72354744790307,36.890447872987,0 34.72500489688629,36.89145239627652,0 34.72607241506749,36.89037674828646,0 34.72725782672529,36.89038299497067,0 34.729764744699,36.89029882078466,0 34.73026890998855,36.89012251446823,0 34.73318745405494,36.89235507669299,0 34.73240661051611,36.89288158569227,0 34.73370473247791,36.89405865987661,0 34.73669377696478,36.8948315554716,0 34.73788957882918,36.89532381303385,0 34.73785934561382,36.89509734407217,0 34.73961323993045,36.89477934794829,0 34.73923959833341,36.89445071678061,0 34.73938511002297,36.89391281952844,0 34.73915630798943,36.89325080895119,0 34.73873699054516,36.89322117434308,0 34.73725132416118,36.89224952904458,0 34.73290956528964,36.88879903952146,0 34.73222624080542,36.88851567448675,0 34.73181992805236,36.88861597228936,0 34.73202397708248,36.88840160487538,0 34.73221380161345,36.88806635524539,0 34.73222487666126,36.88805761211557,0 34.7322312246734,36.88804347400607,0 34.73225069295852,36.88787162592086,0 34.73224686123518,36.88785703956643,0 34.73223804570895,36.88784198147785,0 34.73206395616673,36.88772155043306,0 34.73202696033843,36.88769477300597,0 34.73200929996797,36.88767467558856,0 34.73173876725546,36.88751198575735,0 34.73172070321459,36.88750128251316,0 34.73168468550224,36.88747994290915,0 34.73168119586268,36.88747080734462,0 34.73144757960952,36.88730009127016,0 34.73142544905517,36.88728933187888,0 34.7313994286129,36.88727397016301,0 34.73131997037201,36.88705222468661,0 34.73119515285693,36.88675016578526,0 34.7311933419641,36.88673198875577,0 34.73110878639617,36.88642702925878,0 34.73109051349541,36.88638584660891,0 34.7310889467806,36.88636894051009,0 34.73105546369651,36.8861210908877,0 34.73104452430254,36.88607780039489,0 34.73109914508117,36.88583823732623,0 34.73110399521944,36.88581888432526,0 34.73122556105201,36.88564229918158,0 34.73124617701036,36.88562074699247,0 34.73140154070438,36.88541121103579,0 34.73153038170162,36.885231491957,0 34.73150378198374,36.88501311409988,0 34.7312617545436,36.88468632270879,0 34.73122486240474,36.88465382269497,0 34.73098353678458,36.88443855566229,0 34.73095203684473,36.88442143313822,0 34.73072717768703,36.88426794311352,0 34.73088703010643,36.88406444626983,0 34.73104765800142,36.88397075697102,0 34.7310961742084,36.88372411355066,0 34.73110209543933,36.88369401270207,0 34.73114774491817,36.88342939958353,0 34.73114486860774,36.88341158778775,0 34.73114538619371,36.88337677145993,0 34.73123718721627,36.8831982846484,0 34.73124438318421,36.883193432433,0 34.73145279014555,36.88303882158406,0 34.73145976188815,36.88303412765403,0 34.73175805989209,36.88300591132371,0 34.73200134151332,36.8829094186936,0 34.73255975329567,36.88337507356964,0 34.73294524265715,36.88314551348992,0 34.73304905954603,36.88305944631258,0 34.73307157976009,36.88304797994735,0 34.733093026033,36.88303258589076,0 34.73389249656493,36.88245873033819,0 34.73391913174447,36.8824396108838,0 34.73447641610611,36.8820050095065,0 34.73460837136393,36.88190210057389,0 34.73489679445022,36.88162780928933,0 34.73587563723974,36.88117463755956,0 34.73684250721407,36.88079597164666,0 34.73721992151638,36.8806481573283,0 34.73819455553568,36.88013046722477,0 34.73873371415257,36.87973135277873,0 34.73883487219393,36.87965646998693,0 34.73885717469953,36.87965062466578,0 34.73927187425996,36.87954194768163,0 34.73933305515024,36.87955973130005,0 34.73919451148329,36.87967755984678,0 34.73957979639572,36.87980236408344,0 34.7398350181051,36.87997498781951,0 34.74051706067297,36.88039046663069,0 34.7413731043727,36.88094536519365,0 34.74152094434932,36.88120251370704,0 34.7414516376094,36.88147188210199,0 34.74119117924235,36.88161101484651,0 34.74116902999449,36.88163231990177,0 34.74102613628057,36.88179133692545,0 34.74100552638848,36.8818039981006,0 34.74099612269751,36.8818178758958,0 34.74090299741487,36.88194927472041,0 34.74090032792406,36.88195924567437,0 34.74092682812546,36.88206055881871,0 34.74108912367927,36.88215145254879,0 34.74111462692839,36.88217012132816,0 34.74113312436705,36.88219348509269,0 34.74116225037218,36.88222345581143,0 34.74117280593264,36.88222996108529,0 34.74153958172523,36.8823225295916,0 34.74186135855294,36.88240748517814,0 34.74214490131686,36.88247378948208,0 34.7428118488682,36.88260781264993,0 34.74324319180739,36.88265266815315,0 34.74372144144846,36.88277832976115,0 34.74373896836528,36.88279548722713,0 34.74393223855283,36.88290870904216,0 34.7439462298426,36.88292062933481,0 34.74419894936939,36.88315587432837,0 34.74464820145115,36.88362053953464,0 34.7446640483441,36.88363416395477,0 34.74485955919828,36.8840086955998,0 34.74487112306146,36.88401634124016,0 34.74490301299122,36.88435959566853,0 34.74494218646823,36.88466124555885,0 34.74509206033702,36.88472060981112,0 34.7451251669842,36.88473137756089,0 34.74536273871433,36.88472653897368,0 34.74578012572096,36.88463951463351,0 34.74580053931415,36.88463552997945,0 34.74611190954119,36.8845747554374,0 34.7463365384687,36.88452832460933,0 34.74634390585157,36.88451527311962,0 34.74646130679231,36.88441819848525,0 34.74646842509499,36.88440544448533,0 34.74646193260362,36.88424561315585,0 34.74639556159215,36.88414174635292,0 34.74604095886262,36.88375566522763,0 34.74667839674521,36.88415271256046,0 34.74843696778759,36.88458363112431,0 34.75039775990766,36.88620504183396,0 34.74991614276863,36.88695619601336,0 34.75128507327192,36.88813796383171,0 34.75171256831879,36.88865631784508,0 34.7522400576151,36.88939259635739,0 34.75174797812744,36.88968603033807,0 34.75098033407405,36.89039371022269,0 34.75060021236374,36.89038977387701,0 34.74957011102131,36.89173854881271,0 34.74842953628637,36.89249940056575,0 34.74749863285747,36.89347178931244,0 34.74776774027958,36.8940749582896,0 34.74844402794202,36.89504051184242,0 34.74894650465713,36.89526563355711,0 34.74911805521656,36.89562678961693,0 34.74921151658108,36.89614410772234,0 34.7493997146538,36.89886000897206,0 34.74921813979846,36.89903558055004,0 34.74866973859862,36.89940137587241,0 34.74843484453984,36.89990596003471,0 34.74861040036915,36.90030846659335,0 34.74836981688951,36.90046281390349,0 34.74837856905984,36.90048379070272,0 34.7481723983176,36.90062235165649,0 34.7483657768744,36.90106028090916,0 34.74850409494211,36.90147403628821,0 34.74752992434399,36.90217299363673,0 34.74755510205395,36.90223576611781,0 34.74562817501315,36.90371762119707,0 34.73921853755078,36.90578233960166,0 34.73619972084825,36.90127130205457,0 34.73113623811235,36.90338363986946,0 34.72761106151688,36.90115615918048,0 34.72770779906306,36.9008806647192,0 34.72763775414683,36.90083624988987,0 34.72767593369995,36.90066133463274,0 34.72767878117328,36.9006443742289,0 34.72773342694606,36.90037103235445,0 34.72791868098311,36.90019382707283,0 34.72773754720486,36.89974464270094,0 34.72771675588743,36.89971975637486,0 34.72769867283393,36.89968014787942,0 34.72756872033886,36.89918716096882,0 34.72756616408784,36.89915890248645,0 34.72752777634148,36.89882598966803,0 34.72736689361729,36.89869373371333,0 34.72732137896265,36.89863975837292,0 34.72706516644367,36.89805048096237,0 34.72670797468582,36.89795049064897,0 34.72653911960981,36.89746946799895,0 34.72652011356315,36.89739168396488,0 34.72660565788257,36.89698337688768,0 34.72668288962781,36.89661478721047,0 34.72669458445912,36.89655896504908,0 34.72713334218961,36.89640682918152,0 34.72687975661147,36.89607525835119,0 34.7268225313424,36.89602820584346,0 34.72680379707527,36.8959580440998,0 34.72659710180378,36.89574296928903,0 34.72633206871831,36.89546718963222,0 34.72608528649518,36.89449625534031,0 34.725190261922,36.89456045457574,0 34.72514895180002,36.89455617920574,0 34.72508698551295,36.89454976659035,0 34.72498333458078,36.89405691877896,0 34.7249858457507,36.89399748145381,0 34.72603339664851,36.89389044433765,0 34.7260064061536,36.8934632753096,0 34.72598596130354,36.89338789967459,0 34.7259851015687,36.89333328569652,0 34.72522801504253,36.89328201763387,0 34.72521869689307,36.89327196785109,0 34.7249495089706,36.89305552528116,0 34.72492150017739,36.89304374231082,0 34.72433133600868,36.89324376928769,0 34.72425760776292,36.89342122593535,0 34.72425518243315,36.89344909265144,0 34.72392747819637,36.89347164142544,0 34.72389812749248,36.8934685981336,0 34.72319494583514,36.89351948111365,0 34.72264217670527,36.89314210721408,0 34.72256374363109,36.89308791056994,0 34.72255928239669,36.89305992742275,0 34.72259251771921,36.89268734151825,0 34.72293664472262,36.89209110256133,0 34.72261095019937,36.89175301016356,0 34.72257142164614,36.89170465873441,0 34.72254189956004,36.89166854567663,0 34.72223897717408,36.8914736709397,0 34.72217903381614,36.89143511365605,0 34.72217141272881,36.89140208102919,0 34.72236993260491,36.89114792043888,0 34.7218052176514,36.89063309909519,0 34.72176633049268,36.89061919265,0 34.72171980386199,36.89058480854062,0 34.721712139268,36.8905643618984,0 34.7210104330785,36.89002355801824,0 34.72091150085657,36.88996696399132,0 34.72085978477416,36.88992471662058,0 34.72008718804619,36.88937051259722,0 34.72001064494299,36.88932787441825,0 34.71999589747625,36.88930904986653,0 34.71997383519809,36.88928088789459,0 34.71970793812677,36.8888665882666,0 34.71968196862038,36.88882296083816,0 34.71921361017556,36.88844637434375,0 34.71852281599381,36.8886897697835,0 34.71851891183666,36.88866978678665,0 34.71825934958265,36.88845022383636,0 34.71823698601362,36.88841634057815,0 34.71822646321332,36.88839638389958,0 34.71799365207158,36.88804177689913,0 34.7179640443587,36.88798526116017,0 34.7179204756503,36.88763572173975,0 34.71791491237204,36.88760168108316,0 34.71799048137927,36.88723232162477,0 34.71811129724234,36.8868064147446,0 34.71820007169399,36.88658723643383,0 34.71828239285541,36.88648364996016,0 34.71778346641184,36.88546381768464,0 34.7176243228383,36.8855364404127,0 34.71729306941072,36.88494091627318,0 34.71707875362036,36.88473301857659,0 34.71698857137787,36.88464553552185,0 34.71639433750919,36.884304097012,0 34.71566696825295,36.88415648351444,0 34.7156311029774,36.8841528174495,0 34.71521278473381,36.88402535225541,0 34.7154508226436,36.88335321347988,0 34.71537681083088,36.88323983357726,0 34.71544534015376,36.88300285597956,0 34.71551654555164,36.88275662168544,0 34.71554233052457,36.88274071202918,0 34.71577839302626,36.88253673301044,0 34.71584156131334,36.88244832575412,0 34.71620052182131,36.8819459369488,0 34.71737856616785,36.8824967015428,0 34.71781596408484,36.88216358775851,0 34.71880017804162,36.88273835097613,0 34.7195940118572,36.8833327131404,0 34.7205857531681,36.88266122019539,0 34.72122603201767,36.88274646424325,0 34.72132669813182,36.88262633891285,0 34.72136132371259,36.88257771287378,0 34.72155103858555,36.88235095656136,0 34.72187605061641,36.88197377306351,0 34.72189898307373,36.8819528234353,0 34.72205812175628,36.88168887855804,0 34.72210219616485,36.88135553892746,0 34.7221090680551,36.88133534123892,0 34.72230029273397,36.88125179016725,0 34.72234240255334,36.88123570277376,0 34.72253704407627,36.88125591179716,0 34.72262061853547,36.88126458859304,0 34.7226491503356,36.88126755039505,0 34.72268481566448,36.88127125330548,0 34.72292531348534,36.88119504381258,0 34.72318408944438,36.88111599268948,0 34.72320508737371,36.88111817401271,0 34.72382638412909,36.88104029817072,0 34.72385176194302,36.88104964727469,0 34.72404478117277,36.88112075979086,0 34.72427990522478,36.88145034913681,0 34.72454311838818,36.88193156005528,0 34.72489352536373,36.88201283925692,0 34.72502547433563,36.88185062738371,0 34.72501462630984,36.88157470013708,0 34.72501666131749,36.88154745915125,0 34.72556919598832,36.88140312266736,0 34.72559027390709,36.88140531231981,0 34.72596182810628,36.88136527822258,0 34.72596453430437,36.88137903029924,0 34.72592269297586,36.88139704483656,0 34.7260072833127,36.88159624941211,0 34.72600856923464,36.88160278256466,0 34.72554654904886,36.88185435562566,0 34.7257163060846,36.88220312010057,0 34.7258591974846,36.88215767460027,0 34.72600104575204,36.8823011341347,0 34.72617998972345,36.8824356251652,0 34.72645958200783,36.88265875113562,0 34.72649682941439,36.88268847589368,0 34.72691732754608,36.88289405707961,0 34.72694410092991,36.88300944487667,0 34.72658153171697,36.88309234180388,0 34.7264978417839,36.88311147671487,0 34.72654897374936,36.88347515757044,0 34.72671609822107,36.88416715518235,0 34.72628390323072,36.88428715464967,0 34.72596949191901,36.88438144412468,0 34.72605024351423,36.88455610587283,0 34.72595123929644,36.88474727703569,0 34.72631034270234,36.88510057934381,0 34.72626952950701,36.88513742787085,0 34.7259794822219,36.88524520791893,0 34.72593716405358,36.88525504344373,0 34.72544264167793,36.88536998126355,0 34.72523677467677,36.88540439635911,0 34.72522056033687,36.8854480475235,0 34.72514464016019,36.88553644021466,0 34.72503615756225,36.88561337197544,0 34.72499275684437,36.88558768129238,0 34.72493064782336,36.88567388044127,0 34.72482936525938,36.88581444745039,0 34.72469444443683,36.88594976031563,0 34.72442271701147,36.88579316121224,0 34.72429274600242,36.88568319973361,0 34.72349987812465,36.88539332462949,0 34.72343608976012,36.88529929398184,0 34.7233670884664,36.88508767630609,0 34.72330413989074,36.88489462308967,0 34.72329808759583,36.88487605947425,0 34.72319520986991,36.8847578251113,0 34.72309233246514,36.8846395906488,0 34.72275304840851,36.88460061067704,0 34.72241376578069,36.8845616297106,0 34.7221610143491,36.88455513322773,0 34.72194698868365,36.88472857711723,0 34.72164190557498,36.88464470906025,0 34.72139759278704,36.8846906746061,0 34.7213343147053,36.8847519956692,0 34.7213128973104,36.88496003770329,0 34.72096249399662,36.88519638816827,0 34.72093188453204,36.88514197697419,0 34.72029588176361,36.88575829398233,0 34.71984815901676,36.88619215128728,0 34.71969935461659,36.88633868836112,0 34.7196169399303,36.88639509833857,0 34.71965426252802,36.88644481315316,0 34.71989666221651,36.88674141394404,0 34.7200280414667,36.88686292226105,0 34.72003129866552,36.88686746291725,0 34.72025250830336,36.88709276824986,0 34.72049984277005,36.88736306729836,0 34.72069080810844,36.88752084791784,0 34.72072924923503,36.88756185004996,0 34.72079149300005,36.88775667512665,0 34.7207941525868,36.88778727311773,0 34.72084843825919,36.88797907677157,0 34.72085532499643,36.88799563736115,0 34.72085679172611,36.88801168698969,0 34.72093261779129,36.88818145538243,0 34.72103496904204,36.88830306846464,0 34.72113130400697,36.8883074557444,0 34.72127237718594,36.88817847074149,0 34.7212950805757,36.88816537160341,0 
							</coordinates>
						</LinearRing>
					</outerBoundaryIs>
				</Polygon>
			</MultiGeometry>
		</Placemark>
		<Placemark id="ID_00010">
			<name>NULL</name>
			<visibility>0</visibility>
			<Snippet maxLines="0"></Snippet>
			<description><![CDATA[<html xmlns:fo="http://www.w3.org/1999/XSL/Format" xmlns:msxsl="urn:schemas-microsoft-com:xslt">

<head>

<META http-equiv="Content-Type" content="text/html">

<meta http-equiv="content-type" content="text/html; charset=UTF-8">

</head>

<body style="margin:0px 0px 0px 0px;overflow:auto;background:#FFFFFF;">

<table style="font-family:Arial,Verdana,Times;font-size:12px;text-align:left;width:100%;border-collapse:collapse;padding:3px 3px 3px 3px">

<tr style="text-align:center;font-weight:bold;background:#9CBCE2">

<td></td>

</tr>

<tr>

<td>

<table style="font-family:Arial,Verdana,Times;font-size:12px;text-align:left;width:100%;border-spacing:0px; padding:3px 3px 3px 3px">

<tr>

<td>SHAPE</td>

<td>Polygon</td>

</tr>

<tr bgcolor="#D4E4F3">

<td>adı</td>

<td>&lt;Null&gt;</td>

</tr>

<tr>

<td>alanı</td>

<td>&lt;Null&gt;</td>

</tr>

<tr bgcolor="#D4E4F3">

<td>şebeke_tipi</td>

<td>&lt;Null&gt;</td>

</tr>

<tr>

<td>SHAPE_Length</td>

<td>6003,158456</td>

</tr>

<tr bgcolor="#D4E4F3">

<td>SHAPE_Area</td>

<td>1133651,458042</td>

</tr>

</table>

</td>

</tr>

</table>

</body>

</html>]]></description>
			<styleUrl>#PolyStyle00321</styleUrl>
			<MultiGeometry>
				<Polygon>
					<outerBoundaryIs>
						<LinearRing>
							<coordinates>
								34.77969867097116,36.85924764734107,0 34.77937280085558,36.85958715005413,0 34.77657753497203,36.85857588588316,0 34.77640470038979,36.85880108438935,0 34.7747135309074,36.85827175290649,0 34.77425031053968,36.8581660114761,0 34.77464798213472,36.85783401203198,0 34.77606180082498,36.85470474510718,0 34.77784128614542,36.85529856446666,0 34.77856145176238,36.85303786670838,0 34.77928232768066,36.85179329667192,0 34.77927039382523,36.8517912950229,0 34.77962015641683,36.85102250511284,0 34.77886401362048,36.85080232174538,0 34.77864551469337,36.85111820818118,0 34.77745774739277,36.85012830737128,0 34.77836712285993,36.84714987137055,0 34.77879906013604,36.84774344482445,0 34.78069750953525,36.84580900907383,0 34.78099515323725,36.8454643402003,0 34.78158639787736,36.84632561862221,0 34.78166633389547,36.84650580340492,0 34.78417537034277,36.84333322841786,0 34.78311409095518,36.8429101666315,0 34.78335069847095,36.84225005560293,0 34.78502623811082,36.84290935280973,0 34.78788022086766,36.8443995003726,0 34.7881472370178,36.84421255962755,0 34.78820816898109,36.84444505636484,0 34.78850899018028,36.84477185340755,0 34.78798359608059,36.84511248908396,0 34.78849032123509,36.84624975800474,0 34.78885714531486,36.84783250896464,0 34.7890012285341,36.84831197664138,0 34.78940200487976,36.85019636586403,0 34.78935902827432,36.85044169387952,0 34.78922062845293,36.85063142216449,0 34.78892924653677,36.85085088279446,0 34.7863231598198,36.85242090740671,0 34.78469907038463,36.85323603425788,0 34.78163462603998,36.85477396591364,0 34.78119211173039,36.85614368742501,0 34.7813239291339,36.85625546538136,0 34.78088474465065,36.85749365342597,0 34.77969867097116,36.85924764734107,0 
							</coordinates>
						</LinearRing>
					</outerBoundaryIs>
				</Polygon>
			</MultiGeometry>
		</Placemark>
		<Placemark id="ID_00011">
			<name>NULL</name>
			<visibility>0</visibility>
			<Snippet maxLines="0"></Snippet>
			<description><![CDATA[<html xmlns:fo="http://www.w3.org/1999/XSL/Format" xmlns:msxsl="urn:schemas-microsoft-com:xslt">

<head>

<META http-equiv="Content-Type" content="text/html">

<meta http-equiv="content-type" content="text/html; charset=UTF-8">

</head>

<body style="margin:0px 0px 0px 0px;overflow:auto;background:#FFFFFF;">

<table style="font-family:Arial,Verdana,Times;font-size:12px;text-align:left;width:100%;border-collapse:collapse;padding:3px 3px 3px 3px">

<tr style="text-align:center;font-weight:bold;background:#9CBCE2">

<td></td>

</tr>

<tr>

<td>

<table style="font-family:Arial,Verdana,Times;font-size:12px;text-align:left;width:100%;border-spacing:0px; padding:3px 3px 3px 3px">

<tr>

<td>SHAPE</td>

<td>Polygon</td>

</tr>

<tr bgcolor="#D4E4F3">

<td>adı</td>

<td>&lt;Null&gt;</td>

</tr>

<tr>

<td>alanı</td>

<td>&lt;Null&gt;</td>

</tr>

<tr bgcolor="#D4E4F3">

<td>şebeke_tipi</td>

<td>&lt;Null&gt;</td>

</tr>

<tr>

<td>SHAPE_Length</td>

<td>5712,603883</td>

</tr>

<tr bgcolor="#D4E4F3">

<td>SHAPE_Area</td>

<td>1065001,441295</td>

</tr>

</table>

</td>

</tr>

</table>

</body>

</html>]]></description>
			<styleUrl>#PolyStyle00321</styleUrl>
			<MultiGeometry>
				<Polygon>
					<outerBoundaryIs>
						<LinearRing>
							<coordinates>
								34.65949649253161,36.87660463102161,0 34.65946037061743,36.87662123364491,0 34.65889543047771,36.87723466625895,0 34.65860785134046,36.8771076630601,0 34.65856157622864,36.8771028333727,0 34.6585086758883,36.87706516357279,0 34.65793663123016,36.87684597978859,0 34.65787358852941,36.87680777161425,0 34.65784504598454,36.87677325524597,0 34.65735499275119,36.87649344266143,0 34.65695386708442,36.8764721034466,0 34.65651673107066,36.87651861646572,0 34.65609295637108,36.87713166217576,0 34.65544876000888,36.87686432147395,0 34.65523262014125,36.87675286064962,0 34.65436224623663,36.87592707005508,0 34.65433934091035,36.87573221258631,0 34.65492953744306,36.87491120665595,0 34.65482149361564,36.87475968223107,0 34.65313231771572,36.87437479203589,0 34.65346918008063,36.87382159079097,0 34.65397255846997,36.87335175931303,0 34.65387027687179,36.87314828464604,0 34.65373071296841,36.87312118037231,0 34.65359425504346,36.8731803153292,0 34.65260187532068,36.87308155756998,0 34.65252156167665,36.87299109656959,0 34.65268646838746,36.87248893932404,0 34.65263983389257,36.87186762030926,0 34.6529165511709,36.87090575649066,0 34.65320634270049,36.8707045696408,0 34.65284311372798,36.8703781297908,0 34.65229636814345,36.86938648347655,0 34.65204315721113,36.869206371307,0 34.65229885548239,36.86831977605662,0 34.65241827772201,36.86640047598618,0 34.65299208941614,36.86565319226857,0 34.65363122003431,36.86466651373187,0 34.65416357639509,36.86474507657927,0 34.65427181721677,36.86446508737694,0 34.65427715072595,36.86443431941621,0 34.65444049970441,36.86411287403568,0 34.65446660224575,36.86408536731042,0 34.65465630287712,36.86357583663404,0 34.65468439111129,36.86353113507688,0 34.65487242067677,36.86312294459167,0 34.65487518108237,36.86310504497318,0 34.65496739797086,36.86276667693405,0 34.6550551675996,36.86218963526036,0 34.65507793244598,36.86216734323864,0 34.65460068649399,36.86201119382803,0 34.65461494990373,36.8617516196442,0 34.65463880930456,36.86133115309726,0 34.65459993613664,36.8613194053617,0 34.6555827974342,36.86078867070841,0 34.65606211437181,36.86102788838447,0 34.65621054984486,36.86117066494902,0 34.65637767222548,36.86128463594581,0 34.65658908113088,36.86142880740289,0 34.65673035506694,36.86182456980451,0 34.65686656570558,36.86304116377941,0 34.65679845637296,36.86349857106597,0 34.65668326425012,36.86388909472075,0 34.65712758815902,36.86397530729577,0 34.65713282506078,36.86431600432551,0 34.65646434871883,36.86430396487042,0 34.65645628201288,36.86476072865918,0 34.65648346099642,36.86476075898163,0 34.66063022845948,36.86532770813726,0 34.66095034742134,36.86564793436111,0 34.66125532063604,36.86578759217733,0 34.66142915696743,36.86779113185861,0 34.6614712417851,36.86827615181031,0 34.66147597974317,36.86833076232591,0 34.66158667774443,36.86960651310473,0 34.66224591075511,36.87033182437701,0 34.66324377079349,36.86974868248895,0 34.66395646850411,36.87048720022771,0 34.66286238474333,36.87116463200017,0 34.66229467224836,36.87135144417234,0 34.66122105129515,36.8722563988293,0 34.6610122098916,36.87212603429594,0 34.66127168858444,36.87246968010439,0 34.66104709235345,36.8728613169769,0 34.66102529735239,36.87286805009587,0 34.66068096696766,36.87315256458786,0 34.65998767887911,36.8733820612014,0 34.66003964464739,36.87345666810683,0 34.66032002438791,36.87348128525635,0 34.66045718776964,36.87365869631309,0 34.66181446831604,36.8740704538595,0 34.66185359853343,36.87440972852886,0 34.66197553197919,36.87496381975802,0 34.66156952117407,36.87593144113979,0 34.66106366212956,36.87610337931392,0 34.66075702134183,36.87617335179782,0 34.66015847398958,36.8763127946816,0 34.65969698284338,36.87635559011016,0 34.65949649253161,36.87660463102161,0 
							</coordinates>
						</LinearRing>
					</outerBoundaryIs>
				</Polygon>
			</MultiGeometry>
		</Placemark>
		<Placemark id="ID_00012">
			<name>NULL</name>
			<visibility>0</visibility>
			<Snippet maxLines="0"></Snippet>
			<description><![CDATA[<html xmlns:fo="http://www.w3.org/1999/XSL/Format" xmlns:msxsl="urn:schemas-microsoft-com:xslt">

<head>

<META http-equiv="Content-Type" content="text/html">

<meta http-equiv="content-type" content="text/html; charset=UTF-8">

</head>

<body style="margin:0px 0px 0px 0px;overflow:auto;background:#FFFFFF;">

<table style="font-family:Arial,Verdana,Times;font-size:12px;text-align:left;width:100%;border-collapse:collapse;padding:3px 3px 3px 3px">

<tr style="text-align:center;font-weight:bold;background:#9CBCE2">

<td></td>

</tr>

<tr>

<td>

<table style="font-family:Arial,Verdana,Times;font-size:12px;text-align:left;width:100%;border-spacing:0px; padding:3px 3px 3px 3px">

<tr>

<td>SHAPE</td>

<td>Polygon</td>

</tr>

<tr bgcolor="#D4E4F3">

<td>adı</td>

<td>&lt;Null&gt;</td>

</tr>

<tr>

<td>alanı</td>

<td>&lt;Null&gt;</td>

</tr>

<tr bgcolor="#D4E4F3">

<td>şebeke_tipi</td>

<td>&lt;Null&gt;</td>

</tr>

<tr>

<td>SHAPE_Length</td>

<td>3568,460091</td>

</tr>

<tr bgcolor="#D4E4F3">

<td>SHAPE_Area</td>

<td>353842,753466</td>

</tr>

</table>

</td>

</tr>

</table>

</body>

</html>]]></description>
			<styleUrl>#PolyStyle00321</styleUrl>
			<MultiGeometry>
				<Polygon>
					<outerBoundaryIs>
						<LinearRing>
							<coordinates>
								34.66418299556976,36.88687767288297,0 34.6637136945052,36.88670515133577,0 34.66442404913544,36.88485899709828,0 34.66576551501457,36.8837455562255,0 34.66666468557593,36.88313897554736,0 34.66708339467099,36.88277790698597,0 34.66727027676493,36.88226895101211,0 34.66828818906362,36.88136559528872,0 34.66958753861787,36.87939398016736,0 34.67195996711822,36.8776473517717,0 34.67213190436281,36.87758197291958,0 34.67390387247797,36.87769270655392,0 34.67574806591416,36.87738919072655,0 34.67614435814659,36.87765058108993,0 34.67574641912918,36.87810213571733,0 34.67539841576231,36.87832648191519,0 34.67449298168994,36.87870787317638,0 34.67353638205217,36.87916823055554,0 34.67280758834467,36.87955792430792,0 34.67155757734156,36.88084390219196,0 34.67146831638066,36.88093572985963,0 34.67077021252669,36.88165389439126,0 34.670158114964,36.88214816544371,0 34.66985743773064,36.88245049622569,0 34.66982154942236,36.88251982748151,0 34.66990262118885,36.88256121527974,0 34.66986074851792,36.88279356076205,0 34.66994564362145,36.88280647442944,0 34.67045043704327,36.88297490226835,0 34.67007551493549,36.88437405685904,0 34.67006885881579,36.88468179431862,0 34.66982859539755,36.88474600443503,0 34.66991855132171,36.8860134720951,0 34.66949775361542,36.88600281157801,0 34.66951742187336,36.88618912552877,0 34.66920714192774,36.88611647732751,0 34.66892929899819,36.88611847368406,0 34.66860520548248,36.88628710192465,0 34.66835308978007,36.88648906157022,0 34.66725685055829,36.8867562897365,0 34.66709692776199,36.88673690265806,0 34.66710064440444,36.8867779320634,0 34.66675080430828,36.88668301771874,0 34.66669226890708,36.88667706895773,0 34.666605811274,36.8866608976377,0 34.66655460859587,36.88665571483526,0 34.66654274821483,36.88663977325777,0 34.66576536986005,36.88625170233046,0 34.66573679131096,36.88624880502509,0 34.66567963199453,36.88624301132608,0 34.66546230213481,36.88603711809074,0 34.66418299556976,36.88687767288297,0 
							</coordinates>
						</LinearRing>
					</outerBoundaryIs>
				</Polygon>
			</MultiGeometry>
		</Placemark>
		<Placemark id="ID_00013">
			<name>NULL</name>
			<visibility>0</visibility>
			<Snippet maxLines="0"></Snippet>
			<description><![CDATA[<html xmlns:fo="http://www.w3.org/1999/XSL/Format" xmlns:msxsl="urn:schemas-microsoft-com:xslt">

<head>

<META http-equiv="Content-Type" content="text/html">

<meta http-equiv="content-type" content="text/html; charset=UTF-8">

</head>

<body style="margin:0px 0px 0px 0px;overflow:auto;background:#FFFFFF;">

<table style="font-family:Arial,Verdana,Times;font-size:12px;text-align:left;width:100%;border-collapse:collapse;padding:3px 3px 3px 3px">

<tr style="text-align:center;font-weight:bold;background:#9CBCE2">

<td></td>

</tr>

<tr>

<td>

<table style="font-family:Arial,Verdana,Times;font-size:12px;text-align:left;width:100%;border-spacing:0px; padding:3px 3px 3px 3px">

<tr>

<td>SHAPE</td>

<td>Polygon</td>

</tr>

<tr bgcolor="#D4E4F3">

<td>adı</td>

<td>&lt;Null&gt;</td>

</tr>

<tr>

<td>alanı</td>

<td>&lt;Null&gt;</td>

</tr>

<tr bgcolor="#D4E4F3">

<td>şebeke_tipi</td>

<td>&lt;Null&gt;</td>

</tr>

<tr>

<td>SHAPE_Length</td>

<td>241200,427837</td>

</tr>

<tr bgcolor="#D4E4F3">

<td>SHAPE_Area</td>

<td>157605222,306083</td>

</tr>

</table>

</td>

</tr>

</table>

</body>

</html>]]></description>
			<styleUrl>#PolyStyle00321</styleUrl>
			<MultiGeometry>
				<Polygon>
					<outerBoundaryIs>
						<LinearRing>
							<coordinates>
								34.57371175311883,36.89442521575003,0 34.57357486613451,36.89447141643009,0 34.57337966356983,36.89463178816925,0 34.57282171863228,36.89468450423498,0 34.57273801032129,36.89469208336444,0 34.57263139778147,36.89466162102833,0 34.57246989660221,36.89459354956599,0 34.57214017209472,36.89457519234439,0 34.57205016205054,36.89435845341845,0 34.57168326831292,36.8944230420497,0 34.57170056084757,36.89415050153034,0 34.57167139084065,36.89377292493734,0 34.57129492508572,36.89327377236527,0 34.57155577383142,36.89322786875523,0 34.57162560292337,36.89294095776447,0 34.57098108738822,36.89298752199272,0 34.57098309975074,36.89263524937866,0 34.57098482948462,36.89233241814272,0 34.57095250574937,36.89231593162699,0 34.57057419290723,36.89264065625036,0 34.57057024710686,36.89264404344082,0 34.57056884597385,36.89264072694219,0 34.57053140314115,36.89255202993079,0 34.57038821675989,36.89227551151995,0 34.57049402620162,36.89206776042248,0 34.57049496586728,36.89190392804633,0 34.57052877463769,36.89183660574901,0 34.57056274973834,36.89155091021291,0 34.57074337685926,36.89128096842641,0 34.5706898440483,36.89118506060366,0 34.57080624685076,36.89096291147585,0 34.57079222340832,36.89077993829685,0 34.57076619509392,36.89065823500302,0 34.57070693237885,36.89055775463489,0 34.57062093132857,36.89004280752084,0 34.57050882570279,36.89004615363294,0 34.57024388553781,36.88954616991779,0 34.57008719130033,36.88953759503257,0 34.57027895560005,36.88924998250123,0 34.57028063194001,36.88894619635408,0 34.57032691667179,36.88860390762196,0 34.56993613205729,36.88804542347064,0 34.56998535802101,36.88757198165668,0 34.57020951112487,36.88682273229584,0 34.57025866696674,36.88674662446188,0 34.57024097920901,36.88672750878847,0 34.57018964965371,36.88670188017479,0 34.57034577071752,36.88642279491764,0 34.5704104224257,36.88618877510262,0 34.57050007257931,36.88580395199111,0 34.57047409685072,36.88578334059089,0 34.57045360783562,36.88546436465648,0 34.5703742780137,36.88543652385094,0 34.57045819885923,36.88523670010349,0 34.57053330457003,36.88522492249664,0 34.5706163892807,36.88514703376765,0 34.57056075951657,36.8851365112324,0 34.57053302333085,36.88515138526626,0 34.57046947938041,36.88491710858116,0 34.57035014023059,36.88492444305739,0 34.57004586603325,36.88499209150994,0 34.5699444665546,36.88497690510549,0 34.56987633092193,36.88494772984147,0 34.56997932434853,36.88474641591402,0 34.56956520626596,36.88329350978135,0 34.56936927934361,36.88260609417544,0 34.56911731531137,36.88172204671111,0 34.56894826750561,36.88151123757553,0 34.56880582759078,36.88173331430538,0 34.56856947671631,36.88106390282724,0 34.56916171238858,36.87987739617977,0 34.56927150966499,36.87949840253016,0 34.56887798105041,36.87940169290835,0 34.56874960861612,36.87915163193099,0 34.56838046639448,36.87899527744386,0 34.5683212562793,36.87897853841544,0 34.56863269537205,36.87860427995113,0 34.56879972093598,36.87842492588507,0 34.56880803748784,36.87840514749968,0 34.56896527537519,36.87824675106419,0 34.5691400324348,36.87807212841919,0 34.56936245890797,36.87785444886611,0 34.56949920309909,36.87775335146355,0 34.56886425550118,36.87714944363694,0 34.5686130057551,36.87689617987881,0 34.56842325688273,36.876784991822,0 34.56820105186656,36.8765784776569,0 34.56811794724362,36.87560503650138,0 34.5682061657205,36.87527085018083,0 34.56819753873899,36.87500056586717,0 34.56803966579849,36.87475295462562,0 34.56786502544336,36.87450232041856,0 34.56771961558407,36.87432115749422,0 34.5676650832659,36.87422681412499,0 34.56759049369179,36.87409231113677,0 34.56754210982903,36.87400932935723,0 34.56743276224388,36.87382178816614,0 34.56723486967876,36.87347545126485,0 34.5670104889086,36.87299087641804,0 34.56670872381842,36.87132550568194,0 34.56660837967665,36.8707954926106,0 34.56654791303851,36.87046021822938,0 34.56651432291484,36.87025312176772,0 34.56637562028043,36.87008395128155,0 34.566035827538,36.86963349508918,0 34.56566020832896,36.86913809482838,0 34.56529541078553,36.8686519248938,0 34.56505455805835,36.8683205102572,0 34.56497180694582,36.86828285784244,0 34.56489226045423,36.86824666303022,0 34.56485767169988,36.86823092469295,0 34.56477424815074,36.86819296551717,0 34.56458976387747,36.86810902184828,0 34.5646478989234,36.86791885230341,0 34.56467385687017,36.86780763758557,0 34.56464291800037,36.8675846217351,0 34.5644701169901,36.86672877615833,0 34.56429668293106,36.86584173425579,0 34.56506067709562,36.86491458057897,0 34.56488561263335,36.86434669530425,0 34.56426850934285,36.86311231954587,0 34.56404908702478,36.86275944814214,0 34.56384003801708,36.8617193301064,0 34.56317340066017,36.86084989537323,0 34.56280289897974,36.85942768276467,0 34.56228742634507,36.85843275674911,0 34.56133400799627,36.8575025402759,0 34.56045086700321,36.85571948239473,0 34.56144906822661,36.85465816399893,0 34.56166171568626,36.85457085791433,0 34.56251478932602,36.85504253774051,0 34.56315550810842,36.85532745334594,0 34.5632846436816,36.8550591294893,0 34.56303815915619,36.85471688161896,0 34.56314124907194,36.85441608721271,0 34.5626593142408,36.85378589019779,0 34.56298174165811,36.85373576525724,0 34.56315638662783,36.85358282776172,0 34.56328765889484,36.85313539816597,0 34.56393522616857,36.85288644009613,0 34.56424564225735,36.85301848224591,0 34.56458775755074,36.85296604594169,0 34.56471622537409,36.85301408729868,0 34.5654140889056,36.85331262065002,0 34.56571954273435,36.85264964664862,0 34.56585916657178,36.85268863251395,0 34.56599513842256,36.85289279887301,0 34.56611866403568,36.85304566211892,0 34.56637961212571,36.85288906869107,0 34.56662678014431,36.85302205537102,0 34.56670868658488,36.85306619882359,0 34.5671206365935,36.85307396865309,0 34.56750716644498,36.85312029556599,0 34.5676681120954,36.85305293460821,0 34.56771769297673,36.85291339937812,0 34.56768047828064,36.85282254251437,0 34.56773987346412,36.85271855197279,0 34.56788773161212,36.85267910643891,0 34.56830262393996,36.8525684284639,0 34.56846689239383,36.85248318550592,0 34.57028417819373,36.85353821623099,0 34.5719835334713,36.85456586726781,0 34.57286137577533,36.85503946097444,0 34.57337795224524,36.85529637049369,0 34.573943339515,36.85557755212353,0 34.57409183326571,36.85565139979834,0 34.57431999577434,36.85576486946507,0 34.57463003254044,36.8559088132513,0 34.57525850387398,36.85614390602162,0 34.5763587255646,36.85654901708401,0 34.57734077074404,36.85690071600345,0 34.5783390804546,36.85732675941109,0 34.5787727154591,36.85751181563664,0 34.57908909134017,36.85726033704188,0 34.57955327932828,36.85685568691428,0 34.57971565705633,36.85587103450693,0 34.57981529219745,36.85588360179035,0 34.58034754576421,36.85564394112357,0 34.58086018625251,36.85540744048779,0 34.5807759525818,36.8551877147897,0 34.58062711144974,36.85505086325183,0 34.5812893042071,36.85447956903067,0 34.5814600012819,36.8539730281198,0 34.5824779252961,36.85152690616246,0 34.58578583880745,36.84674168292526,0 34.58599983736566,36.8463275412167,0 34.587446027887,36.84352867757597,0 34.58769176749171,36.84305306858491,0 34.58737103504419,36.84246590292536,0 34.583732999881,36.83929008030729,0 34.58297291313235,36.83868967619331,0 34.58226324821646,36.83823168912416,0 34.58218702497779,36.8374123040669,0 34.57949202569621,36.83448135544361,0 34.57951653579624,36.83336490407355,0 34.57874889848956,36.83239253064322,0 34.58008300355772,36.83044780445208,0 34.58062778932214,36.82993657040496,0 34.5810084518064,36.82969301942759,0 34.58057387805095,36.8287930050226,0 34.58011847129303,36.82881544096426,0 34.57971370090162,36.82859979611394,0 34.57912757638722,36.82849524313383,0 34.57848471408025,36.82829806370921,0 34.57857877673248,36.82815525243539,0 34.57812134750878,36.82748307094386,0 34.57718920374595,36.82704413379182,0 34.57660322744388,36.82685848382021,0 34.57598994302343,36.82680356927633,0 34.57582236245885,36.8267141318895,0 34.57493294535051,36.82748024089198,0 34.57445767714384,36.82767812758296,0 34.57413805581898,36.82762622616978,0 34.57326669633785,36.82681156757014,0 34.572585343178,36.82626285367387,0 34.57194260799618,36.82592572387089,0 34.57057294674804,36.82548157357642,0 34.56894720129144,36.82520567005435,0 34.56733277535151,36.82521246474055,0 34.56483538445539,36.82503922950497,0 34.56392465369585,36.8251373285985,0 34.5625502186871,36.82502293235369,0 34.56123534497281,36.82474500311253,0 34.56043339840297,36.82441719234487,0 34.55794512327837,36.82443910887401,0 34.55581531833493,36.82474573166751,0 34.55420338989261,36.82524078866714,0 34.55432565513762,36.82554828121862,0 34.55448953392083,36.8259604264174,0 34.55368025535161,36.82684108610689,0 34.55355420597301,36.82697825161876,0 34.55294069397347,36.82695228462866,0 34.5526743857667,36.82702707334584,0 34.54981834356974,36.82740158188723,0 34.54925750514552,36.82767039693174,0 34.54853614774755,36.82827517944088,0 34.54802586083052,36.8282960115851,0 34.54655994839264,36.82898752417503,0 34.54603975888535,36.82898240636636,0 34.54465141284025,36.82957112666721,0 34.54405156411983,36.82979160702594,0 34.54364706071296,36.82985390107564,0 34.54318873881427,36.83001556087967,0 34.54289756859775,36.82991346205602,0 34.54272274386342,36.8297813044237,0 34.54226617118378,36.82981403579154,0 34.54173285824486,36.82979551194089,0 34.54093569587618,36.8295734625822,0 34.54035271011458,36.82972023419845,0 34.53730674959149,36.83045125279608,0 34.53611698933199,36.83034474857777,0 34.53529995102277,36.830170561905,0 34.53554865422952,36.82974833920493,0 34.53629736404213,36.82940716356743,0 34.53707193802644,36.82880489764392,0 34.53762746979051,36.82801383069138,0 34.53786886808979,36.82719865769924,0 34.53797474999453,36.8264670675774,0 34.5372651454666,36.82562961822158,0 34.53758808987049,36.82458967608199,0 34.5375231120154,36.82203468269191,0 34.53634737426145,36.81870606225313,0 34.53497722329733,36.81872699691256,0 34.53344293787304,36.81862919592187,0 34.53291037666082,36.81847150047905,0 34.53276484408772,36.81839261393034,0 34.53243856170754,36.81821575068595,0 34.53205413827577,36.81787638818633,0 34.53160727212862,36.81721899075151,0 34.53161059754832,36.81656516861553,0 34.53159778181421,36.81573177910501,0 34.53177519009913,36.81503064086662,0 34.53183996395269,36.81427966278265,0 34.53148778912195,36.81421367374624,0 34.53151418620696,36.81393763966149,0 34.53179001194894,36.81377379859007,0 34.53184249537586,36.8136064241933,0 34.53179484331108,36.81321593765715,0 34.5316994883154,36.81283247621918,0 34.53163341430452,36.81271792099485,0 34.53155898437352,36.81258423896159,0 34.53154163577956,36.8125139353747,0 34.53146797360013,36.81241871220734,0 34.53143557546714,36.81239348365035,0 34.53184385197397,36.81207406102286,0 34.53206630230123,36.81187873701,0 34.53211827180836,36.81168572320244,0 34.5320213332926,36.81162285676672,0 34.53190730179462,36.81150250815649,0 34.53183560828734,36.81110591979319,0 34.53250880922096,36.81127676633189,0 34.533205808715,36.8102419412133,0 34.53209468857943,36.81010238923297,0 34.53139293149165,36.81009860630463,0 34.53149973507171,36.809456081516,0 34.53141938099246,36.80900767793504,0 34.53145956379137,36.8077440269316,0 34.53143620265296,36.80765048576285,0 34.53227301661064,36.80765518906762,0 34.53236169753772,36.80707158629561,0 34.53286339630262,36.80710457786705,0 34.53310329991471,36.80639170214091,0 34.53322910519596,36.80636601412455,0 34.53339387213344,36.80611175960954,0 34.53333960839669,36.80535606848709,0 34.53404016643552,36.80496962837456,0 34.53499030865088,36.80535781221558,0 34.53548988767705,36.80443535818283,0 34.53584069379906,36.80368494198281,0 34.53568780448898,36.80350284258709,0 34.53530841289739,36.80319806135688,0 34.5351603434636,36.80297935909267,0 34.53621224230483,36.80184376317124,0 34.53611805927634,36.80187442605939,0 34.53602991022754,36.80177330298422,0 34.53583031296437,36.80185713206207,0 34.53627063723126,36.80101100936778,0 34.53638041432134,36.80062089030748,0 34.53636127000336,36.80031648024757,0 34.5362800908585,36.80024604830592,0 34.53603170607138,36.79962161193174,0 34.53601324497797,36.79948723007977,0 34.53596141622167,36.79902510127147,0 34.53579757773495,36.79892672772431,0 34.53507031063614,36.7990624699564,0 34.53496868117482,36.7989175257181,0 34.53545337446742,36.79832922837197,0 34.53559455020697,36.79813042870452,0 34.53563009916265,36.7980934918688,0 34.53571113930953,36.7980632641409,0 34.53571173450068,36.79806231181293,0 34.53620284058988,36.79715840676987,0 34.53653154791345,36.79644313697111,0 34.53633036121381,36.79628375124339,0 34.53536316524137,36.7947221183484,0 34.53291776858268,36.79447304476592,0 34.53241203877956,36.79458139514708,0 34.53226210423372,36.79646021077852,0 34.53231894784954,36.79673052556192,0 34.53290097257809,36.79778260170897,0 34.53326155141229,36.79802476290465,0 34.53452514776727,36.79897501189641,0 34.53289230225958,36.8002156344258,0 34.53290140369729,36.80030436924223,0 34.53353174500946,36.80053708518476,0 34.53450264187742,36.80108021383161,0 34.53438692911037,36.80134312740385,0 34.53416920792966,36.80199645530666,0 34.53382741523523,36.80218184825853,0 34.53259701424327,36.8019736851469,0 34.53205363940668,36.80261696551485,0 34.5326593441922,36.80312334696505,0 34.53225282606746,36.80338215835084,0 34.5320472817472,36.8038144201784,0 34.53277528483308,36.80487922911327,0 34.53273996315517,36.8052432808719,0 34.53173803221929,36.80621728577712,0 34.53157138166969,36.80624538043498,0 34.5311685151056,36.80597699843718,0 34.53118020565388,36.80546347903286,0 34.53077649216713,36.80498169254889,0 34.5308005288672,36.80490150776879,0 34.53101056368538,36.80450715434989,0 34.53059479374746,36.8044835081953,0 34.53036051056095,36.80473016095745,0 34.53009312941145,36.8045156109059,0 34.53024757430492,36.80426357471937,0 34.53029648214654,36.80391672447715,0 34.5297163330485,36.80369026400064,0 34.5299607685158,36.80275343417519,0 34.52986201763269,36.80233599800957,0 34.52910680879349,36.80138772713138,0 34.52907045943871,36.80125911491324,0 34.52901001614009,36.80108168664535,0 34.52911270595063,36.80073992200097,0 34.52938416137853,36.80044294475071,0 34.52985205162464,36.80011409092659,0 34.53025969447835,36.8004258105402,0 34.53079833094704,36.8002287087707,0 34.53078516971372,36.79956940762452,0 34.53083096297443,36.79950325924251,0 34.53115362834416,36.79925592267062,0 34.53149257993724,36.79901164295974,0 34.53112883493129,36.79837977592614,0 34.53063749551775,36.79795968878263,0 34.53057883954073,36.79791400312995,0 34.53027938715856,36.79763921136703,0 34.53000710210569,36.79741051084545,0 34.52963892167624,36.79711127033865,0 34.52939313353632,36.79689489273249,0 34.52922124400046,36.79669867448989,0 34.52907475627105,36.79645990978923,0 34.52763414180202,36.79714126376312,0 34.52746608491412,36.7975042949257,0 34.5271927826324,36.79775267589838,0 34.52691138186207,36.79785761519138,0 34.52650949426769,36.79787343031754,0 34.52636281356429,36.79799131496787,0 34.52624104051694,36.79820397312835,0 34.52625438577665,36.7983473468931,0 34.52613018171821,36.79843760131529,0 34.52597235804076,36.79863087809057,0 34.52591393553954,36.79865147161996,0 34.52580807251729,36.7988723683582,0 34.5257880840264,36.79892328849466,0 34.52536798079724,36.7991819921299,0 34.5251917096157,36.79929402282784,0 34.52493829917953,36.79948725874177,0 34.52494265152441,36.79970674209854,0 34.52486185616689,36.79986821057674,0 34.52427280917616,36.80034439393484,0 34.52344383988004,36.79990688047209,0 34.52321918224347,36.79978478547131,0 34.52278417702976,36.79954836915836,0 34.52276805609594,36.79954367753047,0 34.52248677395669,36.79963113174271,0 34.5220345729199,36.79970846762296,0 34.52154285150345,36.80003672161436,0 34.52100620612805,36.80039096346812,0 34.52031308192463,36.80054469508384,0 34.51976623299846,36.80063515682379,0 34.51913726684209,36.80107247566242,0 34.51853558776568,36.80139019781488,0 34.51815203490047,36.80149049094297,0 34.51764729636367,36.80146116131752,0 34.51720915464808,36.80104939543681,0 34.51681054223292,36.80113795208122,0 34.51681242348447,36.80123332440476,0 34.5165194612968,36.80141592863543,0 34.51629615378817,36.80137107833229,0 34.51586577381807,36.80135271718605,0 34.51541044429461,36.80157316149086,0 34.51455156201381,36.80163180276726,0 34.51417836637062,36.80150538645461,0 34.51354325942328,36.80163271741898,0 34.51315829071852,36.80166146570525,0 34.51190271553727,36.80115275985579,0 34.51118528380888,36.80086376733163,0 34.51041963953575,36.80038459091941,0 34.50945067618202,36.80012263213926,0 34.50894594864406,36.80009326438177,0 34.50834329892607,36.80036324941991,0 34.50815058215356,36.80036569389391,0 34.50802707752263,36.80011684575414,0 34.50802099916477,36.79980688573194,0 34.50758595574425,36.7995500633796,0 34.50734876906771,36.79955307034182,0 34.50733908593503,36.79981553201085,0 34.50743270492424,36.80005283544887,0 34.50718349534519,36.80019908830054,0 34.50687031623229,36.80010766197146,0 34.50670234407774,36.7998593759113,0 34.50646141972122,36.79967163642986,0 34.50645744957637,36.79946896944361,0 34.50673256887976,36.79913159774536,0 34.50702484578178,36.79891325221248,0 34.5068441532792,36.7987724483176,0 34.50628258825055,36.79811179054183,0 34.50614216969011,36.79775583366945,0 34.50609991426295,36.7971124455804,0 34.5059166611379,36.79684050306668,0 34.50588071067898,36.7965189957478,0 34.50586939256826,36.79650615922311,0 34.50587845509404,36.79650471492315,0 34.50606483470822,36.79633064182465,0 34.50632582301271,36.79633210611264,0 34.50661627115426,36.79632365638061,0 34.50676366599563,36.79627886062666,0 34.50724021095588,36.79608202910757,0 34.50759494726544,36.79602506385024,0 34.50791032731917,36.79607830251389,0 34.50824714190158,36.796317291378,0 34.50850319288185,36.79667177891927,0 34.50887471191621,36.79716789455359,0 34.50909322674369,36.79742269134996,0 34.50941282393132,36.79769051312745,0 34.50989327184113,36.79799445060945,0 34.51022186151104,36.79781379515275,0 34.51020145102125,36.79768049987861,0 34.5097402289531,36.79714736943873,0 34.50924802320991,36.7968483496653,0 34.50888580005918,36.79652383073048,0 34.50846484678565,36.79622867355285,0 34.50827033708887,36.79598788040744,0 34.50821154902723,36.79571197762193,0 34.50822400697958,36.79543994036172,0 34.5085598280418,36.79532597551927,0 34.50893986786311,36.79534977239769,0 34.50926897573645,36.79549822978181,0 34.50943918609168,36.79566391320427,0 34.50922170809748,36.79515668350996,0 34.50857129789757,36.79464185300575,0 34.50805919728437,36.79373308840528,0 34.50824173736312,36.79285908843274,0 34.50892332044591,36.79302444487661,0 34.50954586687801,36.79306927079816,0 34.50973286279631,36.79275144941523,0 34.51037341755445,36.79246978019953,0 34.51054020650044,36.79228129437696,0 34.51072056815807,36.79201766911414,0 34.51067366376163,36.79197689348987,0 34.51158604676038,36.79161360033244,0 34.51244807832158,36.79230396102044,0 34.51275780723371,36.79209913194711,0 34.51268043861501,36.79137112881275,0 34.5129997632852,36.79117689625701,0 34.51333960843193,36.79082392580852,0 34.51385406898855,36.79013276433784,0 34.51404460794519,36.78964248714762,0 34.51370260113792,36.78956468750062,0 34.5125023981205,36.78970775248546,0 34.51169012022753,36.78995541395314,0 34.51127235912496,36.78960628705475,0 34.51089395309308,36.78929004571421,0 34.51123153950287,36.78830090372902,0 34.5119844539789,36.78827095234443,0 34.51193316436682,36.78698420122765,0 34.5128906595908,36.78664340921156,0 34.51271749625487,36.78638955533551,0 34.51272838324261,36.78638590057029,0 34.51267808793001,36.78633178332509,0 34.5121564871733,36.78556711441074,0 34.51149033749225,36.78472916015794,0 34.51123433076455,36.78332565333063,0 34.51118653607606,36.78271644275672,0 34.51112233828923,36.78271165640591,0 34.51109612973769,36.78256796959267,0 34.51055155341195,36.78266909816876,0 34.51054325443909,36.78266847886723,0 34.51019354141545,36.78225352593671,0 34.51129231681487,36.78159394743351,0 34.51244634342434,36.7811366606246,0 34.51311895625116,36.78142925972672,0 34.51399332175878,36.7808580100428,0 34.51486423548572,36.78100498151503,0 34.51524637686538,36.78122934241591,0 34.51433792654981,36.78183710576477,0 34.51653839815377,36.78482830094099,0 34.51697281988869,36.784262534276,0 34.51700091720128,36.78454400200648,0 34.51721994103931,36.78475900280277,0 34.51739102194654,36.7848048257211,0 34.51741327345815,36.78485746087448,0 34.51758088481902,36.78491877381682,0 34.51800424549633,36.78496907045286,0 34.5183404530521,36.7850591186237,0 34.52326217668432,36.78582915456321,0 34.52466650485466,36.78544138355279,0 34.52580672592266,36.78372998311295,0 34.52616038107738,36.78273184421656,0 34.52616549734955,36.78272442421468,0 34.52616608814515,36.78271573545802,0 34.52638063405045,36.78211019967111,0 34.52664495772937,36.78136415490007,0 34.52634800860655,36.78010493026665,0 34.52463538896419,36.77942598800103,0 34.52550968733046,36.77864571932545,0 34.52661664111322,36.77724403103598,0 34.52758067403862,36.77664744939623,0 34.53072783408624,36.7742792139421,0 34.53200139601929,36.77345712781707,0 34.53482660877867,36.77089718015683,0 34.53543950229204,36.77034180102643,0 34.53552881076212,36.77026087245071,0 34.53570803421808,36.76981891004642,0 34.53575545406098,36.76967905094531,0 34.53513523777517,36.76947094812057,0 34.53534027276459,36.76924799468672,0 34.53593135114181,36.76902741357084,0 34.53598375488887,36.76884381458765,0 34.53566070409835,36.76866692312548,0 34.53602455830435,36.76838805061774,0 34.53625184890845,36.76847458791543,0 34.53634823810581,36.76797114943696,0 34.53660841625278,36.76771597656786,0 34.53661049769387,36.76771012767,0 34.53669032480185,36.76766821523221,0 34.53671305849173,36.7676268546888,0 34.53680582226089,36.76755299781519,0 34.53689501103619,36.76751064159243,0 34.53592728205778,36.76766617796594,0 34.53561072905622,36.76767763393337,0 34.53498173441159,36.76761287710508,0 34.53525196580686,36.76728185974326,0 34.53551731944097,36.76711466916623,0 34.53613913097455,36.76685771811947,0 34.53644089690997,36.76652847397766,0 34.53649454588759,36.76649448402303,0 34.53644603387537,36.76643258828567,0 34.53710863469161,36.76607222189978,0 34.53490548896232,36.76554708142775,0 34.5350503057609,36.76544688561357,0 34.53541189562996,36.76543937842093,0 34.53572614919737,36.76524535306923,0 34.53571589602723,36.76513369363189,0 34.535666033552,36.76479459564419,0 34.53590666785305,36.76468295089902,0 34.53623496023649,36.76431652443407,0 34.53626830382532,36.764120968512,0 34.53609156322828,36.76420281492935,0 34.53536714499776,36.76372463566533,0 34.53438949002424,36.7630835456871,0 34.53401973568472,36.76280236715092,0 34.53380101753134,36.762621032888,0 34.53379484481901,36.76261384104605,0 34.53377634852568,36.76259229317932,0 34.53342207243737,36.76195989126952,0 34.53346993601231,36.76188980485795,0 34.53344226392046,36.76184480863145,0 34.53264225086407,36.76092948413017,0 34.53177815651897,36.76049384400429,0 34.53088741362306,36.75982813571731,0 34.53074993202122,36.75977556339269,0 34.53047675590106,36.75968895019681,0 34.53014823150033,36.75958478725465,0 34.52956064613917,36.7594628993845,0 34.52923444349175,36.75942122294221,0 34.5288450939539,36.75909108949433,0 34.52838073859824,36.75893319623987,0 34.52781950608981,36.75873045959538,0 34.5273600139679,36.7585685806326,0 34.52686208730837,36.75836896289661,0 34.52568880476394,36.75800995851957,0 34.52562911762476,36.75773099185464,0 34.52461742737258,36.75734164946695,0 34.52359167908386,36.75709963266002,0 34.5235286384526,36.75721385377459,0 34.52345573378966,36.75743419382086,0 34.52319911707186,36.75773839649978,0 34.52287550063497,36.75798822417257,0 34.5226301335082,36.75816526063893,0 34.52261232060456,36.7581633911226,0 34.5224744002318,36.758100375833,0 34.52242271245665,36.75807883990633,0 34.52243091167208,36.75799622333771,0 34.5207240369662,36.75783339321095,0 34.52015829162867,36.75726819484176,0 34.51996682186049,36.75737487194575,0 34.51972227042486,36.75720596119659,0 34.51953061634032,36.75707358513622,0 34.5194882169049,36.75702775598525,0 34.51792407885929,36.7579150642739,0 34.5159122192099,36.75990708677524,0 34.51516513373622,36.76035185387569,0 34.51490521675535,36.76059425963993,0 34.5154510387197,36.76201822612,0 34.51546044373801,36.76279738213321,0 34.51500566625911,36.76341133161903,0 34.51517176402757,36.76469707772924,0 34.51498683606033,36.76584419845338,0 34.51452833386239,36.76670585540819,0 34.51374190515804,36.76703783089208,0 34.51361130183197,36.76725959327892,0 34.51365978842099,36.76729750224091,0 34.51347364386961,36.76736793604727,0 34.5133706346224,36.76759365656863,0 34.51327997516825,36.7678599262919,0 34.51275243143402,36.76776236307284,0 34.51254387358166,36.76766169169316,0 34.51246366394376,36.76744767429751,0 34.51215888309338,36.76743041013236,0 34.51214415198075,36.76743632118409,0 34.51187946010861,36.76757993102582,0 34.51174580624969,36.76765224585802,0 34.51164441589546,36.76782380283125,0 34.51150787345836,36.7679565160706,0 34.5113308793182,36.76801544491197,0 34.51109204984544,36.76813602760627,0 34.51097541924337,36.76835834607298,0 34.51063716494901,36.76835212153631,0 34.5106433027896,36.76836441595679,0 34.51057184530406,36.76871312901297,0 34.51058381322783,36.76872283003161,0 34.51057742702972,36.76911906049018,0 34.51057638027928,36.76912355635717,0 34.51064930646269,36.76950008754986,0 34.5106846629003,36.76968986707358,0 34.51046788687315,36.76966882182098,0 34.5102316339489,36.77000679968425,0 34.51028942970294,36.77028569166918,0 34.51010546974582,36.77054387023833,0 34.50970055664116,36.77055970434891,0 34.50926343541761,36.77052717469308,0 34.50883232043491,36.77039319869721,0 34.50852488288002,36.7703166796314,0 34.50824862581962,36.77026462811446,0 34.50810704944459,36.7705541138475,0 34.50806701740274,36.77062781095107,0 34.50800851620301,36.77074852213767,0 34.50793842330217,36.77120970070595,0 34.50792613473659,36.77170099618821,0 34.50781709286368,36.77191391581057,0 34.50770513026171,36.77200886251276,0 34.50722686556176,36.77198554351447,0 34.5067518339759,36.77197197514921,0 34.50410414118411,36.77268464418596,0 34.50330682360234,36.77221974345656,0 34.50235046045643,36.771601159427,0 34.50075547677105,36.77228639743143,0 34.49852680159524,36.77051506399293,0 34.49745677609887,36.77287774515364,0 34.49746697683997,36.77288425901872,0 34.49745654972909,36.77290193391677,0 34.49853366379079,36.77360347318353,0 34.49853428695761,36.77376181487669,0 34.49801170054802,36.77427643172117,0 34.49832342474625,36.77460756993779,0 34.49801715871142,36.77495419747677,0 34.49744017317143,36.77462625510753,0 34.49718629099878,36.77489630474404,0 34.49740824058384,36.77512463512888,0 34.49710502779583,36.77545475184401,0 34.49638175099803,36.77572747132385,0 34.4963686393473,36.77572051896538,0 34.4963812888449,36.77570491011624,0 34.49559230720963,36.77520489809334,0 34.49536978680958,36.7759328009493,0 34.49599981774358,36.77621574256077,0 34.49516616845395,36.77635549813908,0 34.49501805950821,36.77625159076774,0 34.4947926163509,36.77630290162949,0 34.49457616000799,36.77761481295816,0 34.49370373466901,36.77816701102612,0 34.49334905119633,36.77825901811945,0 34.49266356038193,36.77869718359088,0 34.49179800761518,36.7786417332327,0 34.49174769209125,36.7787283968374,0 34.4912417312296,36.77897202645782,0 34.49045485841518,36.77940327311612,0 34.48998513919783,36.77991684916955,0 34.49021954757924,36.78061452570058,0 34.48973427263432,36.78065106658345,0 34.48949150657845,36.77997786352088,0 34.48875182247632,36.78010897030747,0 34.48803178982413,36.78008142746711,0 34.48754808421987,36.78022089847326,0 34.48689518880834,36.78043041021901,0 34.48601689715763,36.78070538734343,0 34.48490919699181,36.78034353045619,0 34.48444358884552,36.78043902149671,0 34.4839291004428,36.78068567061992,0 34.48387377137388,36.78071003579937,0 34.48374661704741,36.78081995860024,0 34.48360659130177,36.78095289190743,0 34.48348414375845,36.78107577800566,0 34.48317479777886,36.78134582113042,0 34.48282102642467,36.78164611254565,0 34.48224500118761,36.78154889025335,0 34.48172374329491,36.78114628806346,0 34.48084362924246,36.78127207176198,0 34.47881578938938,36.78087034866965,0 34.47527839730765,36.78006966428379,0 34.47427119549672,36.77957794511838,0 34.47383103360482,36.77940046708287,0 34.47334415525087,36.77910280215432,0 34.47264777660193,36.77865768301881,0 34.47234910727661,36.77842471125018,0 34.47225423723982,36.77832422381184,0 34.47214700946717,36.77822416868495,0 34.47176573131362,36.77737724944301,0 34.47238536611775,36.77669159046742,0 34.47208977254207,36.77648552403456,0 34.47260959387118,36.77605272374308,0 34.47394051467019,36.77491829875246,0 34.47261593869479,36.77165425324439,0 34.47251273582222,36.77100974535091,0 34.47229189488293,36.77094546376772,0 34.4728657702681,36.77006715907745,0 34.47501993103565,36.76959166487898,0 34.4751655788048,36.76948628935695,0 34.47540189143513,36.76889260242491,0 34.47605172054552,36.76785441519697,0 34.47669476785419,36.76742123894638,0 34.47699089364373,36.76702680498543,0 34.47713958480572,36.76672521696004,0 34.47752398223161,36.76472810998283,0 34.4778338222683,36.76430582286819,0 34.47820320803299,36.76389487087612,0 34.4790615799624,36.7636462798936,0 34.47921680747694,36.76352992135556,0 34.48009424232098,36.76320702890155,0 34.4803295362314,36.76249308363029,0 34.48122966505367,36.76213283997906,0 34.48151149009546,36.76243253602407,0 34.48249657162122,36.76255226314613,0 34.48285063586136,36.76228707349754,0 34.48340474991345,36.76286336977765,0 34.4835300879394,36.7623082347385,0 34.48431773646298,36.76223927354067,0 34.48463756699086,36.7631186667614,0 34.48487885041447,36.76392958767691,0 34.48746845201784,36.76251549924329,0 34.48898939897283,36.76175808342351,0 34.49331294896297,36.75941240069915,0 34.49404488454702,36.75917937632451,0 34.49547314408422,36.75858144208657,0 34.49608556374729,36.75834142204528,0 34.49658951497732,36.75813694227539,0 34.49710313117289,36.75788583899081,0 34.49781195570768,36.75760896868341,0 34.49955552119579,36.75691713200366,0 34.5004052452672,36.75645161033147,0 34.50156104164967,36.75595401446645,0 34.50259054598786,36.7554967857188,0 34.50356123295355,36.75515063639755,0 34.50480161072895,36.75506124922091,0 34.50612966340237,36.75524142495679,0 34.50692883561127,36.75530631655516,0 34.50791341751924,36.75522281672705,0 34.5093139325048,36.75482333242298,0 34.50962891876409,36.75469750726194,0 34.5103746051575,36.75417201320059,0 34.51042361007314,36.75370078367386,0 34.51111691965386,36.75269033369544,0 34.51147255246941,36.75264208245753,0 34.51194624202695,36.75299209103828,0 34.51224573542078,36.75311297189604,0 34.51283201314008,36.7518816525513,0 34.51398953406653,36.75065303212664,0 34.51435673946875,36.75017110879191,0 34.51254094210002,36.74853612579565,0 34.50781778535391,36.7463612458884,0 34.50762683734918,36.74662245989322,0 34.50649265235159,36.74959522231911,0 34.50474133338503,36.74907481166175,0 34.50459909877807,36.74936675851792,0 34.50156301007708,36.75063304190114,0 34.49991522752882,36.75162633261289,0 34.49504949468216,36.75474168189552,0 34.49461011593555,36.75470427442006,0 34.49388854811588,36.755132533718,0 34.4928095321405,36.75598506466584,0 34.4918743953329,36.75669602083325,0 34.49182884091773,36.75683040108461,0 34.49179933100059,36.75691745294609,0 34.49175781799251,36.75703991213423,0 34.49144137922396,36.75707424935936,0 34.49136615494429,36.75708241165035,0 34.4913243898843,36.75708694370402,0 34.49131256942518,36.75708822583282,0 34.49107298780535,36.75711422251098,0 34.49104697399282,36.75711422857992,0 34.49090884302021,36.75693649655551,0 34.49087237034918,36.75691830487769,0 34.49068483905019,36.75682476821243,0 34.49043486925397,36.75670008644216,0 34.48846130275288,36.75617937928712,0 34.48709348666353,36.75553119923148,0 34.4850932475716,36.75561746918227,0 34.48508036677157,36.75477694047169,0 34.48319895896471,36.7549392917234,0 34.4821873093975,36.75458712332229,0 34.48200274847832,36.75480072863515,0 34.4815553699081,36.75463850328727,0 34.48125372223284,36.75451094003405,0 34.48065750143106,36.7542704896766,0 34.48114488721009,36.75346262368784,0 34.48050069381343,36.75278966268274,0 34.4815567002417,36.75225999119261,0 34.48164769009986,36.75189991720821,0 34.48172004917991,36.7517876044477,0 34.48201389752,36.75114245613051,0 34.48143864721346,36.75094940898835,0 34.4814185723927,36.75093288233121,0 34.48137800558865,36.75064349112211,0 34.48163145329089,36.75045456875829,0 34.48224800179025,36.74983166509856,0 34.48303054341373,36.74896482058978,0 34.48335785305012,36.74873606361241,0 34.48389541085895,36.74828514323652,0 34.48436053230277,36.74811519097328,0 34.48406942249884,36.74790603647786,0 34.48431002600428,36.7475086009174,0 34.48343913787969,36.74702690837427,0 34.48339892426319,36.7469782489561,0 34.48315279802556,36.74719921285234,0 34.48226806994242,36.74742488207569,0 34.48148675238786,36.74728093527523,0 34.4813894690177,36.74718152102253,0 34.48112741075195,36.7468971803691,0 34.48105618898926,36.74681989677359,0 34.48125178150466,36.74647152765673,0 34.48117990644598,36.74644199251693,0 34.48116661138688,36.74644200389821,0 34.48096867478313,36.74646412274641,0 34.48095583329351,36.74647147387574,0 34.48092938548168,36.74647517158049,0 34.48091159116557,36.74647518755901,0 34.48088489911397,36.74647521062759,0 34.48064763227892,36.74657206679037,0 34.48062524626587,36.74657584638192,0 34.48060744203952,36.74658339173959,0 34.48039141750601,36.74669037064093,0 34.48019993924223,36.74669055278012,0 34.47988372785085,36.74680421257418,0 34.47984453360758,36.74668702828207,0 34.48000901276123,36.74646131254679,0 34.48023461018701,36.74652013479446,0 34.48059397712689,36.74640616688006,0 34.48071021272123,36.74633074421452,0 34.48110623187362,36.74574359781477,0 34.48082279157163,36.74558563858529,0 34.48060112814287,36.74547366853962,0 34.48057762074959,36.7454736906633,0 34.4805494103097,36.74547371722507,0 34.48023932937014,36.74545761609573,0 34.47997739323814,36.74565850788944,0 34.47996263068215,36.74566707354405,0 34.47974239497002,36.74587727393742,0 34.47971693678828,36.74589073642991,0 34.47952157093891,36.74604587222382,0 34.47950535543004,36.74605979932521,0 34.47948951164619,36.74606911119685,0 34.47908088932659,36.74632736955302,0 34.47871001154329,36.74660935969937,0 34.47831819804805,36.74694506752785,0 34.47787328153693,36.74680778350786,0 34.47747973896155,36.74691250027158,0 34.47747466065044,36.74691250745111,0 34.47739719764549,36.74692557055797,0 34.47727376498161,36.74694638489126,0 34.47724318863065,36.74694642472765,0 34.47710658397961,36.74694557620111,0 34.476591551552,36.7469423759914,0 34.47507374949832,36.74667761968566,0 34.47482195346765,36.74651060040416,0 34.47468577680456,36.74626333542221,0 34.47462178920378,36.74597099122348,0 34.47449740722238,36.74576498423352,0 34.47430971882065,36.74540290716357,0 34.47408806866767,36.74516354030109,0 34.4738688334624,36.74496978135691,0 34.47408018112112,36.74481159481593,0 34.47402873119229,36.74465752581177,0 34.47422059121206,36.74439964336387,0 34.47413443210867,36.74431067018237,0 34.4739571924755,36.74424488595589,0 34.4736471387267,36.7443720323538,0 34.47362211780994,36.74440001583642,0 34.47345778433388,36.74445645994036,0 34.47345134013657,36.74446779360243,0 34.47325933315067,36.74454209325899,0 34.47309173681487,36.74458830592572,0 34.47278274877485,36.74442308996169,0 34.4729006327963,36.7441320545669,0 34.47198019027984,36.74415426888078,0 34.47171252318741,36.74423464092248,0 34.47159697173602,36.74404350531557,0 34.4718385549757,36.743850611173,0 34.47187200966805,36.74372965438589,0 34.47187295608655,36.7437097165442,0 34.47181681162413,36.74347524558088,0 34.47186900576954,36.74323679239635,0 34.47187475377316,36.74312092147178,0 34.47194386770109,36.74303685819553,0 34.47213970605145,36.74300107384175,0 34.47217208116597,36.74300105634299,0 34.47225703202155,36.74295968327772,0 34.47227838497584,36.74284312256851,0 34.47229575637719,36.74279246399966,0 34.47252063590771,36.74276253113126,0 34.47268969665897,36.74290396161474,0 34.47302254514528,36.74261643057285,0 34.47301955063384,36.74245976995504,0 34.47378660670778,36.74309126567429,0 34.47402639683185,36.7428433648929,0 34.47408688365822,36.74278083151582,0 34.47413660594356,36.74272942663858,0 34.4744729666486,36.74238168388565,0 34.4749239165663,36.74191546701373,0 34.47583824423329,36.74109244433205,0 34.47634375271447,36.74119347796406,0 34.47670955395495,36.74124261978973,0 34.47725657246553,36.74155853226073,0 34.47755175340016,36.74168754969433,0 34.47782224740877,36.74180525770888,0 34.47830202871822,36.74193729841104,0 34.47874957499847,36.74208460532422,0 34.47892229617645,36.74221094799075,0 34.47977859453089,36.74253865646368,0 34.48052203051842,36.74276239434564,0 34.48046656464319,36.74237602971044,0 34.48052137005482,36.74199701835065,0 34.48048508581923,36.74180116704175,0 34.48037868777251,36.74171326147899,0 34.48038164065047,36.74164897999892,0 34.48040618696441,36.74154160031581,0 34.48102731788887,36.74155528544087,0 34.48160440218429,36.74154529548987,0 34.48137871043318,36.74054579931597,0 34.48140187428513,36.74052052529053,0 34.48030401787566,36.73934968927667,0 34.48036923668462,36.7391314175245,0 34.47998135317273,36.73828358472731,0 34.48035158493477,36.73708874468528,0 34.48046722746756,36.73710833438969,0 34.48053595642744,36.73687362974047,0 34.4805306582525,36.73660747816584,0 34.48089161622443,36.73652305814689,0 34.4809547612688,36.73623971702721,0 34.48109831941254,36.73559558588888,0 34.48114502862091,36.73542579456093,0 34.48119664361109,36.7351544005148,0 34.48165316970447,36.73462632302946,0 34.48183814481062,36.73441763448894,0 34.48174360540494,36.7338818769429,0 34.48187158734141,36.73331769915593,0 34.48215499609676,36.73283168916191,0 34.48283263476668,36.73188109496057,0 34.48342653869711,36.73150255742746,0 34.48363084396344,36.73162579389624,0 34.48373432439381,36.73166925585455,0 34.48395485192439,36.73176946175666,0 34.48393371726566,36.73226295180319,0 34.48496710785852,36.7326951123198,0 34.48560327739463,36.73087772935001,0 34.48642318365223,36.73187244383787,0 34.48694533588558,36.73221564226409,0 34.48717213897299,36.73236471370133,0 34.48723630240499,36.73240688642485,0 34.48763671163723,36.73195185489849,0 34.48769072571642,36.73214404101684,0 34.48779577080941,36.73227509766155,0 34.4880444931298,36.73293491114008,0 34.48830560616465,36.733227569042,0 34.48856932091992,36.73316456757107,0 34.48892974044112,36.73334695768987,0 34.48894069306894,36.73333293562926,0 34.48906993031233,36.7335042256588,0 34.48908067464715,36.73367699847638,0 34.48905445319134,36.7336882821123,0 34.48941223488947,36.73380305083091,0 34.48954749808484,36.73390271708202,0 34.48974154780631,36.7339777973088,0 34.49020283537455,36.73407765939221,0 34.49023830427213,36.73401612079715,0 34.49026260676241,36.73401865489904,0 34.49074837623748,36.73413323349058,0 34.49084526816469,36.73394526516307,0 34.49088555476434,36.73397298289368,0 34.49089364620165,36.73398167997225,0 34.49128024844781,36.73403777823705,0 34.49146340873225,36.73382423743333,0 34.49148686072899,36.73381904892626,0 34.4915371069745,36.73355426242072,0 34.4915593643605,36.73353450890078,0 34.49177843979876,36.73334007755268,0 34.49195301228407,36.73322439304119,0 34.49204240302646,36.73327731767903,0 34.4920438267262,36.73317584844914,0 34.49194100338831,36.73309394580809,0 34.4920932627195,36.73187066735179,0 34.49171214832189,36.73192552697169,0 34.49165454405807,36.73148637004955,0 34.49161983211505,36.73120144232925,0 34.49164960849602,36.73097968773914,0 34.4916184405995,36.73094697040177,0 34.49105506588111,36.73088722834287,0 34.49096835196052,36.73078295504502,0 34.49093283613738,36.73068469064916,0 34.49116046564137,36.7298801393998,0 34.49141442154943,36.72905518104008,0 34.48941698829204,36.72865018639973,0 34.48920091408525,36.72860053347569,0 34.48876267299092,36.72885298645449,0 34.48844638118383,36.72854668462853,0 34.48837014713447,36.72873466318344,0 34.48766370145427,36.72849363717649,0 34.48727404053838,36.72836070254689,0 34.48693215315783,36.728706404839,0 34.4868190860392,36.72895869088971,0 34.48670652270847,36.72920984560057,0 34.48597268809591,36.72898183882428,0 34.4856688629763,36.72888623076712,0 34.48454083703466,36.72853125346814,0 34.48427484037623,36.72858752296995,0 34.48383835205792,36.72937271493907,0 34.48281639856499,36.72897918461257,0 34.4821306431674,36.72871505896293,0 34.48194650355441,36.72864413415222,0 34.48186114198661,36.72861387926648,0 34.48185135094558,36.72863057507639,0 34.48144627570991,36.72922665745936,0 34.48019312672364,36.72874543054836,0 34.48037690580992,36.72839580488127,0 34.48058089378308,36.72800163851473,0 34.48087474015055,36.72743383173471,0 34.4809270827681,36.72741627834187,0 34.48215496859201,36.72770627220818,0 34.48338113126599,36.72563598428347,0 34.48307037004012,36.72555941931046,0 34.47831185058585,36.72514307459156,0 34.47728361986617,36.72506054492947,0 34.47684123877083,36.72502192899193,0 34.47618373373865,36.72533976860784,0 34.4761048419215,36.72561272615671,0 34.47607315889977,36.72563839600489,0 34.47589209133272,36.72604170014647,0 34.47550349244797,36.72643927383044,0 34.47501809775702,36.72684354912143,0 34.47494151431605,36.72683553493383,0 34.47489745419739,36.72683847513795,0 34.47476343154455,36.72686186244977,0 34.47465298905856,36.7268811354968,0 34.47461878947836,36.72687756072803,0 34.47406567659323,36.72677416523719,0 34.47404386716637,36.72675674647195,0 34.47331746727377,36.72665784292357,0 34.47326457125926,36.72662967940075,0 34.47332765604835,36.72674896383814,0 34.47328299561909,36.7268926128384,0 34.47313662097433,36.72729509484599,0 34.47279055054187,36.72779067621912,0 34.47256497016317,36.72807966096422,0 34.47235096308186,36.72835419158166,0 34.47207884796662,36.72884043319937,0 34.47199567503333,36.72898821147767,0 34.47172669802023,36.72948760534274,0 34.46946039567122,36.72858774788861,0 34.46939934645302,36.72853144630889,0 34.46885524405298,36.72861586390062,0 34.46868321894418,36.72864255287883,0 34.46859994684612,36.72865547269947,0 34.46838579225292,36.72899481999112,0 34.46828322957393,36.72921448491469,0 34.46801117808987,36.72942456598212,0 34.4678984614629,36.72947660394911,0 34.46758615870631,36.72953577093621,0 34.46737539300553,36.72959595024751,0 34.46739910006261,36.72886148965353,0 34.46741612553031,36.7288607100208,0 34.46734601184911,36.72843949557962,0 34.46741024881208,36.72798802227929,0 34.46744411377015,36.72764404141258,0 34.46745357936623,36.72732801705464,0 34.46656166391279,36.72732421000988,0 34.46617376904428,36.72732255308529,0 34.46566974833537,36.72732039717783,0 34.46550625873983,36.72742602500617,0 34.46499599847291,36.72766914011532,0 34.46366574183038,36.72830719544673,0 34.46365818085771,36.72870855903461,0 34.46334998831702,36.72911038852509,0 34.46226804466781,36.72944857002247,0 34.4621369423648,36.73005261555262,0 34.46165910441253,36.73003840478795,0 34.46174111396227,36.72960382806475,0 34.46157807615977,36.729564999408,0 34.46141503741204,36.72952617143887,0 34.46125199882162,36.72948734324244,0 34.46108896150803,36.72944851480494,0 34.46043681043378,36.72929319702074,0 34.46051482246528,36.72893799093569,0 34.46075013627217,36.72858748546082,0 34.46099297531653,36.72829897062262,0 34.4601885500613,36.72796620474244,0 34.45981226199238,36.727763809203,0 34.45946284415147,36.72757536007402,0 34.45948566587883,36.72750804439962,0 34.46034759771739,36.72630781449192,0 34.46068788774638,36.72520576337511,0 34.46081365980508,36.72380620384329,0 34.46038444802087,36.72209883668584,0 34.46113183098175,36.7199375592623,0 34.46137909558568,36.71923486221985,0 34.46138174156938,36.71921430676734,0 34.46176634563388,36.71871091357281,0 34.46170389217271,36.71868236099485,0 34.46174133269423,36.71854410036708,0 34.46190737204572,36.71828428980432,0 34.46221476033096,36.71796655663462,0 34.46249584266876,36.71800121733236,0 34.46233930659105,36.71781256525958,0 34.46282078544309,36.71728695774409,0 34.46283934872439,36.71727488433681,0 34.46285293379012,36.71727466507021,0 34.46284843139173,36.71726768412334,0 34.46283962669796,36.71726427330287,0 34.46285696922533,36.71725702384082,0 34.46195684991923,36.71680366511384,0 34.46195201429129,36.71677909659548,0 34.46190138449793,36.71687471297377,0 34.46183597998225,36.71688255266725,0 34.46179048826139,36.71678811700797,0 34.4617455965643,36.71672533817211,0 34.46167832195316,36.71654443685551,0 34.46126609040155,36.71655882858983,0 34.46112290670541,36.71661336147815,0 34.46092986330451,36.71657351181398,0 34.46092853089557,36.71650316164035,0 34.46106483701813,36.7162646394655,0 34.46076738963932,36.71616029729715,0 34.46093985560963,36.71584446311206,0 34.46070389320347,36.71585859806976,0 34.46020458550513,36.71567170591822,0 34.45973124360678,36.71548400460541,0 34.45964585810202,36.71559060169483,0 34.45938634572244,36.7153872979417,0 34.45956696402529,36.7151670110022,0 34.4595762769032,36.71491220381101,0 34.45831983002476,36.71426414014024,0 34.45836456535616,36.71394073084128,0 34.45862157361712,36.71373725228499,0 34.45804146490104,36.71310634791186,0 34.45813016007148,36.71286928566507,0 34.45817450690956,36.71275075497544,0 34.458218853617,36.71263222426999,0 34.45828492231669,36.71248555712017,0 34.45873355089025,36.71260398862768,0 34.45883839566886,36.71241382136474,0 34.45899392891847,36.71248099871148,0 34.45910739501178,36.71231872469683,0 34.4598392614588,36.71255862266543,0 34.46023561829666,36.71230027600932,0 34.46059786624622,36.71324056781866,0 34.46137663069352,36.71236763203027,0 34.46149102691577,36.71226708368088,0 34.46208296579847,36.71229136936352,0 34.46306017696557,36.71233960437739,0 34.46398993120923,36.71195236587299,0 34.46438359528924,36.7114799184237,0 34.46397531491197,36.71111431522316,0 34.46393082261265,36.71100924504589,0 34.46343525484887,36.71089536018965,0 34.46360147535144,36.7106353051701,0 34.46356347896729,36.71062882536115,0 34.4621153272132,36.71003786305702,0 34.46177385720307,36.70988959620196,0 34.46171733761533,36.70986144387449,0 34.46169174156204,36.70985589464536,0 34.46161456581299,36.70981872689153,0 34.46091952222475,36.71022893700862,0 34.4606887720652,36.71015847034634,0 34.46070039275611,36.71000293421054,0 34.46072504536699,36.70995865252129,0 34.46077468237296,36.70988767670642,0 34.46082154714038,36.7098521705906,0 34.46089938670884,36.70974248153106,0 34.46072357307321,36.70947540404762,0 34.46015288866128,36.70913239895048,0 34.45969851611116,36.70866375756806,0 34.45968353215761,36.70867002035403,0 34.45854666262459,36.70964454733345,0 34.45758276859364,36.70978402864654,0 34.45752966618912,36.70963503087653,0 34.45747656401577,36.70948603397584,0 34.45737036139672,36.70918803826289,0 34.45694834724102,36.70897711942656,0 34.45621250230457,36.70877766412153,0 34.45551063898129,36.70839714957215,0 34.45483120042252,36.70800419683783,0 34.45462108287816,36.70765854527335,0 34.45462393663178,36.70747611984572,0 34.45469597468119,36.707372898355,0 34.45341560808792,36.70701226353439,0 34.45320400586699,36.70700268742895,0 34.45314647520964,36.70715538260298,0 34.45253009676637,36.70692146973041,0 34.45418756375531,36.70530050444813,0 34.4543984503193,36.70501824835461,0 34.4545663305779,36.70479210215881,0 34.45429146751623,36.70467513416193,0 34.45401660525543,36.70455816460841,0 34.45183541779817,36.70377855159978,0 34.45127072219781,36.70408925719135,0 34.45130455472395,36.70449415748472,0 34.45110308470549,36.70465493907356,0 34.45090161384716,36.7048157203356,0 34.45080613746371,36.70511714619244,0 34.4510553428329,36.70548343728726,0 34.45052352103199,36.7068601664135,0 34.45053064277523,36.70685346786682,0 34.45024470846769,36.70741821756206,0 34.44926007691569,36.7087724284917,0 34.44911283917091,36.70897967055233,0 34.44815336844083,36.70895654382109,0 34.44712144038927,36.70893166277307,0 34.44616506771614,36.70901494195321,0 34.44629634839378,36.70817493103862,0 34.44636534520377,36.70782755003054,0 34.44643180658035,36.70774770686028,0 34.44656393366542,36.70753001428147,0 34.44859756231453,36.70640617882809,0 34.44905582267085,36.70620735793832,0 34.44928526292447,36.70617618296241,0 34.44925421339707,36.70595263478527,0 34.44940259411284,36.70574975758556,0 34.44766463870452,36.70496531261526,0 34.44798644158371,36.70463123663467,0 34.44780679827738,36.70450243608911,0 34.44768985217558,36.70460527490251,0 34.44625000200707,36.70386188200928,0 34.4461535381077,36.70374198628429,0 34.44600756888229,36.70373746342661,0 34.44591049838033,36.70367197789825,0 34.44576342632326,36.70370227565714,0 34.44542251974907,36.70372593039772,0 34.44555468081137,36.70342627782271,0 34.4445169363802,36.7029681937651,0 34.44461124357993,36.7028232544105,0 34.44444076300788,36.70274195926581,0 34.44439357657071,36.70272732527384,0 34.44399839477856,36.70260353190299,0 34.44338808026293,36.70237146685557,0 34.44339076200945,36.70222707341512,0 34.44338136746667,36.70208077392663,0 34.44339844037065,36.70202135937166,0 34.44345102146412,36.7019425415588,0 34.44365141431405,36.70175264449571,0 34.44384037944077,36.70169841834033,0 34.44415845262052,36.70152395447441,0 34.4445639160486,36.70128875206606,0 34.44494331576153,36.70110538777963,0 34.44476166634256,36.70096187070826,0 34.44464243657006,36.70090879578689,0 34.44435926271668,36.70078274172349,0 34.44411513430578,36.70067400329084,0 34.44362184376344,36.70045445593913,0 34.44358081787561,36.7003514827336,0 34.4429909062673,36.70011356934229,0 34.44210296560831,36.69971266373096,0 34.4419734186769,36.69958480925214,0 34.44143040291261,36.69937196741081,0 34.44098084533803,36.69923715807391,0 34.44030298538269,36.69902379350214,0 34.43967833810438,36.69880646698995,0 34.43963366871376,36.69878274876297,0 34.43942955405712,36.69884109594798,0 34.43935558180586,36.69886224131138,0 34.43912539101557,36.69901349153211,0 34.43888479944133,36.69900840015666,0 34.43861793773099,36.69900275233885,0 34.43861967131392,36.6984822041634,0 34.43816793188655,36.69865583005765,0 34.43830698837951,36.69816309931119,0 34.43806799404621,36.69811640083929,0 34.43772505615419,36.69784688450422,0 34.43718215746402,36.69742021199778,0 34.43665424064496,36.69721708562205,0 34.4359537105879,36.69649573436142,0 34.43557095310197,36.69668486603868,0 34.4351400681763,36.6967780393937,0 34.4349513199917,36.69691589191368,0 34.43475987600424,36.69724713528743,0 34.43458157132426,36.69768863171792,0 34.43408006544676,36.69748852878859,0 34.43357270444314,36.69746357339144,0 34.43317025068752,36.6971733891456,0 34.43306876397209,36.69707640421898,0 34.43262867382321,36.69683955640574,0 34.43249085529546,36.69672684610079,0 34.43247850940552,36.69627641381479,0 34.43387178465203,36.69411502182029,0 34.43394545664781,36.69409811828253,0 34.43359475035889,36.69374376928712,0 34.43371482749679,36.69137439170076,0 34.43373709208095,36.69133478365853,0 34.4337857395202,36.69124824184204,0 34.43381949113993,36.69118819946057,0 34.43382712321574,36.691174623461,0 34.43383298268492,36.691164199381,0 34.43383659718421,36.69115776941146,0 34.433841713383,36.69114866762639,0 34.43384467953356,36.69114583845457,0 34.43384919218214,36.69113913355577,0 34.43385105747304,36.69113404160321,0 34.43386513306474,36.69110743934858,0 34.43382283271382,36.69108878143417,0 34.43380745822728,36.69107834899782,0 34.43378125397157,36.69106654886643,0 34.43171414150809,36.69007379585445,0 34.43040874154988,36.68938777622098,0 34.4306838015411,36.68897788143583,0 34.43093295023033,36.68875429382458,0 34.43104624054893,36.68880698282726,0 34.43135435139445,36.68844838464794,0 34.43176714242298,36.6887167557563,0 34.43179643971168,36.68870673584865,0 34.4320838477691,36.68836794704951,0 34.43406397769469,36.68690656424302,0 34.43424202831281,36.68663709300138,0 34.4347805643603,36.6860788929999,0 34.43505014678321,36.68571270468973,0 34.43507057708906,36.68566280194181,0 34.43523798853482,36.68559334803161,0 34.43384496062208,36.68508879501113,0 34.43379846111355,36.68497869431049,0 34.43443629535248,36.68450883621117,0 34.43493634884491,36.6842359190443,0 34.43557130719038,36.68361313052841,0 34.43917316754045,36.68144700943365,0 34.43950716987202,36.68175580055116,0 34.44024226498642,36.68164345247425,0 34.44040742556733,36.68160806458655,0 34.44047114432598,36.68147212470894,0 34.44064799102856,36.68142824810749,0 34.44094848280978,36.68143319469721,0 34.44205852401625,36.68284120559356,0 34.44253678645429,36.68339826691818,0 34.44348807312888,36.68423101935831,0 34.44352547197376,36.68433073598735,0 34.44352752218356,36.68444041985766,0 34.44465554046907,36.68553813818033,0 34.4449613548805,36.68573953436227,0 34.44523217873238,36.68596997492222,0 34.44527603548004,36.68609823204284,0 34.44540969204349,36.68627786765821,0 34.44619444831108,36.68706969000935,0 34.44825879019434,36.68882378928947,0 34.44911260072513,36.6895050419517,0 34.45074347139965,36.6905631872847,0 34.45067599832506,36.69075480893299,0 34.45144954867364,36.6915753519953,0 34.45306596146967,36.69280535912405,0 34.4534847864312,36.69302920417289,0 34.45358150793908,36.69313296138544,0 34.45357765220719,36.69324271690499,0 34.45362682070312,36.69333751521958,0 34.45387347136774,36.69353961197062,0 34.45558399498911,36.69473027532312,0 34.45633231398569,36.69515041741614,0 34.45641755982801,36.69527339253186,0 34.4565158177675,36.69545821920291,0 34.45688308073979,36.69577331128988,0 34.45746452437162,36.69613824948942,0 34.45745484088138,36.69625284748768,0 34.45824833412401,36.69686799148069,0 34.45884809781241,36.69726131767318,0 34.46052285294359,36.69811845025437,0 34.46106152274702,36.69841234585591,0 34.46247895788641,36.69975437304862,0 34.46243949065087,36.69985979596134,0 34.46308043748427,36.70054833007032,0 34.46381687635908,36.70127384596611,0 34.46447371503998,36.70186200898886,0 34.46504248957527,36.70217936564317,0 34.46507007182117,36.70238413360973,0 34.46639848357763,36.70339808154968,0 34.46762261896203,36.70422250139445,0 34.46768420291151,36.70434576064259,0 34.46883602615542,36.70510428112331,0 34.46964435898806,36.70586703280007,0 34.47071038322049,36.70678400013293,0 34.47196668968871,36.7077367658741,0 34.47314384344529,36.70857601864051,0 34.47346913956473,36.70885818843472,0 34.47366841874181,36.70905605711148,0 34.47416648214933,36.70938855493254,0 34.47535917600327,36.71010834438602,0 34.47573596721523,36.71029447032224,0 34.4759831871912,36.71052036071347,0 34.4763250843088,36.71074030601974,0 34.47700751272821,36.71110866418385,0 34.47737347279245,36.71134738758533,0 34.47819415204412,36.71181896016948,0 34.47906778496102,36.71227078907687,0 34.47946190727711,36.71243283668572,0 34.48060038113766,36.71310077795316,0 34.48114588680696,36.71343265375425,0 34.48306601192023,36.71438657595327,0 34.48386770593588,36.71479156447671,0 34.48532555764032,36.71542685867856,0 34.485523965751,36.71557701959105,0 34.48674454417533,36.71619617505118,0 34.48755008321055,36.71649138446926,0 34.48872895297259,36.71709673089747,0 34.48956430827526,36.71740109290219,0 34.49112470635067,36.71812565803826,0 34.49590668843349,36.71998791818314,0 34.49682216434544,36.72044862755797,0 34.49784344400707,36.72086506846428,0 34.49869081511169,36.72117398432914,0 34.49995331730491,36.72150151042063,0 34.50132541080118,36.72167500447644,0 34.50217066758436,36.72187421379682,0 34.50274371632746,36.72209116434261,0 34.50308859421442,36.72215358731765,0 34.50342292821884,36.72228292194335,0 34.50370987381535,36.72241285352531,0 34.50389121482498,36.7225965871172,0 34.50403570985039,36.72271400847849,0 34.50420067629247,36.72296949721611,0 34.50430519514238,36.72316374237003,0 34.50443812374581,36.72329561898307,0 34.50481607106533,36.72353410450071,0 34.50549310251356,36.72391667286325,0 34.50582754230824,36.72405076938698,0 34.50591751759688,36.72410686900514,0 34.5059911195226,36.72423472442256,0 34.50591438826292,36.72425000501827,0 34.50584115893591,36.72414122453978,0 34.50576951278576,36.72411351113784,0 34.50563974620795,36.72414377308401,0 34.50546990745959,36.72424608961124,0 34.50557839921809,36.72434011553565,0 34.50569114055931,36.7243482284784,0 34.50588834272858,36.7247368638376,0 34.50593897329977,36.72550894596575,0 34.50627835573634,36.7258957820559,0 34.50659143847212,36.72614939223832,0 34.50711289036905,36.72645283254567,0 34.50708550754415,36.72656765750275,0 34.50736757399672,36.72675010976375,0 34.50813248273991,36.72707907946444,0 34.50859764317986,36.72723059082531,0 34.50867279169599,36.72713424055788,0 34.50879267377249,36.72720426828105,0 34.50856121241569,36.72748862708551,0 34.50856279853485,36.72756969496358,0 34.50876156255764,36.72773412107463,0 34.50916888644597,36.72795790932133,0 34.50962192722498,36.72809526075393,0 34.50990689029235,36.72781976136124,0 34.51000289084118,36.72788055147193,0 34.50974171827391,36.72816051849519,0 34.50980301571209,36.7282646785574,0 34.50999604527743,36.72843871559111,0 34.51021738969968,36.72854561361808,0 34.5103740753682,36.72837667887557,0 34.51049368066811,36.7284324006179,0 34.51027425809876,36.72872614744116,0 34.51108827313076,36.72914033341399,0 34.51121589702208,36.72900038659704,0 34.51129958461114,36.72903748218081,0 34.51112182168268,36.72934024259899,0 34.51160757791703,36.72963457656382,0 34.51309000538319,36.73028828944513,0 34.51313306700641,36.73036882886878,0 34.51401069092017,36.73070109852039,0 34.51696231190084,36.73163179214181,0 34.51789168955956,36.73188228513346,0 34.51868876329889,36.73203429022274,0 34.51953267342154,36.73215707281062,0 34.520113084266,36.73214011997565,0 34.52059230948724,36.73210060855457,0 34.52087085362786,36.73210181787723,0 34.52096056905684,36.73214359965169,0 34.52102225890612,36.73226682740062,0 34.52150055348637,36.7327806291979,0 34.5214852260137,36.73290484237667,0 34.5220741168507,36.73331706100626,0 34.5227282789243,36.73373320967275,0 34.52328924342383,36.73393113433627,0 34.52391387346349,36.73405192333601,0 34.52382934008047,36.73427241941641,0 34.52393175577718,36.73435696562648,0 34.5245468048718,36.73459235079819,0 34.52536178659901,36.73474885134664,0 34.5252485763668,36.73501741550574,0 34.52611294451961,36.73527344596826,0 34.52639206633256,36.73530325380339,0 34.52655852497081,36.73532973815817,0 34.52688788015264,36.735501996992,0 34.52787113149344,36.73577556850648,0 34.52842084055657,36.73600223120115,0 34.52932556655203,36.7362004817012,0 34.52980878708929,36.73636121519878,0 34.53017313304825,36.7365043959369,0 34.53075470886565,36.73654461468075,0 34.53110446226821,36.73654965383993,0 34.53118788308382,36.73657243005934,0 34.53117802217969,36.73667272328466,0 34.53129831803476,36.73676180393013,0 34.53186411324971,36.73690238572572,0 34.53512851898824,36.73744700725613,0 34.53541959680449,36.73748141053643,0 34.5355859075892,36.73720261247787,0 34.53568777086432,36.73725853564829,0 34.53550003967337,36.73765208780411,0 34.53620801306321,36.73808654691951,0 34.53680804418146,36.73815988574627,0 34.53715111749956,36.73812683505966,0 34.53723149925383,36.73799701051355,0 34.53730297888363,36.73801516656077,0 34.53721417298734,36.73831681531561,0 34.53731144304842,36.73843957447969,0 34.5375507236523,36.73855095914585,0 34.53855115616945,36.73879082945752,0 34.53969217632754,36.73894778454495,0 34.54029709384371,36.73896857562617,0 34.5407815107035,36.73889075439445,0 34.54112775737345,36.73842359385579,0 34.54129643318875,36.73826400404703,0 34.54141607641521,36.73831969191753,0 34.54120200472831,36.7385800378969,0 34.54110050380832,36.73883892546651,0 34.54145856372047,36.73925880411718,0 34.54174323753206,36.7395651561014,0 34.54180363326866,36.73962161216718,0 34.54184863703959,36.7397975142658,0 34.54208993190988,36.74000902968614,0 34.54148687974617,36.74097081708263,0 34.54174795494516,36.74128224386576,0 34.54226056091244,36.74172396758923,0 34.54270370072699,36.74195194544664,0 34.54290037668693,36.74200663285288,0 34.54298734629541,36.74191010901712,0 34.54305940260162,36.74195687294301,0 34.54286797653955,36.74216445956815,0 34.54281197183902,36.74232736067599,0 34.54332688298452,36.7428835252062,0 34.54448632050347,36.74366027575418,0 34.54466831756059,36.74380017624521,0 34.54517032213933,36.74466737383818,0 34.54530890895234,36.74537151230545,0 34.54547627780615,36.74691953994806,0 34.54545038436296,36.74740163203661,0 34.54544972040078,36.74766398219408,0 34.54555122691254,36.74799655217747,0 34.54564393616464,36.7481861421284,0 34.54609305759963,36.7487097593334,0 34.54658146020584,36.74912315704783,0 34.54738680973466,36.74967552836704,0 34.54812382223953,36.75007137622089,0 34.54833705509361,36.75006383109727,0 34.54845518826908,36.75004321492882,0 34.54850957420937,36.75009497547777,0 34.54845777612511,36.75017196685353,0 34.54769297765253,36.75045857063182,0 34.54788386384826,36.75081382513142,0 34.54825642543179,36.75077081803916,0 34.54874464571184,36.75087894025108,0 34.54924023081416,36.75105851157414,0 34.54951426043662,36.75112649060454,0 34.54941582158429,36.75124224888899,0 34.54927866268682,36.75120110606414,0 34.54917286100549,36.75124541299747,0 34.54834584406122,36.75345030884453,0 34.54820957841162,36.7540435416057,0 34.54817414868494,36.75464023382897,0 34.54829481395095,36.75533506118312,0 34.5484516926368,36.75576707405699,0 34.54913921436101,36.75694104437739,0 34.54960820601319,36.75756455469826,0 34.55029801555268,36.75826150337452,0 34.55061864418707,36.75858167380499,0 34.55089097119399,36.75856381425427,0 34.55107565086245,36.75860910460272,0 34.55125536671403,36.75870215765123,0 34.55142418783647,36.75884305166976,0 34.5514922609396,36.75898525860158,0 34.55151330758684,36.75914715923981,0 34.55148187985589,36.75935267153849,0 34.55225565537488,36.76009621228674,0 34.55329598810262,36.76112245670038,0 34.5545062018426,36.76204630598654,0 34.55512791990645,36.76259624949891,0 34.55548939872751,36.7628824823743,0 34.55571176517032,36.76302559839718,0 34.55580173149014,36.76308350071186,0 34.5584652923604,36.76580559471949,0 34.55889975757505,36.76618148941046,0 34.55967400082842,36.76664832208724,0 34.56201408061629,36.76802471351171,0 34.56368878327135,36.76899006428827,0 34.56455026793795,36.76944379133386,0 34.56478826529216,36.76948537864924,0 34.56902343307272,36.76747396132972,0 34.56943176833745,36.7673284607995,0 34.56966046851377,36.76727774488374,0 34.57005677994923,36.76726953342119,0 34.57031633094447,36.76727803138071,0 34.5707525427145,36.76740940327775,0 34.57107410367539,36.76755123322246,0 34.57530110191595,36.77058676387554,0 34.57542196509285,36.77069844503612,0 34.57542774307812,36.77079972801769,0 34.57533349727652,36.77090233493148,0 34.57524191978334,36.77095422667594,0 34.57510065948073,36.77093224889117,0 34.5750289910228,36.77087059302495,0 34.57500475241206,36.77077253712368,0 34.57505150793014,36.77070335135011,0 34.57314916581181,36.76936614887759,0 34.57302917111939,36.76947803709507,0 34.57217935301251,36.76887217844779,0 34.57228477506699,36.76877240799546,0 34.57133349139391,36.76809633585828,0 34.57097992218269,36.76783866646296,0 34.57075121511906,36.76770753529833,0 34.57047860391617,36.7676038146124,0 34.57020720908191,36.76755969869451,0 34.56995864664337,36.76754509287126,0 34.5696811809711,36.76756664174045,0 34.56978126588322,36.7679320003244,0 34.56786612013082,36.76886948737035,0 34.56893914943392,36.77024753085436,0 34.56921777875261,36.77010076008335,0 34.56959801630327,36.77057570518792,0 34.56988429813391,36.77044075796612,0 34.57025324419229,36.77090690648412,0 34.57053205792172,36.77076907545602,0 34.57090107028967,36.77123820185152,0 34.57126775913446,36.77104852867553,0 34.57201697713919,36.77198961201657,0 34.57332297145394,36.77134332399398,0 34.57353189094633,36.77141210771714,0 34.57366463545397,36.77119868988014,0 34.57364106751323,36.77113341771119,0 34.57360929802988,36.77102949855835,0 34.57362969898588,36.77093979429203,0 34.57370652052241,36.77089107896009,0 34.57384778155031,36.77091305929877,0 34.57398619157509,36.77097681352769,0 34.57403672638766,36.77109240761627,0 34.57276257941732,36.77311556667403,0 34.57310961225303,36.77323320441145,0 34.57341011832277,36.77325009712919,0 34.57367776848095,36.77329127146263,0 34.57393904741026,36.77338321105268,0 34.57423501032613,36.77354027675457,0 34.57443872137966,36.77371644709233,0 34.57505477077235,36.77412266815847,0 34.57566115823147,36.77441871196036,0 34.57857344473077,36.77530126513938,0 34.5794444597917,36.77548943650988,0 34.58167229098051,36.77606201907005,0 34.58309815899282,36.77637991626463,0 34.58327408211161,36.77592444285626,0 34.58343054151258,36.7759640961686,0 34.58326591766451,36.77642836189323,0 34.58457459277268,36.77681338599863,0 34.58561420000925,36.77708869956139,0 34.5856984275612,36.77703987960482,0 34.58591382022644,36.77634240499824,0 34.585983596302,36.77631166257009,0 34.58611201557149,36.77588961141105,0 34.585885041381,36.77584494114841,0 34.58589541773585,36.77580902823174,0 34.58642772114715,36.77592415699194,0 34.58641734499174,36.77596006814657,0 34.58615690317207,36.7759098804392,0 34.58604305963541,36.77631981301792,0 34.58607089699109,36.77641185674968,0 34.58588254470688,36.7771626324291,0 34.58666152950886,36.77737880780324,0 34.58762285451664,36.77763129855641,0 34.58801389583114,36.77772445626594,0 34.58820116806837,36.77782033217516,0 34.58940467767525,36.77813515958425,0 34.59096744816753,36.77843920761004,0 34.5912050012669,36.77827803002017,0 34.59140692102655,36.77818589426914,0 34.59161044396111,36.77817124651989,0 34.59174511390522,36.77823204801777,0 34.59181408420753,36.77834142657827,0 34.59189743456465,36.77860861212464,0 34.59293999048994,36.77884506708584,0 34.59387733415191,36.77901137752303,0 34.5945832475185,36.77909730960582,0 34.59477435919472,36.77884135197745,0 34.59519035909842,36.77888645159157,0 34.59527051368752,36.77917752774435,0 34.59579118083836,36.77926593819943,0 34.59768762766479,36.77957436292471,0 34.59813666807921,36.77960410233244,0 34.59830246293022,36.77955715823568,0 34.59858089207774,36.77958024532542,0 34.59863510444321,36.77951393203706,0 34.59873741771696,36.77944399129128,0 34.59887437680242,36.77943618843412,0 34.59901572160535,36.77946111829024,0 34.59911310357733,36.77951048755405,0 34.59921542784042,36.77961941409226,0 34.59972505118322,36.77971093655986,0 34.59976358625107,36.77978196443795,0 34.60116005935646,36.7799271333998,0 34.60168036637442,36.7799976368895,0 34.60193638188216,36.78001207545897,0 34.60210983134638,36.77997694717892,0 34.60221245444979,36.7799219052464,0 34.60224745604717,36.77982305552931,0 34.60224453963306,36.77968298234498,0 34.602219891053,36.77956705127374,0 34.60214707634361,36.77945176817359,0 34.60215966317156,36.77934427794792,0 34.60222115727846,36.77927190330105,0 34.60233514127538,36.77922863242927,0 34.6024607984544,36.7792120334277,0 34.60258355671149,36.77923422773888,0 34.60265902127592,36.77929879536303,0 34.60267978079608,36.77940583716578,0 34.60267065096532,36.7795013548325,0 34.60258291140585,36.77955917922856,0 34.6024915912221,36.77962301256387,0 34.60245257401117,36.77970701051196,0 34.60245184938704,36.77985011357519,0 34.60251971684677,36.77990584025327,0 34.60295536873513,36.78000430898315,0 34.60347474611179,36.78003009929174,0 34.60454065620173,36.7799620627917,0 34.60534376111504,36.77990949052269,0 34.60552907072582,36.77990996890787,0 34.60589797670524,36.78000634703547,0 34.6059618039984,36.77986835357745,0 34.60601286414353,36.7798289097081,0 34.6060612781699,36.77984018102247,0 34.60609191340748,36.7798874641453,0 34.60602883046127,36.78006122024819,0 34.606402002282,36.78018437023482,0 34.60646436394758,36.78015371599952,0 34.60662137524606,36.78004129358805,0 34.60675764861141,36.7800006973051,0 34.60692060525829,36.77999551476067,0 34.60712976196461,36.78007317893613,0 34.60723527683027,36.77997933837311,0 34.60729153604035,36.78001137165032,0 34.60722011397757,36.78014052415079,0 34.60732126646081,36.78019281738958,0 34.60733726870557,36.78024924132603,0 34.6072877040833,36.78036021349322,0 34.60735707053332,36.78048746324584,0 34.60831245753639,36.78080545100862,0 34.61060749090976,36.78156140704937,0 34.61395025081458,36.78261612092469,0 34.61427931430224,36.78257886291452,0 34.61449402075404,36.78256700492358,0 34.61479086270097,36.78258384223923,0 34.61507501279922,36.78270220904477,0 34.61568860163609,36.78280119488227,0 34.61602626354922,36.78282045623867,0 34.61612750169892,36.78269983501104,0 34.61627049735941,36.78262634564526,0 34.61649556630427,36.78257857064225,0 34.61660709413901,36.78259494046054,0 34.61664520894857,36.78264510080921,0 34.61663157874136,36.78270192891551,0 34.61633994215139,36.78275657058574,0 34.61630025125479,36.7828077894078,0 34.61630639746524,36.7829239687301,0 34.61640598460797,36.7830776332251,0 34.61659104036991,36.78324206002346,0 34.61825969532097,36.78363672168551,0 34.61860684077659,36.7837542226904,0 34.61916027203353,36.78416404421592,0 34.61948688397958,36.78436231240744,0 34.61962026947557,36.78436049587906,0 34.61969261401116,36.78427603952613,0 34.61974115700082,36.78429326509007,0 34.61976564345492,36.78457613735777,0 34.61959167823188,36.78511510555493,0 34.61957993186279,36.7852613400857,0 34.61981963318189,36.7854176136157,0 34.62002335480336,36.78555043019448,0 34.62023078409528,36.78554462253562,0 34.62103148415005,36.78467217122844,0 34.62112894910008,36.78472450277682,0 34.62101019478077,36.78489306363855,0 34.62101472923721,36.78500270713048,0 34.6211212353443,36.78527313171863,0 34.62128129974987,36.78555236608616,0 34.62150014489763,36.78580695039322,0 34.62183715829889,36.7860408435252,0 34.62256313710253,36.78644114029746,0 34.62318024674553,36.78674037019476,0 34.62404705634376,36.78692886587076,0 34.62519828267045,36.78710631439014,0 34.62688231573963,36.78724069033183,0 34.62817310862136,36.78728741610224,0 34.62916473424848,36.78748847530556,0 34.63054888370888,36.78776367931091,0 34.63056370452034,36.78776347609268,0 34.63509420139053,36.78384968703794,0 34.63529791232367,36.78380872760439,0 34.64205982192297,36.78459080521949,0 34.64212752538261,36.78470672945078,0 34.64208499746251,36.78479794250566,0 34.64200010706327,36.78484919713607,0 34.64144434602466,36.78478770699534,0 34.64129390326021,36.78468484937184,0 34.63533170871411,36.7840038238493,0 34.63411097563436,36.78501986988332,0 34.63409050443941,36.78517278286778,0 34.63390145873162,36.78520638464622,0 34.63294326439448,36.78602086544458,0 34.6329433362837,36.78616395700362,0 34.63288205032771,36.78621011104258,0 34.63272198471476,36.78621230880086,0 34.6317840596621,36.78700503880657,0 34.63179332486346,36.78716231428356,0 34.63173203744123,36.78720846865998,0 34.63157764553758,36.78719866109104,0 34.63064527176351,36.78797461280685,0 34.63064625031923,36.78816062123456,0 34.63041810473368,36.78816851767974,0 34.63042772586886,36.78817276099244,0 34.62969027606444,36.788803333982,0 34.62954268380624,36.78897468244676,0 34.62954490597286,36.78907958707328,0 34.62936992814704,36.78921792314687,0 34.62924702931714,36.78915521623863,0 34.62807270595893,36.79013002194336,0 34.62796599135438,36.79013148293726,0 34.62640949277321,36.78901996039078,0 34.62564311233524,36.78923553992195,0 34.62559351695916,36.78913366778617,0 34.62468851625724,36.78938452354402,0 34.62421118142911,36.78980839886554,0 34.62420470432904,36.78992296252665,0 34.62565662337105,36.79169893992805,0 34.62575847162105,36.79174762914901,0 34.62582082341566,36.7917515466898,0 34.62637412620163,36.7912741593637,0 34.62631679534326,36.79122724413813,0 34.6264655070395,36.7911083527498,0 34.62649258991645,36.79112706150354,0 34.62679609435718,36.79089634544549,0 34.62693420838234,36.79083721923485,0 34.62701439694678,36.79084327622959,0 34.62705751048011,36.79091900218056,0 34.62704133940155,36.79099554019527,0 34.62696527500892,36.79104427844571,0 34.62681836793307,36.79110829501213,0 34.62661162787875,36.79128760499749,0 34.62835628397924,36.79295943695379,0 34.62999708869228,36.79451160889374,0 34.63024213748892,36.79473997034806,0 34.63039736662241,36.79488462824751,0 34.63064825732091,36.79509661837791,0 34.63097524761749,36.79537290493183,0 34.63131779118102,36.79565105211028,0 34.63177649778238,36.79601178073479,0 34.63214152982236,36.79628184257471,0 34.63258317138652,36.79659880936736,0 34.63282099942509,36.79676949784825,0 34.6330535786668,36.79692355566451,0 34.63344248825391,36.79717405575655,0 34.6336769897548,36.79732509969357,0 34.63400622471357,36.79753715888999,0 34.63425212958403,36.79768289456482,0 34.63446604723901,36.79780967298984,0 34.63478682284813,36.79799977817763,0 34.63504378886783,36.79815206623286,0 34.63531725442692,36.79831806997653,0 34.63547201193732,36.7984137212838,0 34.63568002066612,36.79857303139837,0 34.63577867840763,36.79868018562762,0 34.63587733644588,36.79878734066747,0 34.63595391197808,36.7989019535625,0 34.63603048774326,36.79901656640048,0 34.63618741087772,36.7990048671218,0 34.6362472803612,36.79986736908287,0 34.63736993088286,36.79980660231921,0 34.63735431600766,36.79963033693088,0 34.63757656577308,36.7996225071165,0 34.63746687129999,36.7982312489827,0 34.63807717698786,36.79820376448347,0 34.63785855368135,36.79573604403995,0 34.63788391455682,36.79567368726488,0 34.63793615838591,36.7956205011025,0 34.63800996731072,36.7956051752378,0 34.63812297379871,36.79562031260261,0 34.6382885264417,36.79576819968248,0 34.6393140147517,36.79668424705119,0 34.63952731069332,36.79667415211713,0 34.63974393929417,36.79918482339113,0 34.64017964147881,36.79917404399706,0 34.64179652064782,36.8011291481628,0 34.64341087468971,36.80308107381925,0 34.64436850910084,36.80423889680013,0 34.644746689752,36.80403333666968,0 34.64491156028365,36.80369955791619,0 34.64523498614038,36.80356868516774,0 34.64532237992142,36.80155464339908,0 34.64886150328011,36.80160816820462,0 34.64890545516003,36.79909390357567,0 34.64901504363635,36.7990876146887,0 34.64901652626605,36.79915675464062,0 34.64920340072901,36.79915893370747,0 34.64916124854854,36.80161832106271,0 34.65005414326725,36.8016297812958,0 34.65002154994067,36.80332327563433,0 34.64996860971674,36.80607398099276,0 34.6507073829451,36.80608757447368,0 34.6507142213388,36.80571544062997,0 34.65126011717335,36.80572455343687,0 34.65125057243576,36.80610865075748,0 34.65163314773768,36.80610810678167,0 34.65168151292112,36.80380365155208,0 34.65196035946493,36.80380693166772,0 34.65240357818171,36.8044208397026,0 34.65268335688636,36.80460535503424,0 34.65260055075943,36.80751366045999,0 34.65421145469134,36.8083617355236,0 34.65506052474996,36.80729819264204,0 34.65561760020313,36.8075503874797,0 34.65568972205741,36.80745637372571,0 34.655196541235,36.80714128252716,0 34.65529754078472,36.80701109384074,0 34.65648235367632,36.80762896764963,0 34.65672212481442,36.80733228680072,0 34.65556149751882,36.8067355444122,0 34.65560770429267,36.80667766379313,0 34.65673540892769,36.80726055634583,0 34.65702966130769,36.80687726217805,0 34.65592572990214,36.80629642623699,0 34.65596314369697,36.80624343884057,0 34.65711502643713,36.80684745426389,0 34.65740615837232,36.80645704858551,0 34.65626654935134,36.80587194219211,0 34.65630968731176,36.80580933406262,0 34.65747061545446,36.80642037689652,0 34.6578603370936,36.8059260453792,0 34.6548635693314,36.8043484675019,0 34.65491201038551,36.80411884708879,0 34.65483379529452,36.80406746760367,0 34.65543487284391,36.80333410075436,0 34.65719958029931,36.80425452288245,0 34.65879091138681,36.80508447564328,0 34.66044037300615,36.80594470246366,0 34.66047038511743,36.80590612611503,0 34.66052796833652,36.80593584820097,0 34.66130215539973,36.80498062672545,0 34.66125659525285,36.80495836881659,0 34.6614922211806,36.8046631686908,0 34.65964938237438,36.80370443389928,0 34.65964544678939,36.80363198803932,0 34.6582799108725,36.80291077853871,0 34.65825227093967,36.80294932216793,0 34.65797151952282,36.80280251306532,0 34.65796358160594,36.80276446651834,0 34.65772131382319,36.8026419237722,0 34.65774196303458,36.80260920046104,0 34.65762438715002,36.8025478797657,0 34.65758047419758,36.80260191282837,0 34.65738376509093,36.8025016287549,0 34.65744153878511,36.80243023165168,0 34.65717522697979,36.8022927593162,0 34.65714746447455,36.80232557987107,0 34.65704669779758,36.80227356339815,0 34.65707200707921,36.80223696070104,0 34.65651525812117,36.80194327257198,0 34.6564852054617,36.80197993943543,0 34.65638198648709,36.80192414109635,0 34.65644900049138,36.80184116847182,0 34.65655463373547,36.80189884039406,0 34.65653390311574,36.80192774828419,0 34.65709302533357,36.80222140505364,0 34.65711375471308,36.80219249798733,0 34.65721210694188,36.80224263987965,0 34.65719366638707,36.80226769870598,0 34.65745764936408,36.80240711254431,0 34.65750613989058,36.80234538390317,0 34.65771249958454,36.80245316413582,0 34.65766396691564,36.80251298526913,0 34.65777925401672,36.80257815509423,0 34.65783003427732,36.80251257804393,0 34.65837959348674,36.80280254561528,0 34.6583589478445,36.80283526808271,0 34.65972930872647,36.80356022659102,0 34.65982287237337,36.80343776882621,0 34.66136641355127,36.80425687631764,0 34.66146003764914,36.80426629962139,0 34.6614866079889,36.80405486801959,0 34.66074095525966,36.80228021223957,0 34.66072004467829,36.80192992888459,0 34.65860139650483,36.80084338327646,0 34.65868794493157,36.80073127989598,0 34.65872732794097,36.80069548643649,0 34.65900615417534,36.80084131481478,0 34.65908198330343,36.80080458185481,0 34.66116203556515,36.80186651827331,0 34.66146230264633,36.80274960143894,0 34.66171997490573,36.80350739883817,0 34.66247317332768,36.80572240804985,0 34.66261668520517,36.80598154364387,0 34.66288530450468,36.80606006472824,0 34.6669675272607,36.80618891891228,0 34.66705763615187,36.80624131600678,0 34.66713905665225,36.8065084715062,0 34.66742384239375,36.80651163282972,0 34.66742050821661,36.8063578557367,0 34.66749830942344,36.80625302285561,0 34.66764398519182,36.80620089752079,0 34.67226879023316,36.80632195946645,0 34.67250059442107,36.8063437394371,0 34.67265343757191,36.80641671283258,0 34.67277179210586,36.80654025335445,0 34.67273533335173,36.80690922739763,0 34.67288763196456,36.80695716574063,0 34.67301841846034,36.80662979236425,0 34.67314364431171,36.80666022572121,0 34.67292404426272,36.80740381549566,0 34.67370231689427,36.80780067340353,0 34.67402712491285,36.8080071611509,0 34.67424215759783,36.80807567837949,0 34.67450517900191,36.8081005922405,0 34.67474167043802,36.80813303419676,0 34.67502481938565,36.80826498244866,0 34.67552472255357,36.80834021686377,0 34.67637964246069,36.80837466997112,0 34.67704987689661,36.80830440316618,0 34.67733318620331,36.80823959384079,0 34.67762695005185,36.80824618054231,0 34.67814441164103,36.808310423701,0 34.67852345655757,36.80835157741087,0 34.67881191407173,36.80831888650928,0 34.67907282837454,36.80824723341849,0 34.67936144259247,36.80822169393667,0 34.68031716587394,36.80818672627311,0 34.68069558669771,36.80819926383231,0 34.68087434382726,36.8082360880742,0 34.68109390750377,36.80830810534121,0 34.68180580789096,36.80831234695655,0 34.68227972428578,36.80821620959802,0 34.68272188194984,36.80809190183617,0 34.68325033851938,36.8080486490572,0 34.68394389610987,36.80802809703641,0 34.68458719920017,36.80794743682653,0 34.68497943222111,36.80798122990208,0 34.68537619039235,36.80801853230406,0 34.68560902298358,36.80808677831567,0 34.68598963962815,36.80819943092018,0 34.68645350278136,36.80825366545013,0 34.68808990746851,36.80821971123399,0 34.68961627334008,36.80803705252437,0 34.69035202223579,36.80791212123759,0 34.69117584955792,36.80774658215152,0 34.69222762898342,36.80742754816412,0 34.6924312942032,36.80556446153901,0 34.69249016899099,36.80540980103633,0 34.69258612018626,36.80532258110587,0 34.69279769585699,36.80523371400312,0 34.69683560189544,36.8045644404185,0 34.69694693806458,36.80457000634561,0 34.69699719910221,36.80463010150934,0 34.69699004087558,36.80470890448282,0 34.69691967501382,36.80474568173069,0 34.69628880731397,36.80478330211929,0 34.69313328423905,36.80532194438884,0 34.69295602507054,36.80535308745736,0 34.6927883693172,36.80541628810149,0 34.69266986935973,36.80548952112177,0 34.69260147007274,36.80561569930597,0 34.69254125754643,36.80611379935276,0 34.69277743518719,36.80613190086738,0 34.69265221055142,36.8073141853443,0 34.69250068608964,36.80730203350476,0 34.69243700780028,36.80764278199337,0 34.69274694569609,36.80777788291523,0 34.69278539911038,36.80770579044899,0 34.69347442247391,36.80768166903172,0 34.69523281120642,36.80753140528079,0 34.69605343748084,36.80742311591708,0 34.69657464297878,36.80745502893654,0 34.69658059010395,36.80752291242928,0 34.69666635235707,36.80757892540746,0 34.69675569402842,36.80759553595147,0 34.69701087693314,36.8074666886244,0 34.69690808991417,36.80704246092977,0 34.69673972360992,36.80707348093468,0 34.6963910799723,36.80599096391733,0 34.69658136465777,36.80594532086456,0 34.69643855744886,36.80552166188529,0 34.69662883987148,36.8054760206016,0 34.69735345272944,36.80766928083049,0 34.69784042456421,36.80776249220978,0 34.69821124244919,36.80776739309484,0 34.70064715546016,36.80779955888448,0 34.70174311316219,36.80781401450522,0 34.70181843027113,36.80739797255915,0 34.70192969265279,36.80739995644916,0 34.70193863811762,36.80780406074685,0 34.70221548076295,36.80785017921968,0 34.70372368210599,36.80785361817692,0 34.70401228312875,36.80782801729754,0 34.70402801127707,36.80773478401952,0 34.70431422668442,36.80780222625456,0 34.70452833435618,36.80782777562202,0 34.7046646933952,36.8077578522883,0 34.70470115178687,36.80759635251745,0 34.70478096429746,36.80758447570214,0 34.70482804847384,36.80790217711019,0 34.70501992093809,36.80792804532824,0 34.70507432982846,36.8075731138071,0 34.70521251350969,36.80758544092318,0 34.70518168827998,36.80800084668486,0 34.70608028615609,36.80819901481933,0 34.70671776630315,36.80825783433891,0 34.70733491637565,36.8082024688879,0 34.70741679424719,36.80828357114179,0 34.70766552924061,36.80826568883974,0 34.70769626540465,36.8086480154228,0 34.7080973226455,36.80867802689074,0 34.71001579423785,36.8083249171834,0 34.71007615636734,36.80843852150729,0 34.71019798502168,36.80851546969047,0 34.71043020376264,36.80855505589944,0 34.7107723315644,36.80853582523429,0 34.71110016222961,36.80847387069559,0 34.71153187373382,36.80848196549202,0 34.71193078191246,36.80841540885217,0 34.71210335277459,36.80837357442048,0 34.71225067171258,36.80839649325047,0 34.71269556613429,36.80839723903355,0 34.71352833564521,36.80843532204804,0 34.71404835615569,36.80841351698784,0 34.71440930913504,36.80844050785516,0 34.7147002199963,36.80851859050115,0 34.71483579486068,36.80861322111881,0 34.71661044060411,36.80895343905746,0 34.71827967739465,36.80943277376787,0 34.71857712198926,36.80960376001202,0 34.71885946792023,36.80969626420188,0 34.71932231726678,36.80970388040394,0 34.71945689190753,36.80995234360499,0 34.71983969051541,36.8099611164179,0 34.72004491181143,36.80998676533204,0 34.72022408974318,36.8100414085857,0 34.72036428055112,36.81014312088809,0 34.72050479078396,36.81025913732557,0 34.72146599314438,36.81066734047032,0 34.72167241717408,36.81074662917453,0 34.72211892631043,36.81081886164652,0 34.72231152968961,36.81087688468645,0 34.72289927791301,36.81109731391106,0 34.72313182959127,36.81115117830459,0 34.72329662684995,36.81115952287522,0 34.72339843770628,36.81113658230304,0 34.72341434080467,36.81085374899455,0 34.72351671365603,36.81085584146637,0 34.72352945695388,36.81102736647963,0 34.72358030299384,36.81111248375882,0 34.72373400364899,36.81122115013896,0 34.72397100287082,36.81127495019448,0 34.72413709140673,36.81127473007913,0 34.72417366683509,36.81174132746177,0 34.72373646842641,36.81185160279339,0 34.72311003387706,36.81174564747548,0 34.72300918797799,36.81200639663843,0 34.72368660456237,36.81260443945347,0 34.72446533273317,36.81329190702164,0 34.72587550046597,36.81338999951046,0 34.72619854779813,36.81369974650981,0 34.72674611241511,36.81378421964921,0 34.72723905958744,36.81330217325588,0 34.72733957190243,36.81308052604583,0 34.72739543504701,36.81275482596752,0 34.72739610467181,36.81259827632254,0 34.72717478151963,36.81254127017385,0 34.72700146365656,36.8123868506379,0 34.72696290200756,36.81221570297949,0 34.7270053093082,36.81205541121386,0 34.72702884853281,36.81197052815806,0 34.72682051001139,36.81148653050933,0 34.72852473226768,36.81150060689349,0 34.72868064403433,36.81196402885221,0 34.72876487373997,36.81208776339837,0 34.72889843238192,36.81248790279282,0 34.72890406375213,36.81343597266761,0 34.73294779972545,36.81342389022193,0 34.7329279871662,36.81396328230552,0 34.73288243052454,36.81520350842904,0 34.73280953910501,36.81718787587723,0 34.73184312926725,36.81738950479077,0 34.73184824955734,36.81755790463277,0 34.73295009922212,36.81771635898627,0 34.73418389013579,36.81792537281169,0 34.73498765843218,36.81798090675223,0 34.73522717180104,36.81797121678941,0 34.73432676955792,36.81705224647642,0 34.73407698091253,36.81686698609606,0 34.73437417870397,36.81587780795,0 34.73440455924535,36.81457041653413,0 34.73443202477404,36.81338849170523,0 34.73384947769853,36.81338373413703,0 34.73394729403971,36.81158732483591,0 34.7352636058333,36.81147457435208,0 34.73650122568863,36.8114781987608,0 34.73740136902109,36.81152995690933,0 34.73779491047821,36.81137057660413,0 34.74011873441732,36.81133049944967,0 34.74080352429818,36.8114678317675,0 34.74079189696901,36.81152081825137,0 34.7407704897679,36.81161823381599,0 34.74074612112061,36.81174248707865,0 34.74072255802744,36.81187954389006,0 34.74061303067183,36.81251659170409,0 34.74185444271755,36.81272947482167,0 34.74443851450523,36.81245685749285,0 34.74401154778418,36.81588446596952,0 34.74443553339992,36.8160054051948,0 34.74439492185518,36.8172872677135,0 34.74384872400486,36.8171915121068,0 34.74369459574861,36.81842872471504,0 34.74426959501056,36.81854882638397,0 34.74600715226175,36.81860394729976,0 34.74626321062249,36.81624792161795,0 34.74659588748338,36.81470243273825,0 34.74596748397023,36.81454400971164,0 34.74629246898783,36.8126599877485,0 34.74794426655531,36.81277880308006,0 34.7480126800103,36.81285742025061,0 34.74826689106318,36.81280925839883,0 34.74822675462185,36.81254307191693,0 34.74837270402767,36.81146178925476,0 34.74871471639678,36.81162942796036,0 34.75073453770926,36.81122074306226,0 34.75101682274776,36.81235507339953,0 34.75115312958114,36.8125976259096,0 34.75256182873107,36.81251062557018,0 34.7525540132525,36.81253486619123,0 34.75263149239513,36.81251881302138,0 34.75312301769214,36.81241696948873,0 34.7547471918255,36.81216929428799,0 34.75484401860674,36.81214215509099,0 34.75522460258642,36.81207630876496,0 34.75668828608605,36.81182306098339,0 34.75790567944891,36.81174920317038,0 34.75874228941545,36.81171441657306,0 34.75966844161604,36.81167572541269,0 34.75896432120752,36.81285791838884,0 34.75895744356766,36.81333498628731,0 34.75938138729879,36.81449250852936,0 34.76041547229289,36.8142428054324,0 34.76497223728921,36.81410750758524,0 34.76773065403461,36.81387475342708,0 34.76783451731664,36.8143620684867,0 34.76815807822064,36.81704363240809,0 34.76800336749027,36.81708766742345,0 34.76766983847291,36.81713466422419,0 34.76736832881806,36.81720442787634,0 34.7658796575193,36.81825202395829,0 34.76578643804305,36.81839053624908,0 34.76516769748629,36.81889457704529,0 34.76500922322192,36.81890082753642,0 34.76482133770862,36.81898915086859,0 34.76486209877956,36.81914952100117,0 34.7643880493088,36.81949639485848,0 34.75859492897615,36.81924175146423,0 34.75858155350896,36.82001812137694,0 34.75895425547786,36.8201439526707,0 34.75880171473354,36.82125515300593,0 34.76217858960447,36.82137208089891,0 34.75887136204788,36.82306658899643,0 34.758035480072,36.82361315506347,0 34.75799159103771,36.82363269180285,0 34.75813964309642,36.82388873054678,0 34.75703185544214,36.82440683112227,0 34.75572243733534,36.82491192173106,0 34.75555927672369,36.82484306147304,0 34.74887923690514,36.82818131803214,0 34.74828584591819,36.82760284984096,0 34.74782453716849,36.8271887010202,0 34.74739615182943,36.82682319498645,0 34.7469314576219,36.82648758404977,0 34.74566236625594,36.82599110594091,0 34.74507504106749,36.82563544164409,0 34.74495065641455,36.8257950660282,0 34.74466769476683,36.82547958295763,0 34.74458617578728,36.825526836323,0 34.74452675033278,36.82538082357718,0 34.74450443243791,36.82532598612873,0 34.7445031880582,36.82532293080644,0 34.74448324862184,36.82527393701592,0 34.74447952836965,36.82526479519539,0 34.74447446637182,36.82525235882196,0 34.74428195450389,36.82510982409036,0 34.74425664187078,36.82508983505604,0 34.74424364593244,36.8250827086415,0 34.74398245906463,36.82486710951159,0 34.74349636793018,36.82464905729416,0 34.74327091147213,36.82555655874842,0 34.74326088059949,36.82560919566502,0 34.74321811088139,36.82583362317638,0 34.74312569877982,36.82631854077019,0 34.74253227665854,36.82668730534181,0 34.74207755047348,36.82684314314923,0 34.74215793416906,36.82665058071466,0 34.74162731070742,36.82655780890673,0 34.74102577332637,36.82646650334733,0 34.74063551771646,36.82711087297427,0 34.74060377402425,36.82802613785257,0 34.74071554353038,36.82866788359566,0 34.74052867350965,36.82895716295427,0 34.74053189216978,36.82964657588771,0 34.7405189903249,36.82968330621888,0 34.74020206279471,36.82946275740213,0 34.74015706766667,36.82943144545144,0 34.73978231298899,36.82992803790705,0 34.73915098041417,36.83098973832721,0 34.73920819661839,36.83101624071576,0 34.73874384016884,36.8322549063931,0 34.73875149236348,36.83320142229107,0 34.73893669585417,36.83343495966137,0 34.73845394039368,36.8338135042952,0 34.73724590166228,36.83451084319939,0 34.73671095874747,36.83577438214785,0 34.73634015110638,36.8367734073404,0 34.7359967674648,36.83778796022601,0 34.73565928439496,36.8382150047387,0 34.73561426992624,36.83831198061677,0 34.7353837513906,36.83865454495663,0 34.73409147924354,36.84010108426916,0 34.73368752633901,36.84063438627778,0 34.73338246799189,36.84110009048587,0 34.73277811575669,36.84241260524895,0 34.7326358358653,36.84314848425834,0 34.73205656997856,36.84511134729456,0 34.73298846898374,36.84550581451463,0 34.73495833618587,36.84646084328487,0 34.73673367361816,36.84717751214697,0 34.73684612505447,36.84705233253082,0 34.73693241418808,36.84694238661034,0 34.73953566194,36.84743548565179,0 34.74082025980336,36.84840736013538,0 34.74063666918848,36.84883006650897,0 34.74199206170365,36.84921605164735,0 34.7430766449185,36.85115769225821,0 34.74600541622356,36.85192915689304,0 34.74597107057388,36.85203373481745,0 34.74730350658695,36.85240079870746,0 34.74976358720053,36.85269321072892,0 34.74973083227732,36.85300627233995,0 34.75102445309108,36.85317022402587,0 34.7509686499867,36.85363857844071,0 34.75090903799393,36.85394001393905,0 34.75138261660823,36.85393303517347,0 34.75201573084991,36.85399717159466,0 34.75309775676223,36.85415326591785,0 34.75344712688678,36.85420303977195,0 34.75377687266065,36.85423023343794,0 34.75404716414128,36.85427433320536,0 34.75444798327482,36.85435657974428,0 34.75559597862856,36.85461647946735,0 34.75564939116562,36.85460036758582,0 34.75671456774256,36.85459657917465,0 34.75681963247394,36.85454853036858,0 34.75742181345504,36.85418570825181,0 34.75744697702247,36.85416231590901,0 34.75747194950578,36.85413910214801,0 34.75748862707232,36.85412359763004,0 34.75811953619991,36.85344217364837,0 34.75849901338768,36.85350733634791,0 34.75869457662716,36.85400146742226,0 34.75871288775247,36.85447399089266,0 34.75853890939487,36.85490782642128,0 34.75828383881692,36.85561948329354,0 34.75811008816904,36.85609592377991,0 34.75785750432723,36.85695489460718,0 34.75964962006125,36.85643056810322,0 34.76030016565161,36.85624710624157,0 34.76050821564948,36.85614383673992,0 34.76053757464437,36.85613524646371,0 34.76124966865439,36.85584180023857,0 34.76182187637718,36.85555216256245,0 34.76181899341417,36.85565659376851,0 34.76187903339934,36.85575774405268,0 34.76194697270488,36.85595154197755,0 34.7620405919745,36.85701230386127,0 34.76223131833639,36.85702339038721,0 34.76223332160217,36.85736195000342,0 34.76261275249709,36.85729602560954,0 34.76263246475435,36.85743310698457,0 34.76296901906154,36.85738952166329,0 34.7629365392152,36.85836287754708,0 34.76301528535047,36.85847988448535,0 34.76466002774725,36.8587914148855,0 34.76508824289952,36.85920451544875,0 34.76637042687155,36.85966618683332,0 34.7671022046659,36.85992966707479,0 34.76740899490512,36.85993796902715,0 34.76739811941616,36.86019435826226,0 34.76777898747343,36.86030408622321,0 34.7684195035403,36.86048861491933,0 34.76941011096247,36.86077399395809,0 34.76956274976632,36.86079357019876,0 34.76974345801796,36.86099462864416,0 34.77009686901141,36.86094418227317,0 34.7706877285322,36.86110457765287,0 34.77189581966481,36.86143251762303,0 34.77402356118506,36.86201006147866,0 34.77375902654918,36.86236060574701,0 34.7746355269021,36.86256996593979,0 34.77439057971146,36.86378038035947,0 34.77445292721318,36.86391612413642,0 34.7922637077404,36.87055960800376,0 34.79165754846171,36.87161209868723,0 34.79149305439301,36.87187329199946,0 34.78857551004145,36.87079162119097,0 34.78728117551511,36.87026538367244,0 34.7850176269435,36.86939451680963,0 34.78412506909564,36.86910198898673,0 34.78343379141244,36.86887542218673,0 34.78078138368684,36.86785735507063,0 34.77995136558861,36.86751168433161,0 34.77922620657642,36.86723025200705,0 34.77904740034813,36.86716085696733,0 34.77856616718691,36.86697408726482,0 34.77752537202311,36.86657945620505,0 34.7758670701154,36.86605774706067,0 34.77541669105438,36.86588279653585,0 34.77454991173487,36.8655460857979,0 34.7740236355293,36.86546508468619,0 34.77369704098104,36.8653663754665,0 34.77353535884859,36.86531750836542,0 34.77173153646032,36.86718122874301,0 34.77188201493503,36.86727254605867,0 34.77189789552774,36.86777333611987,0 34.77193669375388,36.86839338518855,0 34.77170831596249,36.8683282010925,0 34.77129175066281,36.86902342034944,0 34.77011338912361,36.87057200451604,0 34.7701740716375,36.8706094774588,0 34.77120556169433,36.87123653199988,0 34.77192498481431,36.87157119440527,0 34.77246719269346,36.87177803353764,0 34.77244473323718,36.87182677475634,0 34.77285338548946,36.87225922274585,0 34.77335702655813,36.87281945500899,0 34.77344884135735,36.87313695758962,0 34.77245246457102,36.87342995272785,0 34.77225514785584,36.87376169842693,0 34.77155132693833,36.87405376119231,0 34.77114591064819,36.8739579305944,0 34.77090474727201,36.87453848397855,0 34.77028679489474,36.87485797138962,0 34.77027355329647,36.87488368907285,0 34.76941557864562,36.87497682683652,0 34.76887627665882,36.87521294292873,0 34.76884664435774,36.87518685333533,0 34.76834045243795,36.87553209705182,0 34.76831430456824,36.8755126604894,0 34.76819946679919,36.87572236250937,0 34.76731076095293,36.87654874277777,0 34.76587996299342,36.87864985746511,0 34.76624551330423,36.88006018946667,0 34.76537289105335,36.88010831092271,0 34.76470222724957,36.88138697951194,0 34.7641163254407,36.88238423482636,0 34.76335822428432,36.88362419936477,0 34.76225194412628,36.88385354555172,0 34.76175505697825,36.88375461389953,0 34.76120460795402,36.88393119910678,0 34.76038739270658,36.88397044381273,0 34.75911905371539,36.8838194602037,0 34.75912068258914,36.88302482944976,0 34.75922465378678,36.88255299775178,0 34.75960862738702,36.88270718977873,0 34.75940982748317,36.88146482402749,0 34.75951934208855,36.88145937320357,0 34.75966221379732,36.88128723017702,0 34.75950966816453,36.8806224026557,0 34.75919106031778,36.8801324422454,0 34.75830633996355,36.87932360863343,0 34.75801274134468,36.87890580782489,0 34.75940438106569,36.87751122096964,0 34.75871291930054,36.87739283574526,0 34.75847809131616,36.87761792222607,0 34.75808978728366,36.87779407646423,0 34.75795644838868,36.8777670680318,0 34.75763219788523,36.87797498783772,0 34.75698859941465,36.87815763811157,0 34.7567317351278,36.87816004404682,0 34.75645942891326,36.87828203079233,0 34.75575579374561,36.87846523034897,0 34.75458785226336,36.87846360678736,0 34.75400741555816,36.87901684783412,0 34.75337158690442,36.87848347875867,0 34.753048900807,36.87826041541047,0 34.75245225925201,36.87775164448819,0 34.75199500755733,36.87740362695034,0 34.7516368728278,36.87690958181105,0 34.7514172087718,36.87641051625047,0 34.75139086513428,36.87554885092162,0 34.75148441602254,36.87514292755249,0 34.75007905192197,36.87403835515265,0 34.74953754925473,36.87350788235895,0 34.74929624907779,36.87285545112655,0 34.74929566826636,36.87252342591854,0 34.74936506831424,36.87231907138887,0 34.75009127525826,36.87242122665669,0 34.75301393150822,36.87323480087095,0 34.75483472947858,36.87319018394043,0 34.75771915340064,36.87304078223551,0 34.76038459729096,36.87300579733219,0 34.76035137042749,36.87298056822541,0 34.76032516371767,36.87294861838962,0 34.76049923758901,36.87275236368272,0 34.76053160121815,36.8727211774111,0 34.76074693052266,36.87245855225539,0 34.76074231236681,36.87242872158289,0 34.76070872705897,36.87221176391519,0 34.76070604903955,36.87219446009689,0 34.760572710201,36.87200721317464,0 34.76056328940424,36.87199042838973,0 34.76019576510189,36.87182565477522,0 34.75952430162605,36.87166037553467,0 34.7594522691502,36.87187943942599,0 34.75937981681807,36.87209977947094,0 34.75803923084069,36.87130685807347,0 34.75812467002606,36.87053808331982,0 34.75826045486162,36.87010253202447,0 34.75783095080663,36.87009805322135,0 34.75753824661915,36.87057749683691,0 34.75751718143061,36.87059011168655,0 34.75728477751037,36.87118589321159,0 34.75689850420244,36.87116680187776,0 34.75686714742061,36.8711533372002,0 34.75685149055842,36.87114661400395,0 34.75657045502219,36.87095369024787,0 34.75654714940369,36.87092742013835,0 34.75622206163139,36.87055047823297,0 34.75617795917893,36.87051326586833,0 34.75576922719174,36.87060018631762,0 34.75531765866881,36.87069621440924,0 34.75475598595634,36.87081565320423,0 34.75473544490342,36.8707963317681,0 34.75489127397181,36.87051216866496,0 34.75462051117477,36.8696379480717,0 34.75357815419621,36.86848065467311,0 34.75320352454215,36.86812456300822,0 34.75321143732294,36.86673789163589,0 34.75325476333489,36.86648068205503,0 34.75393462012418,36.8665202416357,0 34.75522038382177,36.86640206798423,0 34.75658298681254,36.86627034659998,0 34.75775631393525,36.86616534487887,0 34.75795485249168,36.86543951266781,0 34.75654683707257,36.86532808578139,0 34.75635848095259,36.86496408442325,0 34.75536112747339,36.8645355801882,0 34.75429607381867,36.86418245619707,0 34.75025169467059,36.86284335125135,0 34.75006439391646,36.86285776435746,0 34.74972994029454,36.86330283335576,0 34.74930510158677,36.86420524634958,0 34.74921900143115,36.86452333439951,0 34.74976698289694,36.86588529034105,0 34.75139195930158,36.86643167619579,0 34.75235355343658,36.86638066147292,0 34.75244707541923,36.86653426177701,0 34.75233948055592,36.86709164776966,0 34.75209619662848,36.86746843802526,0 34.75223652074043,36.86792648894448,0 34.75195614158371,36.86840353823508,0 34.75214836385263,36.86917492471145,0 34.75273128515303,36.86985875955866,0 34.75192552119167,36.87040430363876,0 34.74996295701083,36.87038343242315,0 34.75003973908513,36.87135522324409,0 34.74952157999616,36.87174962727447,0 34.74842277726126,36.87066057298971,0 34.74732400707742,36.86957150751428,0 34.74700783694496,36.86827387543615,0 34.74507275120098,36.86815750318301,0 34.7449154896307,36.867550573695,0 34.74491517198631,36.86746268972668,0 34.74514591286786,36.86735852131766,0 34.74535674362175,36.86710009509975,0 34.74527260541819,36.86689995572321,0 34.74494218118625,36.86683871810085,0 34.74491279120752,36.8668048790129,0 34.74491218213173,36.86663671977207,0 34.74448134274095,36.86584194242145,0 34.74434576771706,36.86527302019597,0 34.74560360819812,36.86453999224024,0 34.74602139574719,36.86403406397535,0 34.74691966292656,36.86279535809165,0 34.74707494389422,36.86300691503377,0 34.74789855335722,36.86273260922044,0 34.74786096932912,36.8643337974264,0 34.74910723934794,36.86383811911262,0 34.74945336527091,36.86322124527436,0 34.75000061390733,36.86267549131966,0 34.74948901669818,36.86229448036365,0 34.74916331033214,36.86087717987431,0 34.74977853710514,36.86105883609348,0 34.75034411427202,36.86094277636204,0 34.75038789206248,36.86094041623635,0 34.75083165982304,36.86082962135583,0 34.75081110976225,36.86082075122631,0 34.75065953162981,36.86043374677579,0 34.75059673784704,36.86027342328011,0 34.75054577618261,36.85984059938897,0 34.75051824707024,36.85960679291124,0 34.7503268212182,36.85926252696226,0 34.75031030625457,36.85924475426308,0 34.75010727940693,36.85904200500388,0 34.74992683228303,36.85886180335147,0 34.74987327604604,36.85881592520911,0 34.74985304948566,36.85882386732643,0 34.74866920168832,36.85888952642855,0 34.74859975853099,36.85892917884548,0 34.74859945107506,36.85893020729137,0 34.74773540142231,36.85886613399051,0 34.74795928721416,36.85828045291539,0 34.74796081706416,36.8582533676916,0 34.74800516464927,36.85800720034916,0 34.74798597024402,36.85798752975079,0 34.74714546401862,36.8577336494887,0 34.74709722805201,36.85771127178192,0 34.7470699281645,36.85768245623336,0 34.74592885895539,36.85740070891691,0 34.74587368107392,36.85736948149449,0 34.74451182279792,36.85692691571799,0 34.74449234867293,36.85692488697081,0 34.74310443303665,36.8564885668158,0 34.74182016643608,36.85601593725698,0 34.73959364094912,36.85539310395543,0 34.73684216575494,36.85469844444233,0 34.73497229968837,36.85412211376448,0 34.73426091900649,36.85388361208805,0 34.73414189354711,36.85384370618951,0 34.73278079727238,36.85338735929285,0 34.73253705385761,36.85331588455627,0 34.73243983663836,36.85328737732511,0 34.72928068015216,36.85236093363037,0 34.72861518889148,36.85216142683633,0 34.72542933706857,36.85120628055184,0 34.72446969836859,36.850937252927,0 34.72268343509742,36.85035549668616,0 34.72218918646499,36.85026638594291,0 34.72172407240893,36.85014203030273,0 34.72180373227402,36.85197618121688,0 34.72148632254694,36.85206746916328,0 34.72177965046018,36.85250655098903,0 34.72190079140942,36.85355888123139,0 34.72183205366581,36.85368683418017,0 34.71431244642601,36.85152030738977,0 34.71408789112116,36.85183959957131,0 34.71381351305185,36.8520025685335,0 34.7110041768507,36.85213818654826,0 34.70802040266716,36.85115846674647,0 34.70797335431566,36.8512242994401,0 34.70764725778744,36.85205953991195,0 34.70645204682073,36.85179759250909,0 34.70629699508965,36.85228797615503,0 34.70167754008476,36.8514366216309,0 34.69933017850243,36.85082463661494,0 34.70203140506244,36.84945988046503,0 34.70276869049642,36.84889295609996,0 34.69841893555025,36.84780693415824,0 34.69868021986665,36.8470358635907,0 34.6948389679783,36.84588113116857,0 34.69547967272705,36.84447654647059,0 34.69551585012142,36.84399398827892,0 34.69546635066749,36.84367694925259,0 34.69511633140641,36.84307345602478,0 34.69458085466285,36.84273059827674,0 34.69461029020101,36.84264147412957,0 34.69358186457873,36.84203593242756,0 34.69334907702554,36.84220743570853,0 34.6924717190982,36.84120187251715,0 34.69228813685785,36.84122646244964,0 34.69240180552261,36.84077661637767,0 34.69083033395071,36.84002499073775,0 34.69017100485021,36.84100604808832,0 34.68815333485516,36.840284295335,0 34.68776029548023,36.84093896204161,0 34.68745552786837,36.84150853963452,0 34.6871289937211,36.84211171769438,0 34.68669495928714,36.84192477933441,0 34.68666935331284,36.84190654337039,0 34.68622916298512,36.84252028143001,0 34.68602153622004,36.84287793259715,0 34.68602292446271,36.84288226822599,0 34.68396222734445,36.84222811543187,0 34.68375097625786,36.84257927210664,0 34.68345656012242,36.84310847119316,0 34.68344629796071,36.84317543094182,0 34.68310292344593,36.84302999496916,0 34.68308903833638,36.84310425375591,0 34.682347628727,36.84278845946718,0 34.68167562265356,36.84250222071442,0 34.68021151395467,36.84204713769616,0 34.68036150940797,36.84159298784056,0 34.68083023671824,36.84053728388032,0 34.68083747097281,36.84053072699744,0 34.68136140627243,36.83921970041295,0 34.68030313729475,36.83868297018945,0 34.68027693733836,36.83866355502818,0 34.67972652122436,36.83968729053847,0 34.67832415309107,36.83915173042684,0 34.67787827332869,36.8399767567123,0 34.6774906925252,36.83972529384274,0 34.67747038800772,36.83972317200824,0 34.67657455874247,36.83903043516322,0 34.67615014403965,36.83958522099591,0 34.67529750902114,36.83949016812276,0 34.67518467671468,36.84038787159461,0 34.67518264198154,36.84103235498194,0 34.67515868539284,36.84180039088294,0 34.67354380810853,36.8416485672944,0 34.67333532621682,36.84238413494435,0 34.67272225707691,36.84234231005293,0 34.6722517008341,36.84081880226142,0 34.67225509501078,36.84079026006387,0 34.67264672378903,36.83978831530655,0 34.67277773427782,36.83940606033852,0 34.6726885154507,36.8389994198853,0 34.67269539339327,36.83893715051705,0 34.6728721110754,36.83851082679666,0 34.67290434146519,36.8384778090966,0 34.67311260680342,36.83796572977842,0 34.67310208400467,36.83792981570236,0 34.67285611722717,36.83748243224145,0 34.67243964476818,36.8372718208174,0 34.67193206973704,36.8372518510157,0 34.67078999045796,36.83741255558419,0 34.66974204886789,36.83767108909039,0 34.6687646343768,36.83802047107256,0 34.6685950990536,36.83879789032087,0 34.66842258156765,36.84017467582799,0 34.6689617375815,36.84035990176793,0 34.66871733816706,36.8410892854432,0 34.66754501836274,36.84080040354814,0 34.66760192074587,36.84035739885516,0 34.66761275582692,36.84034975568701,0 34.66710139408654,36.84027006070593,0 34.66662381200609,36.84145704126513,0 34.66597217055731,36.84129071096535,0 34.66596827395767,36.84060833965559,0 34.665979526428,36.84055469835296,0 34.6659851292485,36.84052798754374,0 34.66605091370246,36.8398418416056,0 34.6657526741695,36.83981914532946,0 34.66578153923034,36.83911820468712,0 34.66521686350682,36.83933452474842,0 34.66481617552745,36.83942605224779,0 34.66474338748012,36.83995704490188,0 34.66451978509384,36.83995745544693,0 34.66443905440801,36.83959825208456,0 34.66410698900778,36.83970222111784,0 34.664095415388,36.83972433471995,0 34.66338043788661,36.84004713347252,0 34.66301927960517,36.84013712105561,0 34.66261838222135,36.84026352470499,0 34.66241750158743,36.84034616389468,0 34.6623263216837,36.8403836727164,0 34.66220893657317,36.84043196310206,0 34.66208091183142,36.84048462950964,0 34.66198353494173,36.8405359334156,0 34.66169907392071,36.84066714500689,0 34.66101284009369,36.84100058559399,0 34.66063212993133,36.84123983566234,0 34.66059682601025,36.84125781789569,0 34.66053035681641,36.8412862405706,0 34.65981869120478,36.84148084084646,0 34.65978311105654,36.84149607126044,0 34.6596821569189,36.84151892606577,0 34.65968014855589,36.84151872426609,0 34.65954947656411,36.84155445515862,0 34.6588131875593,36.84172224540615,0 34.65800243054331,36.8418860855055,0 34.65735337123017,36.84207078779617,0 34.65656324139218,36.84243253279082,0 34.65651499436023,36.84242748436627,0 34.65647879886185,36.84240026230179,0 34.65494790071086,36.84309241483582,0 34.65524492914027,36.84334289827935,0 34.6552983854197,36.8433879776966,0 34.65552823667981,36.84358180760763,0 34.65748453590825,36.84523147018671,0 34.65713296003538,36.84527217102522,0 34.65668610118438,36.84532390034436,0 34.65455485188192,36.84557059643279,0 34.65381999216294,36.8455229019053,0 34.64756245409982,36.84837991053015,0 34.64624010532665,36.84907045266014,0 34.6458182821298,36.84974166939308,0 34.64591264590192,36.85019825403904,0 34.64554727663089,36.85121926234642,0 34.64543332373584,36.85133924743664,0 34.64559865013908,36.85230282387318,0 34.64553348944072,36.85289695848104,0 34.64369022195844,36.85464552453753,0 34.64264803150378,36.85412800826638,0 34.64261541016999,36.85411180936639,0 34.64261323802106,36.85412356780873,0 34.64235039300214,36.85409002071943,0 34.64219754984357,36.85504284235554,0 34.64144868641944,36.85480360184209,0 34.64141468517332,36.85479273966346,0 34.64118220929874,36.85471846829098,0 34.64081313171983,36.85454036822185,0 34.6407392404743,36.8545047114365,0 34.63978920080797,36.85411227008315,0 34.63978306500512,36.85411618189926,0 34.63876355539274,36.85369873536929,0 34.63791977213049,36.85315692641181,0 34.63786366331338,36.85313288724041,0 34.63785012076792,36.8532175443445,0 34.63779110133616,36.85368834571393,0 34.63774617260628,36.85404674049953,0 34.6376001015764,36.85464674546115,0 34.63753802170884,36.85520052062644,0 34.63742511762246,36.85586203007057,0 34.63752944809741,36.85604818503389,0 34.63750637749701,36.85649716648228,0 34.63749821258897,36.8567402588697,0 34.63758204997672,36.85733651665248,0 34.63760627998317,36.85754705906004,0 34.63774257506591,36.85830173407849,0 34.6377195821026,36.85910152939954,0 34.63753958456012,36.86005372508006,0 34.63674143664023,36.85988765572603,0 34.63661208336204,36.86071037783834,0 34.63651156348286,36.8619458552356,0 34.63580449317703,36.86327124195696,0 34.63356597408792,36.86288673651973,0 34.63330100756139,36.86323807160797,0 34.63410861117409,36.86390947589019,0 34.63364562472643,36.86399310609904,0 34.63349602166183,36.86411749902845,0 34.63275593298818,36.86504888405462,0 34.63191845745772,36.86487499564033,0 34.63160324437203,36.8647031601041,0 34.63111410264747,36.865034388249,0 34.63215351383359,36.86616054706628,0 34.63142062471859,36.86696798619401,0 34.63115312510764,36.86686966868245,0 34.63022863177429,36.86789298196089,0 34.62922024325973,36.86735084157165,0 34.62915652010466,36.8674947989055,0 34.62921898966022,36.86781587980786,0 34.62915103263576,36.86802249330255,0 34.62863980254271,36.86832013960047,0 34.62719494734828,36.86867975720052,0 34.626625036692,36.86883511578838,0 34.62607258307605,36.8689109992353,0 34.6260208307813,36.86873786150838,0 34.62554269988151,36.86848685341557,0 34.62526966543631,36.86883828035302,0 34.62586036765217,36.8691070652261,0 34.62660497200471,36.86983089257767,0 34.62587391358045,36.87012420291523,0 34.62558147903801,36.8706948141093,0 34.62558323936048,36.87077787051189,0 34.62690990430929,36.87090875319175,0 34.62698895921906,36.87097693432214,0 34.62687959730761,36.87131749757629,0 34.62603065571706,36.8721433536187,0 34.62598032457589,36.87237074273992,0 34.62756182938947,36.87339572378917,0 34.62752428391894,36.87364229850213,0 34.6276187341638,36.87395720747272,0 34.62862674951693,36.87396520452471,0 34.62933282913109,36.87238713181414,0 34.62852458464373,36.87188237536338,0 34.6287606775174,36.87095357910657,0 34.62897649363074,36.87078671567721,0 34.62895349191503,36.87033760989956,0 34.63007303749611,36.86988804709993,0 34.630455152007,36.8683778712076,0 34.63054988671906,36.86835246271512,0 34.63244848428999,36.86902238415974,0 34.6308636052645,36.87167913881416,0 34.63093695779423,36.87218843655699,0 34.63247554759704,36.87288734086615,0 34.63161310419315,36.87356047655121,0 34.63160834385075,36.87380230633661,0 34.63338653491112,36.87485876045029,0 34.63359692870989,36.87501509262568,0 34.63263321442621,36.8761709618292,0 34.63201565146831,36.87665827897946,0 34.63227455068964,36.87696988375654,0 34.63238570167344,36.87717189367113,0 34.63202391744666,36.87758578115445,0 34.63226722942944,36.87791911705708,0 34.63320710010307,36.8794390035717,0 34.63326571501699,36.8796493150761,0 34.63309049503831,36.87987313175091,0 34.63264887045522,36.8803489723613,0 34.6326172836127,36.88053628635603,0 34.63316029294046,36.88119281629844,0 34.63194223193756,36.88188601041721,0 34.63066014496276,36.8828485295543,0 34.63286073616346,36.88413258522252,0 34.63275762608206,36.88425193964701,0 34.63146121702455,36.88399331450154,0 34.63039893770146,36.88392129221694,0 34.62981774398227,36.88401533877217,0 34.62909625053386,36.88433383393502,0 34.62846946373366,36.8844579958631,0 34.62803560561994,36.88444674530165,0 34.62754143434899,36.8843695905737,0 34.62725010254943,36.88420022709884,0 34.6270279278577,36.88389990119362,0 34.6269323655932,36.88363395728688,0 34.62701904485613,36.88312135579159,0 34.62719993817129,36.88268407153833,0 34.62757084315402,36.88215305016585,0 34.62676539800584,36.88221441323783,0 34.62601805433754,36.88238176786537,0 34.62510400957532,36.88295496966322,0 34.62428209353683,36.88314598629552,0 34.62324290807327,36.88313381149056,0 34.62293723607093,36.88275365180624,0 34.62313370235089,36.8824774307371,0 34.62343061672999,36.88185659543917,0 34.62342123672318,36.88159859787237,0 34.62209510172952,36.88041898403214,0 34.62270752935252,36.88004166463214,0 34.62270218723105,36.87987205701184,0 34.62011513888062,36.87894451994152,0 34.61975336687951,36.87900556281038,0 34.61883079378955,36.87982860789601,0 34.61841903097213,36.87974323963058,0 34.61803039077457,36.88023222826245,0 34.61722824414458,36.88032894714657,0 34.61703138979659,36.87999738307894,0 34.61750236167062,36.87938223468598,0 34.61744446397167,36.878897819728,0 34.61747651816155,36.87869831937223,0 34.61772206894572,36.87847183342182,0 34.61764770881933,36.8782318842953,0 34.61778675001169,36.87804592924662,0 34.6176686285175,36.87752808559144,0 34.617070200363,36.87707807742454,0 34.61748079505942,36.87667952231224,0 34.61726001195454,36.87637845333098,0 34.61710632970117,36.876164478856,0 34.61697958756895,36.87598579329342,0 34.61687649771144,36.87583089423102,0 34.6167663790856,36.87567305675852,0 34.61674483874691,36.87564218104229,0 34.61640916491251,36.87517086563751,0 34.61644257793163,36.87504826762839,0 34.61634527293463,36.87490529359246,0 34.61602138046868,36.87470959962898,0 34.61588687332383,36.87464716696279,0 34.61545855261869,36.87434704105326,0 34.61532254603231,36.87415174140699,0 34.61543250469282,36.87395848773329,0 34.61555739882976,36.87372646281169,0 34.61623827166832,36.87254231946598,0 34.61658692415884,36.87214804861888,0 34.61688302805642,36.87158287211097,0 34.61736621319663,36.87121964510184,0 34.61753443367118,36.87108840821944,0 34.61756744229839,36.87086641665542,0 34.61762266337971,36.87049504308691,0 34.61764158983642,36.87044517754832,0 34.61800469888897,36.87032063721317,0 34.61833594650489,36.87029895429365,0 34.61837965929286,36.87017706719707,0 34.6185524834099,36.86969517070812,0 34.61869357029961,36.86930176508653,0 34.61882154391792,36.86915628616065,0 34.61907952697958,36.86875440916934,0 34.61965529124046,36.86908152462777,0 34.61993354841179,36.86924884181159,0 34.61992908854215,36.8693459181298,0 34.6199193621301,36.86946564878882,0 34.62004532892311,36.8695344362251,0 34.62087226201426,36.86864691289522,0 34.62091498460873,36.86855282806208,0 34.62099178132421,36.86837517075734,0 34.62118659501571,36.86786517094471,0 34.62152770164056,36.86772613975881,0 34.62209827305022,36.86722588506968,0 34.62265161429345,36.86669324204743,0 34.62330468218614,36.86606812427021,0 34.62253848206014,36.86530666708734,0 34.62254229233091,36.86525551724505,0 34.62395383786741,36.86483973457937,0 34.62525500597955,36.86443535542499,0 34.62540544350948,36.86413434806652,0 34.62547075098313,36.86374749729718,0 34.6258393663983,36.86336640545698,0 34.62620184918581,36.86312032833237,0 34.62685995262495,36.86202196967113,0 34.62723035080515,36.86188388688805,0 34.62744122703092,36.86169704866956,0 34.62806080158025,36.86134761236313,0 34.62837173840253,36.86106318012605,0 34.62839230143084,36.86087045818117,0 34.62835267116447,36.86082855104425,0 34.62711338535496,36.86035027371978,0 34.62673054889847,36.85996081357631,0 34.62656906227333,36.86016580381715,0 34.62574360277619,36.86098795102151,0 34.62403703858927,36.8616885850553,0 34.62088452057691,36.86353668619107,0 34.62076152831605,36.86356901803315,0 34.62063853706868,36.86360134973494,0 34.62025818310239,36.86370687645515,0 34.61973939121971,36.86388956131646,0 34.61969163755904,36.8638180407082,0 34.61898146411568,36.86396563521192,0 34.6186215653508,36.86428949642359,0 34.61862701205531,36.8644077657119,0 34.61856274343362,36.86459216255781,0 34.61826552519856,36.86469532917258,0 34.61821930205387,36.86469154112698,0 34.61760757990395,36.86464139843608,0 34.61702971304637,36.86470330450423,0 34.61682569646078,36.86494890321766,0 34.61649278042736,36.86515561758139,0 34.61596454535953,36.86523253320983,0 34.61476175137815,36.86589905154727,0 34.61431070220379,36.86614899070093,0 34.61381784949857,36.86619651508429,0 34.61300192697752,36.86618624702356,0 34.61275116346096,36.86617800348943,0 34.6126354538728,36.86613428528134,0 34.61243723116601,36.86620273286181,0 34.61188862752989,36.86621426379878,0 34.61117495943753,36.86677021518686,0 34.6104297861033,36.86735069702308,0 34.60969687860112,36.86780302631681,0 34.60918544713584,36.86750697264421,0 34.60886494764065,36.86732144195007,0 34.60866692634175,36.86720246512834,0 34.60804805658766,36.86683062459061,0 34.60795043899573,36.86654564862626,0 34.60761207926369,36.86616841222613,0 34.60712739116617,36.86571084842375,0 34.60664271000154,36.8652532824553,0 34.60637744763471,36.86456991664706,0 34.60672281519366,36.86312350390635,0 34.60673871298164,36.86270630934846,0 34.60687986564265,36.86215606173346,0 34.60721472688919,36.86229719599524,0 34.60717491426846,36.86121008634387,0 34.60703704984889,36.86102877520939,0 34.60709830189731,36.86086731771226,0 34.60709255502925,36.8602943771943,0 34.60714631728311,36.85993918850259,0 34.6073898510845,36.85978659818552,0 34.6073988676594,36.85952761171148,0 34.60747038429304,36.85941603239884,0 34.60727188986386,36.85851766150766,0 34.60721223060226,36.85776475294561,0 34.60753007864993,36.85749436379902,0 34.60747914168676,36.85744143285606,0 34.60737583749464,36.85718427747835,0 34.60703795174433,36.85709614712466,0 34.60680026983554,36.85647698506016,0 34.60656954751278,36.85592507331602,0 34.60486210078669,36.85614281254522,0 34.60478467513754,36.8559226305177,0 34.60461295984115,36.85558508571649,0 34.6046204245924,36.85535716293436,0 34.60448288263046,36.85532275748506,0 34.60420491564943,36.85506116907819,0 34.60435254313246,36.85486976372174,0 34.60385441531912,36.85374902018334,0 34.60388638333075,36.85357097505901,0 34.60383980104689,36.85328477689232,0 34.60380601126833,36.85307775538921,0 34.60342998772636,36.85250587758276,0 34.60274839156208,36.85212037571969,0 34.60235855073378,36.851855596225,0 34.60226559254164,36.85165162174418,0 34.60201644158771,36.85147500348369,0 34.60188338618706,36.85125013756474,0 34.60174369574364,36.85121749200509,0 34.60158983507757,36.85100030810934,0 34.60161013547257,36.85068945935706,0 34.60137264699773,36.8504580141317,0 34.60119083498644,36.8501324401181,0 34.60108441267896,36.8496929277945,0 34.60111039056535,36.84942162363441,0 34.60107607461214,36.84937695756107,0 34.60088927517462,36.84925108608343,0 34.60086627171161,36.84919035405158,0 34.60092731888452,36.84899981978452,0 34.60095681908225,36.8488395184305,0 34.60107254402168,36.84858174516988,0 34.60099551273681,36.84838110630491,0 34.60099357673027,36.84816250299996,0 34.60097241963839,36.84798416638488,0 34.60100171641852,36.84792081983475,0 34.60100850082737,36.84775488358954,0 34.60062148395154,36.84725076856488,0 34.59889058744646,36.84746130356039,0 34.59885805394364,36.84731073813138,0 34.59853189445202,36.84712884497173,0 34.59831080237912,36.84712802289815,0 34.59828871688848,36.84721338130571,0 34.59825554586265,36.84720741872142,0 34.59799874459446,36.84716906500517,0 34.59780399122267,36.84753248188081,0 34.59784025712609,36.84843014143337,0 34.59737803815789,36.8489108148317,0 34.59671820711604,36.84987829382165,0 34.59420278948419,36.849378186982,0 34.59381654790974,36.84925176969822,0 34.59256264334003,36.84871324968953,0 34.59120768441986,36.84969410386859,0 34.59108275737041,36.8505628740304,0 34.59082718595098,36.85137226346453,0 34.59109113254887,36.85144633082957,0 34.59130935447679,36.85145601274247,0 34.5920278237451,36.85139293949591,0 34.59186726080544,36.85301355632652,0 34.59176696366493,36.853655898666,0 34.59148783854377,36.85424981086509,0 34.59129872708102,36.85494437172431,0 34.58977518510533,36.85895501341292,0 34.58957576543644,36.85894929667287,0 34.58747059849468,36.85818566044431,0 34.58573254402891,36.85795129849362,0 34.5851074833752,36.85944301124434,0 34.58496650587517,36.86052163063531,0 34.58536113211368,36.86189109847626,0 34.58601122940517,36.8624075548736,0 34.58685260827966,36.86312271073567,0 34.58824713077003,36.86447804731914,0 34.58877017255653,36.86502679360073,0 34.59150087656602,36.86812955268061,0 34.59203726791971,36.86869770678675,0 34.5924436766381,36.86906307235731,0 34.59292936152251,36.86953150580716,0 34.59335692118189,36.86991337865843,0 34.59350171136181,36.87004631255235,0 34.59474256505344,36.87105064627164,0 34.59681197314455,36.8724803147085,0 34.59803373939909,36.87325238952917,0 34.59827060715731,36.87344547125315,0 34.59896079202069,36.87379666829995,0 34.59903762852108,36.87386742189729,0 34.59867325359743,36.87397505190084,0 34.59820657865792,36.8742287841526,0 34.5979678312896,36.87467216933326,0 34.5966784592102,36.8755258914313,0 34.59521604636512,36.8762173687431,0 34.59536078215432,36.87633820640519,0 34.59514621420966,36.87677675274708,0 34.59465119131463,36.87714762077863,0 34.59416130623942,36.87713534299003,0 34.59345172115087,36.87712865900181,0 34.59333669599172,36.87744884481512,0 34.59323928439616,36.87749641868393,0 34.59328727420886,36.87787287851974,0 34.59291404560241,36.8782421898695,0 34.59200600147712,36.87850232405788,0 34.59214479158849,36.87870601056873,0 34.59212075317304,36.87873773777726,0 34.59189632673259,36.87909281862317,0 34.59161884056903,36.87906242442428,0 34.59120967278601,36.87948162883779,0 34.59098534929673,36.87972068936023,0 34.59070883597497,36.87979844916882,0 34.5903919838957,36.8797791187531,0 34.59010629314549,36.87960374484251,0 34.58978042702208,36.87933669358267,0 34.58924726513238,36.87951831043677,0 34.58917533425305,36.87956056196807,0 34.5890965142972,36.87985731725025,0 34.5891063262907,36.87999082121271,0 34.5887260758829,36.88060335818432,0 34.58832348772477,36.88062855285575,0 34.5879162859642,36.88021201122152,0 34.58761294492534,36.88010878918087,0 34.58760713690148,36.88002564087228,0 34.58739884679058,36.8805042045473,0 34.58680910341317,36.88105583096791,0 34.58616667314582,36.88179385012935,0 34.58598118869114,36.88141877576533,0 34.58594223018991,36.88144467714612,0 34.58599187457446,36.8812855981915,0 34.58557326186681,36.88143966805672,0 34.5852205366907,36.88160731421744,0 34.58461711854751,36.88199227923801,0 34.58255336389342,36.88336754761454,0 34.58281450434045,36.88361991453902,0 34.58384803758371,36.88293191342323,0 34.5853812639029,36.88285817505439,0 34.58550933466677,36.88245076690713,0 34.58575255398678,36.88266133531724,0 34.58589470080849,36.88260461377989,0 34.58601344258457,36.88309249800019,0 34.58636352213239,36.88338782173445,0 34.5865927639126,36.88373247965048,0 34.58629188442395,36.88385071467844,0 34.5853501239631,36.88460569449707,0 34.58527289605835,36.88453819486625,0 34.58501952215143,36.88416310207,0 34.58494851108873,36.88412549930885,0 34.58484825874675,36.88411214550985,0 34.58429022784401,36.88386577253692,0 34.58390733693628,36.88377329067427,0 34.5838338571493,36.8838018959904,0 34.58374056821076,36.88383874865436,0 34.58366470269252,36.8838732156487,0 34.58371940103908,36.8838958622989,0 34.58400917861432,36.8840290648216,0 34.58403170254634,36.88403088990741,0 34.58409643355496,36.88420868120501,0 34.58381123814858,36.88440039852904,0 34.58368424279077,36.88447028816761,0 34.58337539877061,36.88470563081123,0 34.58318476941228,36.88488961721806,0 34.58273101889017,36.88506013556385,0 34.58233091654689,36.88496770310945,0 34.5820598035168,36.88505903204259,0 34.58203967383188,36.88507574716818,0 34.58185511115027,36.88506175770247,0 34.58166327355634,36.88502593478054,0 34.58165638513947,36.88484124373598,0 34.58141760202149,36.8846833841851,0 34.58061445056407,36.88425986421074,0 34.58032774822203,36.88425709927777,0 34.57965574630583,36.8840452488247,0 34.57879290767777,36.88318830330265,0 34.57828216060293,36.88224772708246,0 34.57803929929505,36.8823851626569,0 34.57783654940834,36.88256153911061,0 34.57792770729026,36.88312374480241,0 34.57785798673518,36.88384728496175,0 34.57889199314208,36.88559132395903,0 34.57880289243678,36.88575896899444,0 34.57875731224287,36.8858471416036,0 34.57849744343894,36.88630206848465,0 34.57823673326384,36.88718176705722,0 34.57766098274596,36.88780174346608,0 34.57747049894565,36.88795021713493,0 34.57706776558138,36.8877652019539,0 34.57713350135182,36.88756868063741,0 34.57690537137143,36.887494078662,0 34.57678300158607,36.88762819433787,0 34.57648624131109,36.88785599752485,0 34.57583446974879,36.88811574145161,0 34.5754574164765,36.88868040609147,0 34.57511446688157,36.88929030357794,0 34.57502197913693,36.88917423346409,0 34.57417830712839,36.88834183254144,0 34.57423049377507,36.88874149075367,0 34.57424058990031,36.88923312417102,0 34.574237887926,36.8892964551091,0 34.57420240525144,36.88945690455366,0 34.57426576848482,36.88956300736921,0 34.57449502380295,36.88949413126574,0 34.57455147326452,36.88994603310744,0 34.57460743443333,36.89017055231732,0 34.57464766540317,36.89039845367429,0 34.574627425453,36.8905668746792,0 34.5747437009523,36.89065099570173,0 34.57482185807319,36.89080224936198,0 34.57486434448418,36.890947629397,0 34.57487082554059,36.89096223650292,0 34.57560273503552,36.89110978571053,0 34.57559450014811,36.89136659784267,0 34.57543028116481,36.89134684576853,0 34.57484381004043,36.89236886778634,0 34.57450929725591,36.89191379456172,0 34.57425480812007,36.89183150501936,0 34.57401180340702,36.89186218760191,0 34.57391258620983,36.89101921068053,0 34.57367011533458,36.89059225006985,0 34.57311739911715,36.89013524968477,0 34.57306491170965,36.89028694104461,0 34.57323216473053,36.89049739702359,0 34.57318713617294,36.89078428070983,0 34.57321656199433,36.89122559134212,0 34.57333072559154,36.89163767446278,0 34.57348365561682,36.8926021545308,0 34.5735132174955,36.89278858637042,0 34.57331172422541,36.89347196367517,0 34.57363151477004,36.89424876906185,0 34.57371175311883,36.89442521575003,0 
							</coordinates>
						</LinearRing>
					</outerBoundaryIs>
					<innerBoundaryIs>
						<LinearRing>
							<coordinates>
								34.71064750915371,36.83464510655455,0 34.71026786306314,36.83527135976426,0 34.70995028131968,36.83527821313954,0 34.70948931593355,36.83571632911972,0 34.70996860828326,36.83585472552083,0 34.7096079458186,36.83645771824929,0 34.71030548304422,36.83680430735305,0 34.71074992311045,36.83611902242992,0 34.71199068329099,36.83660179966681,0 34.71178106248512,36.83768577675588,0 34.71343335173509,36.83838467103116,0 34.71412903934343,36.83862816058716,0 34.71468211122162,36.83882173105997,0 34.71504842671099,36.83894993600159,0 34.71603150895212,36.83929399332794,0 34.71824217485578,36.84023721245158,0 34.71959975617008,36.84088653422415,0 34.72075528476556,36.84141883541619,0 34.72216483308651,36.84206812656661,0 34.72263668191517,36.8423223845793,0 34.72387198692149,36.8428948098295,0 34.72533296399959,36.84362346959914,0 34.72632368128154,36.84417350835228,0 34.72673810513744,36.84282822516316,0 34.7290875998748,36.838064357775,0 34.72911816233334,36.8380023855398,0 34.73012272320992,36.83596533338974,0 34.73124338081198,36.83412602598861,0 34.73284061892755,36.83193851716457,0 34.73345206991462,36.83103171280375,0 34.73395021780517,36.82960210234561,0 34.7340917679732,36.82764476929198,0 34.73367011439883,36.82280337467941,0 34.73368735008839,36.82259684658273,0 34.73357969612606,36.82279224575618,0 34.73317616262754,36.82259210212794,0 34.73315979743433,36.82259041906564,0 34.73285707131097,36.82249700213004,0 34.73204849526054,36.82246573185504,0 34.73203212787124,36.82246404866871,0 34.7317154970077,36.8223847617131,0 34.73177906537014,36.82214882661106,0 34.73068676117406,36.82178367778918,0 34.73008713146431,36.82156442512112,0 34.72892314683025,36.8211404527243,0 34.72832127841203,36.8209418968667,0 34.72829768421425,36.82093411245598,0 34.72779647634184,36.82076876068174,0 34.72717135138932,36.82061328515331,0 34.72637109959348,36.82038869801508,0 34.72578581006416,36.82020326527435,0 34.7254596002875,36.82005363222079,0 34.72494155459024,36.82008692365343,0 34.72459534704871,36.82028187797114,0 34.72364643573464,36.82006318937653,0 34.72360822351875,36.82004138369443,0 34.72302506492834,36.81987523033916,0 34.72300629668886,36.81987328956327,0 34.7230073013797,36.81985014911024,0 34.72298059895458,36.8193392256206,0 34.72301920576472,36.81876173642955,0 34.72302101478087,36.81873466885737,0 34.72295957298179,36.81828420107524,0 34.72294485453104,36.8178141565722,0 34.7229453119628,36.81780845792672,0 34.72297349519657,36.8173818774503,0 34.72292875548617,36.81705731210761,0 34.72270782813068,36.81702820140643,0 34.72206853122486,36.81723403550556,0 34.72178854569486,36.81730559035216,0 34.72189498341966,36.81630584188827,0 34.72168480761295,36.81621059478356,0 34.72179131429179,36.81594985043847,0 34.72263347456411,36.815994862244,0 34.72265077177339,36.81567981192154,0 34.72220773747637,36.81566037757761,0 34.72201596768247,36.8153706299987,0 34.72202787824099,36.81535739962784,0 34.72040903596256,36.81475276182343,0 34.72010334446041,36.8147693634313,0 34.72010083864064,36.81476949973804,0 34.72005885762519,36.81472744899947,0 34.72001530562635,36.81468382468521,0 34.71996229082328,36.81463072256817,0 34.71996117274387,36.81462960214294,0 34.71950049424644,36.81467795280651,0 34.71897055604171,36.81477649612429,0 34.71862693011386,36.81482471016095,0 34.71862276238546,36.814840914483,0 34.71782324032857,36.81496636384489,0 34.71743760021705,36.81488939010102,0 34.71656279119642,36.81492303904707,0 34.71654390267574,36.81503179373124,0 34.7161257580966,36.81491436557324,0 34.71610821837739,36.81490121209225,0 34.71579332686257,36.81484610055201,0 34.71577582979429,36.81484429440014,0 34.71528318111763,36.81482741420134,0 34.71526562110382,36.81482559986885,0 34.71489809509436,36.81477628841706,0 34.71488054860747,36.81477447653633,0 34.71450043086976,36.81469568385752,0 34.71449460152781,36.81469508200043,0 34.71400730485049,36.8145444022147,0 34.71362501827028,36.8143631715852,0 34.71312109216104,36.81414170591899,0 34.71277626516161,36.81403426525613,0 34.71283486322118,36.81400217118251,0 34.7119208019618,36.81356981776454,0 34.71171012044177,36.81289744774836,0 34.71030555729726,36.8124012282201,0 34.70920891153553,36.81233685890969,0 34.7087656897946,36.81210102553533,0 34.70820366934002,36.81187493483972,0 34.70743796600028,36.81179583081587,0 34.7067904653752,36.81178934944744,0 34.70635301390573,36.81161260142496,0 34.70631753812588,36.81159811571593,0 34.70580883785603,36.81143323871461,0 34.70577986710732,36.81142495544753,0 34.70576294977263,36.81141265677023,0 34.70536366112979,36.81144553828344,0 34.70279253057741,36.81119516827797,0 34.70278445231629,36.81118361057072,0 34.70267391055376,36.81113480460056,0 34.70263703744769,36.81123300140028,0 34.70235379652093,36.81119824169385,0 34.7023622980187,36.811086585741,0 34.70183769634321,36.81099139280841,0 34.70090696878238,36.81067711403614,0 34.69992237236038,36.81036089677862,0 34.69846541824367,36.80990398705644,0 34.69701935367452,36.80977870088239,0 34.69628962118311,36.80973090733094,0 34.6958531213048,36.81000938191261,0 34.69598583207313,36.81073993826595,0 34.69610080693608,36.81115618241774,0 34.69609123029969,36.81158971388388,0 34.69608366351625,36.81193230890062,0 34.69619231345448,36.81194499656276,0 34.6962876652635,36.81259734132292,0 34.69650537162703,36.81408671974469,0 34.69830163796492,36.81414460826549,0 34.69908697863421,36.81406817834456,0 34.69981020524722,36.8139977889201,0 34.70089448009239,36.81394413918696,0 34.70275381134636,36.81431197393414,0 34.70299970455926,36.81513362019207,0 34.70434886965968,36.81504069282847,0 34.70438735508991,36.81504054848474,0 34.70495247657195,36.81505591715401,0 34.70501024219804,36.81505569709864,0 34.70506800452061,36.81505547976665,0 34.7052404933067,36.81498510511099,0 34.70517568939575,36.81467739934717,0 34.70525528456763,36.81414450183062,0 34.70582313999369,36.81424601532726,0 34.70595977822458,36.81427044080469,0 34.70594634234701,36.81431436266463,0 34.70582308454586,36.81471727409852,0 34.70635504634367,36.81481738825065,0 34.70655204118575,36.81465037312704,0 34.70766275104236,36.81526652213433,0 34.70775789484608,36.81536146114021,0 34.70813232901371,36.81512905125114,0 34.70848288156515,36.81525457000697,0 34.70835405513503,36.81544839013866,0 34.70854974119489,36.81566990517403,0 34.70846938833548,36.81579589344674,0 34.70801469511112,36.81567190612839,0 34.70783208046453,36.81613578604815,0 34.70721891161855,36.81596646741296,0 34.70719575419493,36.81623529886387,0 34.70733956901965,36.81690990274274,0 34.70764755908984,36.8173719594902,0 34.70859683323824,36.8182023676674,0 34.70937360468207,36.81893232696621,0 34.70956766289535,36.81938478846853,0 34.70915751329796,36.81946723873327,0 34.70913230143162,36.82060288944032,0 34.70939567860728,36.82059383852739,0 34.70940307894345,36.82084927742736,0 34.70919868142555,36.82124597297413,0 34.70879201254495,36.82172207353542,0 34.70798564785468,36.822838325086,0 34.70765896146341,36.82322499348907,0 34.70699465378367,36.82387447426321,0 34.70658701644938,36.82420033530727,0 34.70584683429467,36.82483627194975,0 34.70583889725846,36.82484323160237,0 34.70544398985315,36.82529641014842,0 34.70508803014176,36.82551619295246,0 34.70506124517951,36.82554697157791,0 34.70448286739814,36.82592811794616,0 34.70422856263004,36.82601670472337,0 34.70393384546644,36.82625272720149,0 34.70392368859019,36.82627032293005,0 34.7037868274757,36.82655881570967,0 34.70381767150135,36.82700390900973,0 34.7039338636277,36.82767526959016,0 34.70436945121905,36.82761564316101,0 34.70442733812862,36.82782067416947,0 34.70454124998498,36.82807022971892,0 34.7047032460011,36.82840923230343,0 34.7048996739612,36.82882893703133,0 34.70503832430268,36.82921253469155,0 34.70517761537186,36.8296348286988,0 34.70566991905858,36.83027054346265,0 34.70618128936972,36.83116768088756,0 34.70660624413797,36.83168088508889,0 34.70682062230583,36.83198308735865,0 34.70723317361928,36.83223893845501,0 34.70696146890534,36.83265691126419,0 34.70726050262798,36.83302448038142,0 34.70824732282946,36.83388251413359,0 34.7084803843149,36.8339092215794,0 34.70871885181419,36.8345515419222,0 34.70885268009621,36.83464509951082,0 34.71029116308701,36.83455229063869,0 34.71064750915371,36.83464510655455,0 
							</coordinates>
						</LinearRing>
						<LinearRing>
							<coordinates>
								34.58618388915907,36.82370061452432,0 34.58620711244129,36.82390666502396,0 34.58610757773699,36.82401169249047,0 34.58582962060999,36.82420323185006,0 34.58565552283887,36.82430127743244,0 34.58537334267728,36.82449495692709,0 34.58527712233516,36.82465333187981,0 34.58517450993354,36.82470064734164,0 34.58508408484722,36.82482627307291,0 34.58504104535729,36.82583356285875,0 34.58504363421636,36.82613218305968,0 34.58497611999501,36.8263226142158,0 34.58471709223386,36.82651304323073,0 34.58431375285681,36.82666811378121,0 34.58337186167701,36.82686269326644,0 34.58294091578398,36.82719170371674,0 34.58270709050682,36.82738264819289,0 34.58258184507549,36.82758083044817,0 34.58275610657463,36.82794922196958,0 34.58220725865441,36.82878247020376,0 34.58223715685594,36.82904985608862,0 34.58230625972099,36.82914846318496,0 34.58227618887275,36.82955440200401,0 34.58231197055531,36.82956521980766,0 34.58230860837474,36.82981324358393,0 34.58220812334967,36.8301225622146,0 34.58225065729625,36.83018415147335,0 34.58230473256071,36.83038421339639,0 34.58241696403242,36.83058690915924,0 34.58252153396585,36.83070773128268,0 34.58262220556812,36.83074480172368,0 34.58274647442004,36.83098515634182,0 34.58302290940293,36.83112311836464,0 34.58326368567709,36.83131894728717,0 34.58351820934638,36.83163351589721,0 34.58365105937489,36.83181486272161,0 34.58400881660594,36.83174580236059,0 34.5840531913961,36.83176066400628,0 34.58419219080726,36.83173557258937,0 34.5842516613608,36.83161776845212,0 34.58530766795484,36.83136078421086,0 34.58680314334523,36.83102368754304,0 34.58687919657591,36.83051944239769,0 34.58694169852207,36.83040565351624,0 34.58696872185512,36.82889703159258,0 34.58688590569236,36.82861175386314,0 34.58686101886411,36.82851956192422,0 34.58683402271065,36.82831217309577,0 34.5868551849459,36.8280935773808,0 34.58690778501872,36.82787961772324,0 34.58702380196871,36.82757842459819,0 34.58718800566597,36.82723106003744,0 34.58731499507699,36.82687591945547,0 34.58742501736039,36.82656843873109,0 34.58780362166191,36.82550959123997,0 34.58777450866521,36.82535710771631,0 34.58705567665316,36.82476149793312,0 34.58686898828121,36.82452245049829,0 34.58702341131099,36.82441148425527,0 34.58618388915907,36.82370061452432,0 
							</coordinates>
						</LinearRing>
						<LinearRing>
							<coordinates>
								34.69153204206667,36.83104537151677,0 34.69208999258081,36.83199005766639,0 34.69374123785787,36.83184367268791,0 34.69377924955836,36.83126835244795,0 34.6939944734397,36.8300949068535,0 34.6940558517884,36.829968188226,0 34.69419501843231,36.82996988855152,0 34.69533833362716,36.82782451036427,0 34.69593177201019,36.82677164167141,0 34.69616863846632,36.82528712517235,0 34.6965131131841,36.8232759251914,0 34.69561081192739,36.82306250143258,0 34.695427098654,36.82304200845208,0 34.69547117539418,36.8228588849705,0 34.69334708600062,36.8228294319123,0 34.69213623369725,36.82295426699886,0 34.69086535479107,36.82311511438618,0 34.69081405624579,36.82320289753755,0 34.69073850342361,36.82346328753142,0 34.69046688438952,36.82408595209088,0 34.69019884591317,36.82511021290767,0 34.69008994001542,36.82694958419964,0 34.69025723094231,36.82815451444561,0 34.69047629837326,36.82893530439024,0 34.6909630913151,36.83022871902511,0 34.69153204206667,36.83104537151677,0 
							</coordinates>
						</LinearRing>
						<LinearRing>
							<coordinates>
								34.53591678286801,36.80825432788949,0 34.53592099629178,36.80936936716625,0 34.53607841325126,36.80985067966478,0 34.53628678928754,36.81022591693375,0 34.53655352844412,36.81070611168315,0 34.53701800473462,36.81115496878343,0 34.53708971721979,36.81109007303476,0 34.537553223124,36.81061849623564,0 34.53756284282389,36.81060870821043,0 34.53858738667851,36.80956629610851,0 34.53892037353734,36.80923493502535,0 34.53892590584164,36.80881738433389,0 34.53855605997835,36.80885180080834,0 34.53759347647431,36.80765493361879,0 34.53739803374272,36.80781298303884,0 34.53678193682504,36.80778749522897,0 34.53668739073046,36.80764046020487,0 34.53597555751409,36.80745466401299,0 34.53591678286801,36.80825432788949,0 
							</coordinates>
						</LinearRing>
						<LinearRing>
							<coordinates>
								34.53746476129545,36.80535642590279,0 34.53745902960951,36.80542131690866,0 34.53866064445155,36.80663209635754,0 34.53982194976076,36.8063875842772,0 34.54005095148406,36.80575684687707,0 34.54006541282157,36.80571701535649,0 34.54020076960263,36.80534419812818,0 34.54095248601296,36.80448450354069,0 34.54107708474698,36.80430881722011,0 34.54001776514022,36.80375709081713,0 34.5401370929249,36.80355351671312,0 34.53988723495333,36.8029884609999,0 34.53945910130061,36.8030158938876,0 34.53926607163999,36.80290295036614,0 34.53811708829986,36.80343015201031,0 34.53819188202945,36.80373779958757,0 34.53868938942869,36.80384009428465,0 34.53827067819596,36.80446974321595,0 34.53759220700485,36.8043406826587,0 34.53725947398521,36.80491677788432,0 34.53767640136472,36.80500134651862,0 34.53746476129545,36.80535642590279,0 
							</coordinates>
						</LinearRing>
						<LinearRing>
							<coordinates>
								34.53720877543982,36.80350295396458,0 34.53729384390767,36.80341023756946,0 34.53775853842306,36.80290376404839,0 34.5369828421253,36.80243513045183,0 34.53610050641829,36.80357252395099,0 34.53684880495852,36.80389528106203,0 34.53720877543982,36.80350295396458,0 
							</coordinates>
						</LinearRing>
						<LinearRing>
							<coordinates>
								34.53981821589544,36.79535126030849,0 34.54031209925212,36.79562919445091,0 34.54055838423706,36.79576779111515,0 34.54111195078816,36.79607930451148,0 34.54190577192485,36.79508248259705,0 34.54062381167773,36.7943373853838,0 34.53981821589544,36.79535126030849,0 
							</coordinates>
						</LinearRing>
						<LinearRing>
							<coordinates>
								34.53919451866346,36.79401849451976,0 34.53969227307979,36.79343016245239,0 34.53925475961135,36.79290109735051,0 34.53810480796431,36.79355955366588,0 34.53874018776015,36.79445966476933,0 34.53919451866346,36.79401849451976,0 
							</coordinates>
						</LinearRing>
						<LinearRing>
							<coordinates>
								34.53733630915319,36.79229985611155,0 34.53744842981656,36.79223723560585,0 34.53813331299593,36.79185471987912,0 34.53672473552493,36.79148240987212,0 34.53597657950336,36.79189475822322,0 34.53574618387975,36.79295267446543,0 34.53603086154992,36.79302894151787,0 34.53733630915319,36.79229985611155,0 
							</coordinates>
						</LinearRing>
						<LinearRing>
							<coordinates>
								34.53788180998569,36.79041865225008,0 34.53912450854198,36.79063791045753,0 34.53888073219204,36.79031523604846,0 34.53877718911201,36.79023040800367,0 34.53876966240312,36.79022424173728,0 34.53836947930416,36.78989638889506,0 34.53788180998569,36.79041865225008,0 
							</coordinates>
						</LinearRing>
						<LinearRing>
							<coordinates>
								34.53966937961741,36.78989040756204,0 34.53973271127288,36.78996156783234,0 34.54001750693568,36.79028157031766,0 34.54104036624993,36.78972553197641,0 34.53988502472371,36.78899776906067,0 34.53942328122631,36.78926026262676,0 34.53928996871441,36.78946408668531,0 34.53966937961741,36.78989040756204,0 
							</coordinates>
						</LinearRing>
						<LinearRing>
							<coordinates>
								34.53864924896619,36.78971595006466,0 34.53846192410023,36.78937699824915,0 34.53866589451076,36.78844345691642,0 34.53881307535161,36.78828647165212,0 34.53856631075319,36.78814067153457,0 34.53853240939056,36.78819811586847,0 34.53835844994003,36.78896975032409,0 34.53835480179843,36.78898593124651,0 34.53825417516877,36.78943227200421,0 34.53858848421657,36.78972415549023,0 34.53864924896619,36.78971595006466,0 
							</coordinates>
						</LinearRing>
						<LinearRing>
							<coordinates>
								34.53912623374005,36.78563415222611,0 34.53910098581744,36.78609385554367,0 34.53872763855845,36.78735187300252,0 34.53911581872992,36.78732683102867,0 34.53926745789275,36.78726607340867,0 34.5399314264297,36.78662321240316,0 34.54002696164736,36.78653071273852,0 34.54089493741275,36.78569030522242,0 34.54000891286156,36.78530332427421,0 34.53896707801325,36.7851619851624,0 34.53894796368179,36.78528021368364,0 34.53912623374005,36.78563415222611,0 
							</coordinates>
						</LinearRing>
						<LinearRing>
							<coordinates>
								34.53469963894565,36.77812100835675,0 34.53361778934957,36.77926115790577,0 34.53380145010787,36.77936192061865,0 34.53367979687068,36.77961954749671,0 34.53382550664539,36.77996852613007,0 34.5340121686428,36.78001271356037,0 34.5344934875604,36.77912357772392,0 34.53472736639426,36.77893694022569,0 34.53479125428717,36.77884217057326,0 34.53532885403628,36.77844183258811,0 34.53549091227598,36.77832115064482,0 34.5365112697511,36.77763617414221,0 34.5361328917519,36.77738041670544,0 34.53469963894565,36.77812100835675,0 
							</coordinates>
						</LinearRing>
						<LinearRing>
							<coordinates>
								34.47968248354233,36.74548892455653,0 34.4800061172064,36.74540209928951,0 34.47940550801655,36.74554952245551,0 34.47968248354233,36.74548892455653,0 
							</coordinates>
						</LinearRing>
						<LinearRing>
							<coordinates>
								34.47595099333097,36.7463568802245,0 34.47593572778216,36.74635687670631,0 34.47602920819836,36.7463710955946,0 34.47595099333097,36.7463568802245,0 
							</coordinates>
						</LinearRing>
						<LinearRing>
							<coordinates>
								34.47207275438868,36.7436011717511,0 34.47207396944959,36.74359406818434,0 34.47200123449948,36.74320063507427,0 34.47207275438868,36.7436011717511,0 
							</coordinates>
						</LinearRing>
						<LinearRing>
							<coordinates>
								34.46549970707673,36.72665304639618,0 34.46560809791357,36.72650245244206,0 34.46582561842516,36.72613917346634,0 34.46605591477408,36.72576229331326,0 34.46617031752501,36.72560291912401,0 34.46632692589365,36.72546914354708,0 34.46652659125678,36.72540573625299,0 34.46668733222965,36.72538985120645,0 34.46671563713315,36.72519348351062,0 34.46679475351824,36.72497327772611,0 34.46687614035646,36.72470403783588,0 34.46690484792971,36.72452881451489,0 34.46694832561462,36.72438900243825,0 34.4672385885601,36.72375505235956,0 34.46724590671867,36.72365468388899,0 34.46744680855677,36.72296382673942,0 34.46763792063658,36.72230662630277,0 34.46764813315545,36.72216980308137,0 34.4679367861476,36.7218490017755,0 34.46735757121083,36.72171686894043,0 34.46767001726251,36.72054253607248,0 34.46732916525419,36.7204771011499,0 34.46706797567325,36.71954665270906,0 34.46650092442431,36.71949476358296,0 34.46644594020314,36.71952827802735,0 34.46641420148165,36.71951672834971,0 34.46602884850932,36.71953192415949,0 34.46606245081531,36.71947251845628,0 34.46599528554591,36.71930999696724,0 34.46587673783069,36.71925342547515,0 34.4656259862353,36.71898354908051,0 34.46548673971526,36.71896162120461,0 34.4652835293729,36.71880507324984,0 34.46510367377498,36.71875355365889,0 34.46460201219827,36.71958285056245,0 34.46452314255303,36.71977236497065,0 34.46451721624279,36.71988205378357,0 34.46461972663796,36.71999393255381,0 34.46480482585862,36.72094378284191,0 34.46484372943752,36.72099822323091,0 34.46447585989273,36.72227506790811,0 34.46441539756825,36.72229809622032,0 34.46356873918639,36.72202773030126,0 34.46348516638743,36.7222917119384,0 34.46355251773592,36.72233990957464,0 34.46284525819625,36.72393552913721,0 34.462899885618,36.72396081595437,0 34.46334912261903,36.72413170980469,0 34.46348864598957,36.72413932163613,0 34.46372065391174,36.72431463407597,0 34.4638447298417,36.72447480531885,0 34.46392424978543,36.72462098867452,0 34.46468752509385,36.72656383044448,0 34.4647903794314,36.72670734534138,0 34.46490085844749,36.72676419645053,0 34.46505395399864,36.72680928601296,0 34.46517265391055,36.72681080998041,0 34.46531842224393,36.72677319282462,0 34.46539751210658,36.72673938203718,0 34.46549970707673,36.72665304639618,0 
							</coordinates>
						</LinearRing>
					</innerBoundaryIs>
				</Polygon>
			</MultiGeometry>
		</Placemark>
	</Folder>
</Document>
</kml>
