<?xml version="1.0" encoding="UTF-8"?>
<kml xmlns="http://www.opengis.net/kml/2.2" xmlns:gx="http://www.google.com/kml/ext/2.2" xmlns:kml="http://www.opengis.net/kml/2.2" xmlns:atom="http://www.w3.org/2005/Atom">
<Document>
	<name>sulamakoop37_Burak2021.kmz</name>
	<Style id="PolyStyle90000">
		<LabelStyle>
			<color>00000000</color>
			<scale>0</scale>
		</LabelStyle>
		<LineStyle>
			<color>ff6e6e6e</color>
			<width>0.4</width>
		</LineStyle>
		<PolyStyle>
			<color>8000ffaa</color>
		</PolyStyle>
	</Style>
	<StyleMap id="PolyStyle90100">
		<Pair>
			<key>normal</key>
			<styleUrl>#PolyStyle90000</styleUrl>
		</Pair>
		<Pair>
			<key>highlight</key>
			<styleUrl>#PolyStyle9011</styleUrl>
		</Pair>
	</StyleMap>
	<Style id="PolyStyle9011">
		<LabelStyle>
			<color>00000000</color>
			<scale>0</scale>
		</LabelStyle>
		<LineStyle>
			<color>ff6e6e6e</color>
			<width>0.4</width>
		</LineStyle>
		<PolyStyle>
			<color>8000ffaa</color>
		</PolyStyle>
	</Style>
	<Folder id="FeatureLayer9">
		<name>sulamakoop37</name>
		<Snippet maxLines="0"></Snippet>
		<Placemark id="ID_90000">
			<name>Dörtyol Merkez Sulama Kooperatifi</name>
			<Snippet maxLines="0"></Snippet>
			<description><![CDATA[<html xmlns:fo="http://www.w3.org/1999/XSL/Format" xmlns:msxsl="urn:schemas-microsoft-com:xslt">

<head>

<META http-equiv="Content-Type" content="text/html">

<meta http-equiv="content-type" content="text/html; charset=UTF-8">

</head>

<body style="margin:0px 0px 0px 0px;overflow:auto;background:#FFFFFF;">

<table style="font-family:Arial,Verdana,Times;font-size:12px;text-align:left;width:100%;border-collapse:collapse;padding:3px 3px 3px 3px">

<tr style="text-align:center;font-weight:bold;background:#9CBCE2">

<td>Dörtyol Merkez Sulama Kooperatifi</td>

</tr>

<tr>

<td>

<table style="font-family:Arial,Verdana,Times;font-size:12px;text-align:left;width:100%;border-spacing:0px; padding:3px 3px 3px 3px">

<tr>

<td>SHAPE</td>

<td>Polygon</td>

</tr>

<tr bgcolor="#D4E4F3">

<td>Adı</td>

<td>Dörtyol Merkez Sulama Kooperatifi</td>

</tr>

<tr>

<td>SHAPE_Length</td>

<td>16853.832249</td>

</tr>

<tr bgcolor="#D4E4F3">

<td>SHAPE_Area</td>

<td>13142090.375607</td>

</tr>

</table>

</td>

</tr>

</table>

</body>

</html>]]></description>
			<styleUrl>#PolyStyle90100</styleUrl>
			<MultiGeometry>
				<Polygon>
					<outerBoundaryIs>
						<LinearRing>
							<coordinates>
								36.21097064385577,36.79015632861837,0 36.21161208338145,36.78994188673785,0 36.21327064069224,36.79018941608484,0 36.21476384816604,36.79090991552177,0 36.21734953139187,36.79216265120185,0 36.21942231416049,36.79325431185745,0 36.22116944832286,36.79412969451477,0 36.22288282334509,36.79491484946552,0 36.22344683991619,36.79468959416944,0 36.22406508606181,36.79398873315702,0 36.22443165870144,36.79307336220037,0 36.2257110776868,36.79048045547667,0 36.22655413788414,36.7886820681307,0 36.22758120008184,36.78691777009956,0 36.22940286141759,36.78469511666209,0 36.23108547341594,36.7832441076939,0 36.2330787169352,36.78242619725526,0 36.23452470699214,36.7824002397373,0 36.23618212623274,36.78267722519637,0 36.23734650473409,36.7832705771316,0 36.23786547233211,36.78429598884719,0 36.23837375962843,36.78561919367131,0 36.2387179258667,36.78738565010386,0 36.23895851547476,36.78894106840522,0 36.23926955608651,36.79163069034559,0 36.23927583548004,36.79455166640037,0 36.23925470413136,36.79720376509493,0 36.2390940042154,36.79961418637109,0 36.23849040217046,36.80094135815099,0 36.23786001998428,36.80301301284184,0 36.23751408660591,36.80541912354286,0 36.23716598520131,36.80788478945438,0 36.23680652564718,36.80963488612253,0 36.23673735938863,36.81052740750088,0 36.2366065183741,36.81210399284898,0 36.23658969170113,36.81669346210872,0 36.23681850682018,36.81857645314352,0 36.23710901032887,36.81977537931772,0 36.23781339306008,36.82080510227817,0 36.23874753347235,36.8216315300438,0 36.24022875221441,36.82270909453347,0 36.24086018751447,36.82370730063003,0 36.24107668416131,36.82490449913571,0 36.24124116426178,36.82651775040352,0 36.24115597135678,36.82785696436379,0 36.2408823408135,36.82928121478278,0 36.24050719623326,36.8304348678426,0 36.23973203343575,36.83137059713391,0 36.23856969752258,36.83173104046367,0 36.23592171411756,36.831132986872,0 36.23413546491438,36.83028670080262,0 36.23146663597571,36.82924100064109,0 36.22906148620567,36.82808217394788,0 36.22606157194891,36.82696902386055,0 36.2229715099954,36.8263007538162,0 36.22052562753509,36.82627336313315,0 36.21847535001032,36.82658302991415,0 36.21625961327067,36.8273656500398,0 36.21431502058245,36.82782673977269,0 36.21275489081172,36.82790936524147,0 36.21090274315734,36.82786589878424,0 36.20920418295653,36.82767699103287,0 36.20683344870786,36.82762127829997,0 36.20461631222215,36.82742011215639,0 36.20291561346517,36.82729067336902,0 36.20114735050124,36.82698079369619,0 36.19983012236521,36.82650269521492,0 36.19897262070556,36.8256181658967,0 36.19867401200471,36.82465739861156,0 36.19882098278696,36.82367733277008,0 36.19901693678288,36.82237057636392,0 36.19951136767055,36.82101124774177,0 36.20028241982792,36.81918157054472,0 36.20089225981258,36.81770573799477,0 36.20431053100582,36.81137834354013,0 36.20531527186489,36.80821294144437,0 36.20569838862691,36.80685096194716,0 36.20608149027289,36.8054889812676,0 36.20799269359482,36.7998115071029,0 36.21022977695957,36.79229378420423,0 36.21097064385577,36.79015632861837,0 
							</coordinates>
						</LinearRing>
					</outerBoundaryIs>
				</Polygon>
			</MultiGeometry>
		</Placemark>
		<Placemark id="ID_90001">
			<name>İcadiye Sulama Kooperatifi</name>
			<Snippet maxLines="0"></Snippet>
			<description><![CDATA[<html xmlns:fo="http://www.w3.org/1999/XSL/Format" xmlns:msxsl="urn:schemas-microsoft-com:xslt">

<head>

<META http-equiv="Content-Type" content="text/html">

<meta http-equiv="content-type" content="text/html; charset=UTF-8">

</head>

<body style="margin:0px 0px 0px 0px;overflow:auto;background:#FFFFFF;">

<table style="font-family:Arial,Verdana,Times;font-size:12px;text-align:left;width:100%;border-collapse:collapse;padding:3px 3px 3px 3px">

<tr style="text-align:center;font-weight:bold;background:#9CBCE2">

<td>İcadiye Sulama Kooperatifi</td>

</tr>

<tr>

<td>

<table style="font-family:Arial,Verdana,Times;font-size:12px;text-align:left;width:100%;border-spacing:0px; padding:3px 3px 3px 3px">

<tr>

<td>SHAPE</td>

<td>Polygon</td>

</tr>

<tr bgcolor="#D4E4F3">

<td>Adı</td>

<td>İcadiye Sulama Kooperatifi</td>

</tr>

<tr>

<td>SHAPE_Length</td>

<td>20076.579529</td>

</tr>

<tr bgcolor="#D4E4F3">

<td>SHAPE_Area</td>

<td>16966657.490554</td>

</tr>

</table>

</td>

</tr>

</table>

</body>

</html>]]></description>
			<styleUrl>#PolyStyle90100</styleUrl>
			<MultiGeometry>
				<Polygon>
					<outerBoundaryIs>
						<LinearRing>
							<coordinates>
								36.16896407579822,36.86154020355104,0 36.17060686491048,36.86226586906346,0 36.17190261476474,36.86285465583684,0 36.17306187701776,36.86328281701177,0 36.1729722789289,36.86378138540186,0 36.17236207154915,36.86439631077037,0 36.17242215618173,36.86469816233266,0 36.173983211844,36.86533616082796,0 36.17670678240312,36.86631650876647,0 36.17881726970904,36.86702472927146,0 36.18139917820584,36.86798730023476,0 36.18338575620193,36.8686781932346,0 36.18493030692935,36.86880065089019,0 36.18726705179704,36.86868435056888,0 36.18882449584342,36.86861727250565,0 36.18908816742668,36.86919574631757,0 36.19003969187897,36.87043902593006,0 36.19062708226311,36.8712540482115,0 36.19122146910808,36.87187848931347,0 36.19266423273881,36.87267558114169,0 36.19430516705096,36.87324844572176,0 36.19605425999161,36.87346142750513,0 36.19848571061294,36.87384307917471,0 36.19970321117861,36.87431050822394,0 36.20000816161202,36.87506160123427,0 36.19993008265131,36.87589903489177,0 36.19957011937689,36.87665352405897,0 36.1988145673328,36.87783739124915,0 36.19737244360809,36.87961543265041,0 36.19629515605715,36.88050557250293,0 36.19509573068189,36.88083965912554,0 36.19469034046804,36.88153583464337,0 36.19497991248144,36.88205768487764,0 36.19567349472567,36.8825700012308,0 36.19677458270335,36.88297748868664,0 36.19818409823859,36.88339224427671,0 36.20025861447201,36.88380359148568,0 36.20174212449024,36.88414375221182,0 36.20331289733391,36.88469576878161,0 36.20505750364229,36.88569056933966,0 36.20829756238895,36.88670144049184,0 36.20954252452441,36.88707404464645,0 36.21094581312187,36.88701164387617,0 36.21218009876313,36.88637302412299,0 36.213356516403,36.88601915029959,0 36.21379343991747,36.88641089282089,0 36.21414255758634,36.88725836084046,0 36.21452874130799,36.88839281473918,0 36.21465255679842,36.88955926138859,0 36.214447296688,36.89193875363287,0 36.21419248385689,36.89437430509985,0 36.21415814256742,36.89662428324263,0 36.21439313725008,36.89865168770296,0 36.21457620089464,36.89949525883661,0 36.21471543602583,36.90089095863205,0 36.21487094051613,36.90314539015424,0 36.21473319345007,36.90497330340174,0 36.21429747727248,36.90715663859223,0 36.21298611437442,36.90794605803753,0 36.21085879405035,36.90896426179855,0 36.20856667782842,36.90994040182029,0 36.20745837799316,36.91102064871865,0 36.20645602480938,36.91114965973191,0 36.20556599407633,36.91080444695339,0 36.2054620169549,36.91104996581132,0 36.20532873915526,36.91144738996871,0 36.20467193577998,36.91187063526122,0 36.20374076692769,36.91200129924739,0 36.20321718386171,36.91137858476848,0 36.20272018104089,36.91132872574348,0 36.20215620848475,36.91181136728793,0 36.20176528417454,36.91145881511994,0 36.20126057563834,36.91097005770508,0 36.20031265210224,36.91090955556102,0 36.19973115194899,36.90992304815023,0 36.19902333479421,36.90914337556283,0 36.19772641618603,36.90823534727325,0 36.19678062343876,36.90811764582121,0 36.19629202439587,36.90848759348635,0 36.19613078531893,36.90899879198209,0 36.19612450185107,36.90981884017166,0 36.19577479301034,36.91028743701876,0 36.19488271829975,36.9106478463685,0 36.19379171139077,36.91060298643328,0 36.19245848700061,36.91068590730066,0 36.19046144588699,36.9107340300786,0 36.18865776461248,36.91069132681437,0 36.18693649058566,36.91034535987389,0 36.18573813553467,36.90934416745515,0 36.18439742122435,36.9083395868818,0 36.18341821520761,36.90783950033843,0 36.18183240733598,36.90768741828888,0 36.17984808549948,36.90739232852501,0 36.17836986598911,36.90689941953318,0 36.17694474901049,36.90625516097394,0 36.17548485234676,36.90526672244033,0 36.1739559120953,36.90421939936416,0 36.17296877594369,36.90265088203447,0 36.17265700746935,36.90099035660246,0 36.17306051720771,36.9009165163724,0 36.17346754360526,36.90074738684164,0 36.17375076401964,36.90031303785535,0 36.17397421772555,36.89988918663691,0 36.1741654859898,36.89913076977281,0 36.17448704028006,36.89725483990801,0 36.17447573032958,36.89554980919802,0 36.17439180698452,36.89460601939809,0 36.17363375940977,36.89302627056446,0 36.17260542047615,36.89113012392435,0 36.17168520553391,36.88952265795543,0 36.17112341776313,36.88825752574428,0 36.16999668326862,36.88621595569315,0 36.16865436110012,36.88478914839193,0 36.1666031632822,36.88407262002681,0 36.16430639381085,36.88357669833168,0 36.16249145576895,36.88329491164374,0 36.15956714526152,36.88291503592446,0 36.15699783264035,36.88256743141771,0 36.15476535507802,36.8819417309492,0 36.15255805478481,36.8812784438951,0 36.15058164358443,36.8807923255568,0 36.14897488989455,36.88058208872074,0 36.14894834650513,36.88033825606232,0 36.15033721371155,36.87890526742262,0 36.15246024481932,36.87688187883482,0 36.1544862512537,36.87507071007854,0 36.15763787940777,36.87171282821068,0 36.16104151023109,36.86875428608256,0 36.16537658613861,36.86467342009043,0 36.16896407579822,36.86154020355104,0 
							</coordinates>
						</LinearRing>
					</outerBoundaryIs>
				</Polygon>
			</MultiGeometry>
		</Placemark>
		<Placemark id="ID_90002">
			<name>Yeniyurt Sulama Kooperatifi</name>
			<Snippet maxLines="0"></Snippet>
			<description><![CDATA[<html xmlns:fo="http://www.w3.org/1999/XSL/Format" xmlns:msxsl="urn:schemas-microsoft-com:xslt">

<head>

<META http-equiv="Content-Type" content="text/html">

<meta http-equiv="content-type" content="text/html; charset=UTF-8">

</head>

<body style="margin:0px 0px 0px 0px;overflow:auto;background:#FFFFFF;">

<table style="font-family:Arial,Verdana,Times;font-size:12px;text-align:left;width:100%;border-collapse:collapse;padding:3px 3px 3px 3px">

<tr style="text-align:center;font-weight:bold;background:#9CBCE2">

<td>Yeniyurt Sulama Kooperatifi</td>

</tr>

<tr>

<td>

<table style="font-family:Arial,Verdana,Times;font-size:12px;text-align:left;width:100%;border-spacing:0px; padding:3px 3px 3px 3px">

<tr>

<td>SHAPE</td>

<td>Polygon</td>

</tr>

<tr bgcolor="#D4E4F3">

<td>Adı</td>

<td>Yeniyurt Sulama Kooperatifi</td>

</tr>

<tr>

<td>SHAPE_Length</td>

<td>13242.497023</td>

</tr>

<tr bgcolor="#D4E4F3">

<td>SHAPE_Area</td>

<td>6384726.483111</td>

</tr>

</table>

</td>

</tr>

</table>

</body>

</html>]]></description>
			<styleUrl>#PolyStyle90100</styleUrl>
			<MultiGeometry>
				<Polygon>
					<outerBoundaryIs>
						<LinearRing>
							<coordinates>
								36.14897488989455,36.88058208872074,0 36.15058164358443,36.8807923255568,0 36.15221296513674,36.88119356817248,0 36.15255805478481,36.8812784438951,0 36.15416558386481,36.88176150692959,0 36.15476535507802,36.8819417309492,0 36.15699783264035,36.88256743141771,0 36.1571343497208,36.88258590231984,0 36.15956714526152,36.88291503592446,0 36.16249145576895,36.88329491164374,0 36.16430639381085,36.88357669833168,0 36.16535899092603,36.88380398289544,0 36.1666031632822,36.88407262002681,0 36.16865436110012,36.88478914839193,0 36.16999668326862,36.88621595569315,0 36.17112341776313,36.88825752574428,0 36.17168520553391,36.88952265795543,0 36.17260542047615,36.89113012392435,0 36.17363375940977,36.89302627056446,0 36.17439180698452,36.89460601939809,0 36.17447573032958,36.89554980919802,0 36.17448704028006,36.89725483990801,0 36.1741654859898,36.89913076977281,0 36.17397421772555,36.89988918663691,0 36.17375076401964,36.90031303785535,0 36.17346754360526,36.90074738684164,0 36.17306051720771,36.9009165163724,0 36.17265700746935,36.90099035660246,0 36.17191930209351,36.90096264280926,0 36.17094047014702,36.90093932090246,0 36.17015576030497,36.90088485380489,0 36.16955078145583,36.90078698195396,0 36.16830690880209,36.90030430553828,0 36.16719006783114,36.89959814183538,0 36.16621156927654,36.89876413507571,0 36.16555009646604,36.89818803903438,0 36.16581086165785,36.89747898103681,0 36.16444153601791,36.89677868671552,0 36.163140379189,36.8958415772339,0 36.1618189495372,36.89545235281776,0 36.16113767127843,36.89541222179529,0 36.16073355673141,36.89590325564742,0 36.16070176318243,36.89676083427188,0 36.16021130889847,36.89717827306887,0 36.15908335256067,36.89717512936311,0 36.15814838391044,36.8967712687953,0 36.15783843889498,36.89552402719853,0 36.15703716566844,36.89471803199967,0 36.15594374618027,36.89378581984344,0 36.15455776779658,36.89353802630529,0 36.15421028503897,36.89410192269988,0 36.15381764768981,36.89588071394129,0 36.1526967800797,36.89728439920218,0 36.151648481607,36.89833217438093,0 36.1509671276206,36.8998894415974,0 36.15084712383867,36.90072105576715,0 36.15047475622776,36.90195193730791,0 36.15031444083772,36.90306869436389,0 36.14980881475987,36.9038910493806,0 36.14890120890302,36.90434610728823,0 36.14731934563825,36.90457037464086,0 36.14583800611145,36.90448708248629,0 36.14448598072993,36.90412077063493,0 36.14331371796973,36.90371108499633,0 36.14266616602215,36.90276563825657,0 36.14152061371745,36.9016412993406,0 36.14093797549665,36.90083474076785,0 36.14031296165236,36.90040005619647,0 36.1395225687561,36.8999423102514,0 36.13884797735625,36.89956364574926,0 36.13824266614601,36.8998733150959,0 36.1381128542488,36.90080481607338,0 36.13800320379849,36.90183217270695,0 36.13767856384803,36.90289249420025,0 36.13645697427806,36.90316821833147,0 36.13570996211039,36.90345538226302,0 36.13570374854739,36.90425634229344,0 36.13561259566304,36.90478821672186,0 36.13554873762763,36.90522537984617,0 36.13491017202028,36.90515274655537,0 36.13418453535,36.90486819488132,0 36.13318860205164,36.90482507309559,0 36.13184457991336,36.90456371856887,0 36.13047683810867,36.90430177648953,0 36.12937227205827,36.90398896027008,0 36.12819795887934,36.90363629894432,0 36.12928247038151,36.90131642384947,0 36.13009376457317,36.89931419108798,0 36.13080082200605,36.89755739482669,0 36.13157474239854,36.8959166530095,0 36.13241124446056,36.89450630606834,0 36.13408811003799,36.89284920405616,0 36.13708525266583,36.8901748451166,0 36.13969547884419,36.88768182614989,0 36.14144249511293,36.8860453762582,0 36.1450098894363,36.88334638421367,0 36.14792304925927,36.88099397530393,0 36.14897488989455,36.88058208872074,0 
							</coordinates>
						</LinearRing>
					</outerBoundaryIs>
				</Polygon>
			</MultiGeometry>
		</Placemark>
		<Placemark id="ID_90003">
			<name>Başlamış Sulama Kooperatifi</name>
			<Snippet maxLines="0"></Snippet>
			<description><![CDATA[<html xmlns:fo="http://www.w3.org/1999/XSL/Format" xmlns:msxsl="urn:schemas-microsoft-com:xslt">

<head>

<META http-equiv="Content-Type" content="text/html">

<meta http-equiv="content-type" content="text/html; charset=UTF-8">

</head>

<body style="margin:0px 0px 0px 0px;overflow:auto;background:#FFFFFF;">

<table style="font-family:Arial,Verdana,Times;font-size:12px;text-align:left;width:100%;border-collapse:collapse;padding:3px 3px 3px 3px">

<tr style="text-align:center;font-weight:bold;background:#9CBCE2">

<td>Başlamış Sulama Kooperatifi</td>

</tr>

<tr>

<td>

<table style="font-family:Arial,Verdana,Times;font-size:12px;text-align:left;width:100%;border-spacing:0px; padding:3px 3px 3px 3px">

<tr>

<td>SHAPE</td>

<td>Polygon</td>

</tr>

<tr bgcolor="#D4E4F3">

<td>Adı</td>

<td>Başlamış Sulama Kooperatifi</td>

</tr>

<tr>

<td>SHAPE_Length</td>

<td>13742.329001</td>

</tr>

<tr bgcolor="#D4E4F3">

<td>SHAPE_Area</td>

<td>6786801.004925</td>

</tr>

</table>

</td>

</tr>

</table>

</body>

</html>]]></description>
			<styleUrl>#PolyStyle90100</styleUrl>
			<MultiGeometry>
				<Polygon>
					<outerBoundaryIs>
						<LinearRing>
							<coordinates>
								36.19997421188754,36.93439519704105,0 36.20105120651455,36.93337151599896,0 36.20199112729073,36.9320346355972,0 36.20296411706234,36.92979249718351,0 36.20415955494718,36.92715025874743,0 36.20584956883128,36.9231606042334,0 36.20757613152019,36.91979169672684,0 36.20895893321995,36.91770219738329,0 36.20990285301749,36.91624612459232,0 36.21105803491231,36.91551029600758,0 36.21182680511058,36.91559988484071,0 36.21224666460286,36.91630119334996,0 36.21224509391654,36.91715950294289,0 36.21217723998185,36.91820700032476,0 36.21276211723755,36.91926982662639,0 36.21335568542418,36.92009442524454,0 36.21409761805642,36.92092250248227,0 36.21520168480373,36.92159217102378,0 36.21677270750963,36.92248736737342,0 36.2177763265251,36.92265395442917,0 36.21853715807553,36.92214724061127,0 36.21912774627077,36.92142194571782,0 36.21909351255447,36.92072969667242,0 36.21870496958007,36.91998145974379,0 36.21747679751128,36.91864130920791,0 36.21683771715315,36.91743417637013,0 36.21630845866429,36.91565738387101,0 36.21634918230211,36.91453771670357,0 36.21613589223649,36.913054447996,0 36.21612247887886,36.91179045402027,0 36.21637540919878,36.91136721100989,0 36.21707766395292,36.91083528677669,0 36.21781217468102,36.91023258520521,0 36.21920625024693,36.90945458685158,0 36.22048881265354,36.90929387984756,0 36.22106397300828,36.90980804944007,0 36.22103283878917,36.91066567048966,0 36.22118688612635,36.91214754563553,0 36.22147344491756,36.91325103365605,0 36.22144231139287,36.91410865450708,0 36.22176719509962,36.91497460740926,0 36.22219865639924,36.91617685755432,0 36.22254803831481,36.91718644053682,0 36.22306593653457,36.91846223820642,0 36.22376619401575,36.91962308473156,0 36.22394882121677,36.92031880395847,0 36.22446589802073,36.92161842017543,0 36.22516879386596,36.92270779067532,0 36.22532293093223,36.9241896621321,0 36.22531545214104,36.92521473794074,0 36.22571704378097,36.92560561371324,0 36.22728309756646,36.92664361567822,0 36.22825917921042,36.92757244972493,0 36.22913763445212,36.92873742743328,0 36.23025350984677,36.92990793888244,0 36.23106577221581,36.93126210246601,0 36.23168240666056,36.93227789471783,0 36.2326185918129,36.93349187977147,0 36.23325201209717,36.93486570150707,0 36.23427986787742,36.93601028211877,0 36.23537830443679,36.93684653969326,0 36.23625869110009,36.93796382484418,0 36.23670254135915,36.9388325103218,0 36.23677218354969,36.9401931856452,0 36.23626805337482,36.9409921096777,0 36.23491011339601,36.94158039625296,0 36.23371089048304,36.94188625098715,0 36.23203334492737,36.94227630924717,0 36.23108568554,36.94301717759341,0 36.23058061398209,36.94383989730367,0 36.22972282376286,36.94455900862216,0 36.22846794764633,36.94557879871161,0 36.22721100753261,36.94583555077607,0 36.22584916892049,36.94570835067794,0 36.22509650486206,36.94516620713262,0 36.22514693618356,36.94459515543496,0 36.22540339508949,36.94407660710947,0 36.22592783041093,36.94354047923691,0 36.22612232852507,36.94309200858378,0 36.2258978597581,36.94272911664163,0 36.22542818085329,36.94257507870212,0 36.22415284641694,36.94252141137379,0 36.22277524032706,36.94201232007535,0 36.22136884100117,36.94147869626561,0 36.21981949506961,36.94160931000366,0 36.21764169324748,36.94186822761908,0 36.21519243479654,36.94223994968023,0 36.21267771754685,36.9427769828361,0 36.21053389284275,36.94291735217855,0 36.20800945660367,36.94290567134589,0 36.20595727182036,36.94297658517471,0 36.20382389064529,36.94283096492947,0 36.20319884703532,36.94205326370295,0 36.20295086559173,36.94071221988172,0 36.20252918586845,36.9392478657743,0 36.20179942222168,36.93808620347287,0 36.20083485551231,36.93603681443905,0 36.19997421188754,36.93439519704105,0 
							</coordinates>
						</LinearRing>
					</outerBoundaryIs>
				</Polygon>
			</MultiGeometry>
		</Placemark>
		<Placemark id="ID_90004">
			<name>Hatay Erzin Merkez Sulama Kooperatifi</name>
			<Snippet maxLines="0"></Snippet>
			<description><![CDATA[<html xmlns:fo="http://www.w3.org/1999/XSL/Format" xmlns:msxsl="urn:schemas-microsoft-com:xslt">

<head>

<META http-equiv="Content-Type" content="text/html">

<meta http-equiv="content-type" content="text/html; charset=UTF-8">

</head>

<body style="margin:0px 0px 0px 0px;overflow:auto;background:#FFFFFF;">

<table style="font-family:Arial,Verdana,Times;font-size:12px;text-align:left;width:100%;border-collapse:collapse;padding:3px 3px 3px 3px">

<tr style="text-align:center;font-weight:bold;background:#9CBCE2">

<td>Hatay Erzin Merkez Sulama Kooperatifi</td>

</tr>

<tr>

<td>

<table style="font-family:Arial,Verdana,Times;font-size:12px;text-align:left;width:100%;border-spacing:0px; padding:3px 3px 3px 3px">

<tr>

<td>SHAPE</td>

<td>Polygon</td>

</tr>

<tr bgcolor="#D4E4F3">

<td>Adı</td>

<td>Hatay Erzin Merkez Sulama Kooperatifi</td>

</tr>

<tr>

<td>SHAPE_Length</td>

<td>63726.370231</td>

</tr>

<tr bgcolor="#D4E4F3">

<td>SHAPE_Area</td>

<td>44308421.789192</td>

</tr>

</table>

</td>

</tr>

</table>

</body>

</html>]]></description>
			<styleUrl>#PolyStyle90100</styleUrl>
			<MultiGeometry>
				<Polygon>
					<outerBoundaryIs>
						<LinearRing>
							<coordinates>
								36.22721100753261,36.94583555077607,0 36.22759535589519,36.94575704272668,0 36.22773889912886,36.9463756889056,0 36.22787041143052,36.94786894703141,0 36.22793636177431,36.94912224343634,0 36.22800555267884,36.950286205073,0 36.22821883804337,36.95157274649216,0 36.22872287471247,36.95405822604891,0 36.22918187925618,36.95573795242316,0 36.22881877599993,36.95653417283565,0 36.22799202821385,36.95782622298402,0 36.22657046104823,36.95913416813391,0 36.22488152044902,36.96064446830711,0 36.22305165684853,36.96194281825896,0 36.2213482197667,36.96282684873531,0 36.21978559431361,36.96392277980461,0 36.21713698664413,36.9652614532737,0 36.21429187862098,36.9668934875455,0 36.21238855378,36.96816013721462,0 36.21088034388482,36.9697936868859,0 36.2089223677059,36.97153584929987,0 36.20948896564777,36.97229426576807,0 36.21083060227574,36.97319011708952,0 36.21205005775992,36.97438111758387,0 36.21255785565152,36.97573420852098,0 36.21245008641439,36.97766890366316,0 36.21213280694152,36.98025435060968,0 36.21179563880943,36.98134915451122,0 36.21041468730886,36.98152531220183,0 36.20858941140941,36.98166119532426,0 36.20790605475323,36.98206236127582,0 36.20705896973362,36.98287691571898,0 36.20586145594002,36.98413026227112,0 36.20519555885872,36.98506828390136,0 36.20395864210167,36.98536697190821,0 36.20243458433619,36.98539064437335,0 36.20141163405864,36.98593277877561,0 36.19973144473965,36.98616135526064,0 36.19805561769821,36.98627079815213,0 36.19739726119046,36.98700032903238,0 36.19475275943086,36.99021618258623,0 36.19261581614254,36.99275851110755,0 36.19026366212553,36.99508707566969,0 36.18804358508861,36.99685246057074,0 36.18627878575163,36.99836037426488,0 36.18355744787284,36.9996494167975,0 36.18119216407452,37.00026620719346,0 36.17798286106849,37.00063693462906,0 36.17474412660897,37.0007982512487,0 36.16979098605523,37.00109739686455,0 36.16621699411192,37.0012802814669,0 36.16360714600305,37.00151592344928,0 36.15984639591039,37.00172395133088,0 36.155823534734,37.00198517965725,0 36.14939974219325,37.00186075271667,0 36.14435630373192,37.00159040518768,0 36.14050536800292,37.00122939046908,0 36.13723145190642,37.00034572910259,0 36.1349598490409,36.99963782026634,0 36.13259504287711,36.99814752327436,0 36.13100754317443,36.99688721417654,0 36.12862232214862,36.99411743371925,0 36.12711916890176,36.99160739798261,0 36.12631126736334,36.98938241749946,0 36.12576995621559,36.98698507413387,0 36.12557292607062,36.98531134044395,0 36.12529258647174,36.9828905155949,0 36.12516407918397,36.98038396183274,0 36.12521366287534,36.97850142389272,0 36.12534637751596,36.97781798162454,0 36.12585876025602,36.97715327626197,0 36.12676590637782,36.97642183529031,0 36.12798973935411,36.97580296094028,0 36.12985340858226,36.97523770342253,0 36.13121899383611,36.97487852981977,0 36.13463860097564,36.97382866541848,0 36.13756675332272,36.97300526774214,0 36.14135730372778,36.97196415662884,0 36.14530398854937,36.97071805700711,0 36.15059426947755,36.96929548116341,0 36.15513331726123,36.96809307804476,0 36.15727180253295,36.96751847302915,0 36.15953154864702,36.96667850441656,0 36.16395678487005,36.96553263854354,0 36.16662127607672,36.96479161527966,0 36.17179507314047,36.96348450709622,0 36.17573097324264,36.96250534791595,0 36.17977919904948,36.96149892171005,0 36.18322155269075,36.96080581052355,0 36.18603852920015,36.95994874975398,0 36.18795395117344,36.95936829170805,0 36.19035719309419,36.95865033677001,0 36.19238496363917,36.9580426617666,0 36.19459494960712,36.95752867114422,0 36.19647205628618,36.95697696944007,0 36.19744988845906,36.9566424280281,0 36.19840480063061,36.95591989269312,0 36.19858596584491,36.95503006528421,0 36.19840911032079,36.95438412180398,0 36.19802324347672,36.95356435578559,0 36.19757452675466,36.95283847486481,0 36.19649902656802,36.95138250209715,0 36.19536245662521,36.94997276148028,0 36.19515297994003,36.94920484139492,0 36.19379476310134,36.94736067786127,0 36.19215454112155,36.94429980515392,0 36.19093923956483,36.94200597863725,0 36.19023220021943,36.94204884691116,0 36.18909738172876,36.94261804155509,0 36.18729040291973,36.94329050888089,0 36.18540700473967,36.9440207414488,0 36.18305665123181,36.94432261232538,0 36.18141225032561,36.94461140295454,0 36.18023059240573,36.94443431281342,0 36.1796207928575,36.9438535563056,0 36.17948997735121,36.94337359351508,0 36.17983703805459,36.94302420115278,0 36.18032589637758,36.94285699753976,0 36.18136572637898,36.94285189712389,0 36.18251245926587,36.94296853950195,0 36.1839320421745,36.94273400481785,0 36.18527084601741,36.94267635764987,0 36.18677775999636,36.94208621843647,0 36.18798459014412,36.94157836043137,0 36.18875061947362,36.94094083338626,0 36.18870598606345,36.94013508289971,0 36.18833721099578,36.94006673916152,0 36.18740761049652,36.94010431755509,0 36.1865467230915,36.94029253414493,0 36.18594331718741,36.94054645820597,0 36.18547952444126,36.94104211808718,0 36.18482585476847,36.94165248554155,0 36.18418643100996,36.9418757415018,0 36.18332332407864,36.94212348921259,0 36.18292293385127,36.94190536094984,0 36.18300919618523,36.94157957179088,0 36.18354062026506,36.94126434778859,0 36.18411023229,36.94092022401859,0 36.18412777813111,36.94044378516743,0 36.18357681587667,36.94028169314709,0 36.18282720822523,36.94047252434627,0 36.18207320745992,36.94078246014626,0 36.18116532609732,36.94123775302555,0 36.18023680848428,36.94124549708968,0 36.17991831332488,36.94082068087773,0 36.18015736504477,36.94037931016937,0 36.18073686659407,36.93976720778944,0 36.18156944406075,36.93933993284267,0 36.18252207576582,36.9386770746372,0 36.18322689247286,36.93869380604092,0 36.18422847398841,36.9387175750355,0 36.18541224830467,36.93883506721915,0 36.18719503667599,36.93881772974122,0 36.18822933931873,36.93896145444469,0 36.18919602294739,36.93892474766536,0 36.18986812724695,36.93882145080402,0 36.19069955206071,36.93842388759188,0 36.19093744066339,36.93801226967997,0 36.18957585144939,36.93768199744385,0 36.18853389812454,36.93774672794796,0 36.18760761134441,36.93769497648877,0 36.18683518328765,36.93749784772112,0 36.18703270800067,36.93717469155784,0 36.18752370453902,36.93694790083347,0 36.18882968911166,36.9367702196969,0 36.18958143594117,36.93651979401779,0 36.19012264515698,36.93593653926658,0 36.19014671475905,36.93528143189814,0 36.1899394673888,36.93485927655841,0 36.18945505707679,36.93490741265993,0 36.18880585177493,36.9353986949221,0 36.1882286384503,36.93595128704996,0 36.18674047963667,36.93603523297169,0 36.18532979667103,36.93603158724758,0 36.18469042228188,36.93625484905049,0 36.18313245599025,36.93621787955842,0 36.18198143221648,36.93622035683993,0 36.18126456709758,36.93653117017039,0 36.17993026348138,36.93646966719828,0 36.1793694549111,36.9365755522107,0 36.17909112054042,36.93707559478209,0 36.17888697225579,36.93757740017911,0 36.17855835141802,36.93843388600502,0 36.17788074466602,36.9386860046641,0 36.17778374524669,36.93829625353867,0 36.17795190672015,36.93776379198224,0 36.17818986003292,36.93735220240678,0 36.17771751823229,36.93707273942674,0 36.17670826836815,36.93725735721807,0 36.17638431125334,36.93698141904904,0 36.17687863305716,36.93666534189945,0 36.17736635638763,36.93652792615959,0 36.17789446786333,36.93630205945616,0 36.17827859546835,36.93595355233808,0 36.17888528350706,36.93561033472045,0 36.17965022483087,36.9350026439374,0 36.18051545551458,36.93469536598492,0 36.18174942108819,36.93445644455345,0 36.18319935905917,36.93440145718687,0 36.18461001018357,36.9344051269854,0 36.18539007194741,36.93439382634043,0 36.18570873571386,36.93380531375754,0 36.18532043466039,36.93325964237896,0 36.18432769234769,36.93299766668461,0 36.18188395500796,36.9328204498649,0 36.18027689282916,36.93311011533376,0 36.17799116148635,36.93368165811253,0 36.17706575929759,36.93461335921243,0 36.17585237919621,36.93529977165856,0 36.17508080760467,36.9360860998628,0 36.17431692076686,36.93666398098616,0 36.17304470683084,36.93693171607703,0 36.17211954831337,36.93685006731702,0 36.17176512351801,36.93639457055403,0 36.17178604696142,36.93582880590817,0 36.17248015960401,36.93513006441174,0 36.17302698708619,36.93439800770418,0 36.17274455155829,36.93400383543632,0 36.17166885457306,36.93397820417737,0 36.17117342935642,36.93432403668747,0 36.17054284754032,36.93430900422097,0 36.17033130618264,36.93400592677222,0 36.17008708083544,36.93358285610388,0 36.16965849742833,36.93312558499247,0 36.169210460213,36.93219099529475,0 36.16819944658868,36.9314217916136,0 36.16736839467146,36.93080589273129,0 36.16635700309055,36.93104997819889,0 36.16626406619724,36.9315544162466,0 36.16654204663884,36.93206771037357,0 36.16707636578015,36.93267653317918,0 36.16731505725787,36.93324849354605,0 36.16784057010987,36.93409552974666,0 36.16841310996235,36.93467545467024,0 36.16902164847861,36.9352860399507,0 36.16914467118419,36.9359744518751,0 36.169088838564,36.93647977623179,0 36.16844721463953,36.93676250240942,0 36.16765720766389,36.93704168369032,0 36.16656823421138,36.93737332852037,0 36.16496765435165,36.93748411892951,0 36.16450088524137,36.93705572061985,0 36.16400475613038,36.93641799567148,0 36.16328938712687,36.9356856193421,0 36.16271577603111,36.93513544709887,0 36.16184101041363,36.93469728364939,0 36.1605355127058,36.93386136685171,0 36.16015071460071,36.93322629013144,0 36.16052716344851,36.93308628109311,0 36.16138580992815,36.93295780533433,0 36.16205678358165,36.93288444226852,0 36.16288054182706,36.9326955146367,0 36.16348284973688,36.93247148611646,0 36.16387143619512,36.93200391964716,0 36.16367096993816,36.93140306210729,0 36.16274257910158,36.93141067418416,0 36.16199412251907,36.93157159853966,0 36.1611377028928,36.93164052566937,0 36.16074627655577,36.93118411217841,0 36.16023694974981,36.93090369630234,0 36.15927036942546,36.93094017076899,0 36.15845325928937,36.93095041287631,0 36.15820579216658,36.93061665211971,0 36.15833476360814,36.93014288741033,0 36.15893595676469,36.92994865753855,0 36.1593201329479,36.92960021381232,0 36.15929852401653,36.92918245019758,0 36.1588622888687,36.92893358234478,0 36.15742573527415,36.92863095425638,0 36.15714118877706,36.92829630240451,0 36.15682951561374,36.92769277034024,0 36.15666620369541,36.92709279279908,0 36.15650400086906,36.92646303740044,0 36.15636393657749,36.92523774695799,0 36.15610597261168,36.92418845026177,0 36.15616630356539,36.92356402718727,0 36.15614082779594,36.92225207087916,0 36.15634286192625,36.92180986261279,0 36.15659029468466,36.92214362613395,0 36.15721081269313,36.92242671991467,0 36.15784682100116,36.92229293483673,0 36.15797024811374,36.92196805460601,0 36.15757999327018,36.92148185607395,0 36.15699878028846,36.92114009912871,0 36.15626148270844,36.92100322315316,0 36.15609375933217,36.92052235136431,0 36.15618453125959,36.92007747726899,0 36.15639651758432,36.91936727624996,0 36.15704135040465,36.91899527972056,0 36.15812124671078,36.91890192708996,0 36.15925430737102,36.91937610067158,0 36.16039401378067,36.91967160248545,0 36.16082467914468,36.92006934857542,0 36.1614374644732,36.92056085793368,0 36.16152994463827,36.92106972674993,0 36.16180896359787,36.92155325285466,0 36.16182175054372,36.92220923165417,0 36.16142326316695,36.9229447860677,0 36.16125060813655,36.92359633046063,0 36.1619104533785,36.92382073399991,0 36.16218221679359,36.92349939518821,0 36.16257076170992,36.92303183076468,0 36.16327542111164,36.92304867446549,0 36.16397014844105,36.92333350699796,0 36.16502582713723,36.92389518806152,0 36.16593427316636,36.92442354011156,0 36.16580094669045,36.92501642400746,0 36.16582700404023,36.92531508001245,0 36.16621733111512,36.92580125328377,0 36.16622684517269,36.92654656484707,0 36.1660913099821,36.92719900288993,0 36.16559039054188,36.92769369742334,0 36.1649377939498,36.92827417756698,0 36.16479893395251,36.92901594437105,0 36.16516100822851,36.92926301933772,0 36.16561161089037,36.92912476564094,0 36.16621498602359,36.92887094367394,0 36.16707909053549,36.92859353896462,0 36.1679310635833,36.92864367551618,0 36.16852450813085,36.92865783503938,0 36.16912566685812,36.928463551878,0 36.16915211345051,36.92774890132883,0 36.16888514886316,36.92693784276917,0 36.16854731757719,36.92603568193068,0 36.16904490150316,36.92563030486662,0 36.16975289358035,36.92555777976466,0 36.17115896730251,36.92568071130275,0 36.17233700826736,36.92594720987642,0 36.17363842714039,36.92588879908796,0 36.17453516499545,36.92573132960488,0 36.17555965672123,36.92512984182772,0 36.17572779854632,36.92459738091926,0 36.1754868671608,36.92408498981575,0 36.17478658798148,36.92394910903999,0 36.1738964712395,36.92392791787571,0 36.17284920133742,36.92414140423897,0 36.17140056020986,36.9241664958664,0 36.16987664034968,36.92421957727168,0 36.16855248771559,36.92388996245396,0 36.16764954005089,36.92321274355987,0 36.16704220527414,36.92257237760075,0 36.16532006457663,36.9219649968633,0 36.16455999903386,36.92144018442629,0 36.16414144567179,36.9207149036819,0 36.16445358463882,36.92030511455979,0 36.16512996055776,36.92008284395695,0 36.16584672625561,36.9197721236487,0 36.16656459004729,36.91943162169127,0 36.16639790635319,36.9189209846789,0 36.16554824886084,36.9188112884535,0 36.16454694390092,36.91878737290508,0 36.16331760783078,36.91890701542623,0 36.16168695708599,36.91883822991255,0 36.16162604026107,36.91847913365142,0 36.16182140559307,36.91821557492978,0 36.16249335280337,36.9181124267505,0 36.16339332600356,36.91786570740784,0 36.16447651233608,36.91768296480706,0 36.16555969299171,36.91750021206273,0 36.16720355060257,36.91721161799246,0 36.16850371886021,36.91718303357693,0 36.16930526471047,36.91758959621841,0 36.17072956008332,36.91821962328951,0 36.17141877198619,36.9186532977437,0 36.17162401035731,36.91812172651358,0 36.17168090549839,36.91758662019245,0 36.17205615636097,36.91747634731542,0 36.17316870693151,36.91750284852601,0 36.17431944243178,36.9175004448616,0 36.17578965963219,36.91789307721003,0 36.17640252966916,36.91838451363588,0 36.17697392876534,36.91899417460062,0 36.17751044735955,36.91954339563061,0 36.17802745761517,36.91961529566215,0 36.1779675613078,36.91922642628894,0 36.17794475129112,36.91883843953139,0 36.17792413768817,36.91839089709512,0 36.17840954367866,36.91831302645026,0 36.17959299135009,36.91843056338436,0 36.18037288743223,36.91841928885052,0 36.18060527560071,36.91815657741034,0 36.18032504981657,36.91770286826053,0 36.17925286756154,36.91758798300565,0 36.17766918512265,36.91725230343996,0 36.17739227389237,36.91670925601447,0 36.17640197160795,36.91638766791952,0 36.17548365008056,36.91612739149738,0 36.17444528607367,36.91610267837702,0 36.17299459673103,36.91618735051831,0 36.17170544851953,36.91591821262887,0 36.17078384735694,36.91574723234619,0 36.16956007350645,36.91571805708163,0 36.16860800649443,36.91536751381424,0 36.16704828230577,36.91538990549776,0 36.16586270347719,36.91533180032288,0 36.16463011602885,36.91554079017138,0 36.16212562984131,36.91601739970044,0 36.1602786858039,36.91677791889117,0 36.15866858661442,36.91715663381181,0 36.15775695976123,36.91671756194916,0 36.15777907766015,36.91612202452588,0 36.15813384158992,36.91556425506383,0 36.15874597277489,36.9150722528231,0 36.15914333290236,36.91436648279141,0 36.15942501768101,36.91377715660046,0 36.15970780284074,36.91315805346759,0 36.15974316232968,36.91220519137093,0 36.15970104214007,36.91133988630501,0 36.15925213419606,36.91043504260154,0 36.15892111054967,36.90935419935479,0 36.15942083730817,36.90888930440512,0 36.16066721478786,36.90930656724238,0 36.16168891178545,36.90977805198279,0 36.16243670470298,36.91063042433628,0 36.16224974154552,36.91166907409123,0 36.16290286718964,36.91207212948246,0 36.16390628960784,36.91203650108053,0 36.16484216630325,36.91182043126283,0 36.16569946269025,36.91172169050532,0 36.16692978259052,36.91157224008521,0 36.16735311195401,36.9111650946686,0 36.16695623346393,36.91085758886341,0 36.16617972446022,36.91077944699662,0 36.16507830761287,36.910455113587,0 36.16416009916569,36.91019475389068,0 36.16351470556964,36.9095832663362,0 36.16293355219793,36.90924154061156,0 36.16232304919485,36.90869048661993,0 36.16163729055902,36.90816743453421,0 36.16159183601376,36.90739145895576,0 36.16161833266407,36.90667681053826,0 36.16176268913831,36.90578616038907,0 36.16220587767837,36.90484304701243,0 36.16264684767338,36.90395948460412,0 36.16375079316907,36.90321097542392,0 36.16467994457823,36.90317356468987,0 36.1648891804374,36.90353620237656,0 36.16498056801581,36.90407484700134,0 36.16462811697664,36.904573088052,0 36.16430281384459,36.90534020650752,0 36.16417172380465,36.90587353693662,0 36.16434829610832,36.90611618239738,0 36.16487402204992,36.90594991872179,0 36.16580871748727,36.90576361400607,0 36.16620997481871,36.9059520140008,0 36.16634506598955,36.90631288018903,0 36.16629365823024,36.90669909791776,0 36.16601095266223,36.90731822061588,0 36.16581122195488,36.90770089694671,0 36.16614384028889,36.90773864128288,0 36.16655612990816,36.90762926914981,0 36.16734472770136,36.90737985845873,0 36.16824015329569,36.90725220465244,0 36.16848759777678,36.90758594520302,0 36.16824308771703,36.90817618193431,0 36.16766374726372,36.90878823204927,0 36.16786529829727,36.90935930647165,0 36.16853275531268,36.90937522901503,0 36.16909888074044,36.90912050014551,0 36.1701110713045,36.90884659973371,0 36.17149296262333,36.90861130364856,0 36.17219309490155,36.90874719796716,0 36.17236199997771,36.90919827373447,0 36.17266823342589,36.90995065507025,0 36.17248141045132,36.91098932610769,0 36.17273108478482,36.91126350435488,0 36.17306482292699,36.9112714527751,0 36.17344114121124,36.91113139674724,0 36.17397128272354,36.91084598424915,0 36.17468353063038,36.91065431425574,0 36.17600968700058,36.91092429889302,0 36.17665088569399,36.91104883110837,0 36.17763843595036,36.91164454244007,0 36.17928041192803,36.91220811359843,0 36.1805141058153,36.91257122209487,0 36.18262026728746,36.91343188559842,0 36.18416644179037,36.91337320285358,0 36.18548104015195,36.91331377724197,0 36.18752285125697,36.9130188350676,0 36.18833640005624,36.9131811648175,0 36.1893520071109,36.91366299956665,0 36.19016609207313,36.91381102483834,0 36.19040169308479,36.91370215514587,0 36.19045145965546,36.91331707851111,0 36.19038554520006,36.9126860670434,0 36.19037985140488,36.91187050596821,0 36.19068668016933,36.91127692778299,0 36.19132933292087,36.91071312073503,0 36.19245848700061,36.91068590730066,0 36.19379171139077,36.91060298643328,0 36.19488271829975,36.9106478463685,0 36.19577479301034,36.91028743701876,0 36.19612450185107,36.90981884017166,0 36.19613078531893,36.90899879198209,0 36.19629202439587,36.90848759348635,0 36.19678062343876,36.90811764582121,0 36.19772641618603,36.90823534727325,0 36.19902333479421,36.90914337556283,0 36.19973115194899,36.90992304815023,0 36.20031265210224,36.91090955556102,0 36.2007603123851,36.91129924570859,0 36.20165822344111,36.91232181925214,0 36.20223812210362,36.91351571349921,0 36.20335075080467,36.91475792225833,0 36.20442858804505,36.91589677616275,0 36.20531916032731,36.91671648564728,0 36.20642482576257,36.91733858631297,0 36.20746334735908,36.9181736834243,0 36.20779460383672,36.91886100026234,0 36.20784838415213,36.91938031789488,0 36.20757613152019,36.91979169672684,0 36.20584956883128,36.9231606042334,0 36.20415955494718,36.92715025874743,0 36.20296411706234,36.92979249718351,0 36.20199112729073,36.9320346355972,0 36.20105120651455,36.93337151599896,0 36.19997421188754,36.93439519704105,0 36.20083485551231,36.93603681443905,0 36.20179942222168,36.93808620347287,0 36.20189689846215,36.9382413721296,0 36.20252918586845,36.9392478657743,0 36.20295086559173,36.94071221988172,0 36.20319884703532,36.94205326370295,0 36.20382389064529,36.94283096492947,0 36.20595727182036,36.94297658517471,0 36.20800945660367,36.94290567134589,0 36.21053389284275,36.94291735217855,0 36.21267771754685,36.9427769828361,0 36.21519243479654,36.94223994968023,0 36.21764169324748,36.94186822761908,0 36.21981949506961,36.94160931000366,0 36.22136884100117,36.94147869626561,0 36.22277524032706,36.94201232007535,0 36.22415284641694,36.94252141137379,0 36.22542818085329,36.94257507870212,0 36.2258978597581,36.94272911664163,0 36.22612232852507,36.94309200858378,0 36.22592783041093,36.94354047923691,0 36.22540339508949,36.94407660710947,0 36.22514693618356,36.94459515543496,0 36.22509650486206,36.94516620713262,0 36.22584916892049,36.94570835067794,0 36.22721100753261,36.94583555077607,0 
							</coordinates>
						</LinearRing>
					</outerBoundaryIs>
				</Polygon>
			</MultiGeometry>
		</Placemark>
		<Placemark id="ID_90005">
			<name>Yeşilkent Sulama Kooperatifi</name>
			<Snippet maxLines="0"></Snippet>
			<description><![CDATA[<html xmlns:fo="http://www.w3.org/1999/XSL/Format" xmlns:msxsl="urn:schemas-microsoft-com:xslt">

<head>

<META http-equiv="Content-Type" content="text/html">

<meta http-equiv="content-type" content="text/html; charset=UTF-8">

</head>

<body style="margin:0px 0px 0px 0px;overflow:auto;background:#FFFFFF;">

<table style="font-family:Arial,Verdana,Times;font-size:12px;text-align:left;width:100%;border-collapse:collapse;padding:3px 3px 3px 3px">

<tr style="text-align:center;font-weight:bold;background:#9CBCE2">

<td>Yeşilkent Sulama Kooperatifi</td>

</tr>

<tr>

<td>

<table style="font-family:Arial,Verdana,Times;font-size:12px;text-align:left;width:100%;border-spacing:0px; padding:3px 3px 3px 3px">

<tr>

<td>SHAPE</td>

<td>Polygon</td>

</tr>

<tr bgcolor="#D4E4F3">

<td>Adı</td>

<td>Yeşilkent Sulama Kooperatifi</td>

</tr>

<tr>

<td>SHAPE_Length</td>

<td>50557.699128</td>

</tr>

<tr bgcolor="#D4E4F3">

<td>SHAPE_Area</td>

<td>40162266.211015</td>

</tr>

</table>

</td>

</tr>

</table>

</body>

</html>]]></description>
			<styleUrl>#PolyStyle90100</styleUrl>
			<MultiGeometry>
				<Polygon>
					<outerBoundaryIs>
						<LinearRing>
							<coordinates>
								36.14426223590168,36.92819108836908,0 36.14438331718107,36.92876622375486,0 36.14480302747356,36.92961557950823,0 36.14496589897845,36.93034431142778,0 36.14446126215429,36.93113328033856,0 36.1439141186611,36.9317877047014,0 36.1432114746932,36.93215227424169,0 36.1421800452959,36.93241355112366,0 36.14137365248826,36.93237505654784,0 36.14060097390079,36.93207033159298,0 36.1397067598219,36.93183896879644,0 36.13852127748976,36.93177224347648,0 36.13736524237134,36.93155362429988,0 36.13674876765517,36.93151967840534,0 36.13645587002637,36.93109298314401,0 36.13658292543124,36.93023771854295,0 36.13664019106963,36.92934262225086,0 36.13686004882207,36.92854681793827,0 36.13690447112989,36.92799474381768,0 36.1366906413561,36.92736014228792,0 36.1361539708448,36.92709923157311,0 36.13515098019347,36.92850557501136,0 36.13462680379227,36.92917958510336,0 36.1337694079098,36.92923517749298,0 36.13326844480757,36.92802141593906,0 36.13300200535441,36.92688961406649,0 36.13277304522482,36.92602575304424,0 36.13265062764967,36.92548872353017,0 36.13251518943583,36.9246652699066,0 36.13278737466946,36.92310777769817,0 36.13315608641225,36.92214391017411,0 36.13325870791207,36.92130713177392,0 36.13352032905767,36.92066493418434,0 36.13401429392827,36.92016186456064,0 36.13461407674484,36.92000467993289,0 36.13534770299126,36.92007961045593,0 36.13574120148449,36.92035614342017,0 36.13615273172727,36.92078570179555,0 36.13620895727767,36.92118761304157,0 36.13602212765962,36.92173625204924,0 36.13631071197766,36.92227728800532,0 36.13728690962151,36.92285398365429,0 36.13843925076372,36.92316788287414,0 36.13910170614408,36.92324107479382,0 36.13969509393365,36.92325537657112,0 36.14018333811457,36.92290473566789,0 36.14009742773219,36.9220252594757,0 36.13904765428966,36.9208745914891,0 36.13858200648575,36.91998596132883,0 36.1384889892521,36.91929705303007,0 36.13873965208931,36.9183112456354,0 36.13910755042998,36.91736641186175,0 36.13915123119966,36.9168333912298,0 36.13888281673424,36.9163882186698,0 36.13837137140972,36.91608977836361,0 36.1377557328838,36.91603678581829,0 36.13701052797845,36.9156373329358,0 36.13577264478447,36.91507339531819,0 36.1344498398974,36.91424035933596,0 36.13364061037419,36.91364859902745,0 36.13279838129972,36.91330399933338,0 36.13151310502484,36.91273887351729,0 36.13072407487196,36.91224295343069,0 36.13014649679766,36.91180936179593,0 36.13011832487839,36.91129368230148,0 36.1297377552858,36.91067411166963,0 36.12959164507907,36.91013650591526,0 36.12982594903696,36.90958902539425,0 36.13026525403982,36.90927538834184,0 36.13088154496396,36.90930936023767,0 36.13182364476437,36.90952286767406,0 36.13202008918723,36.90998539085113,0 36.13199367028692,36.91069049145115,0 36.13197653320691,36.91114785407071,0 36.13234410103631,36.91148099298935,0 36.13306176255902,36.9113457359578,0 36.13335778291508,36.91041825816079,0 36.13422281632831,36.9101530344385,0 36.13510463644288,36.91070839381482,0 36.13579376306829,36.91133539282637,0 36.13678122940936,36.91160717909104,0 36.13785486370924,36.91148047883007,0 36.13862189617588,36.91065971267218,0 36.13948454852974,36.90982217110607,0 36.14065853437559,36.90891582612893,0 36.14117539168809,36.90843234935396,0 36.14208784015453,36.90816820908731,0 36.14297228414412,36.9080178328494,0 36.14388925623483,36.90826878769282,0 36.1450013342821,36.90902035518095,0 36.1453462110693,36.90996328024429,0 36.14637221186221,36.91111332146061,0 36.14665515266421,36.91180679003646,0 36.1471640552634,36.91281087502032,0 36.14692346931116,36.91352990815363,0 36.14666269652071,36.91415308453362,0 36.14600769759819,36.91451882004802,0 36.14512389293365,36.91465015857471,0 36.14414728689125,36.91472203648785,0 36.14307717032344,36.91475350699346,0 36.14219620573235,36.91480859636399,0 36.14161807435,36.91502356402355,0 36.14093717619662,36.91544586923767,0 36.1405583940989,36.91604711410258,0 36.14045159039119,36.91699824434783,0 36.14045205919344,36.91825714326825,0 36.14096471367302,36.9197954163768,0 36.14177739841421,36.92156980280383,0 36.14266321175153,36.92265927739578,0 36.1432203061231,36.92364546418611,0 36.14361268616039,36.92458953676525,0 36.14448122384658,36.92550691658447,0 36.14537538195307,36.92573824105129,0 36.14668443853331,36.92567434951891,0 36.14700054490274,36.92484268996521,0 36.14707715426133,36.92406249392315,0 36.14666767586375,36.92357579946322,0 36.14509204605112,36.92250790993084,0 36.14422282114126,36.92160959252887,0 36.14313121055633,36.92030536024425,0 36.14238568705413,36.91927648893264,0 36.14202633115895,36.91808524506198,0 36.14210226802232,36.91732411052068,0 36.14286078165198,36.91673200187619,0 36.1440379506495,36.91637885054092,0 36.14583075564428,36.91607864018202,0 36.1480616984677,36.91613226421595,0 36.1497010405344,36.91676293854613,0 36.15078530578955,36.91762823075879,0 36.15163967235773,36.9189267007023,0 36.15188618320406,36.91996261819413,0 36.15199170729225,36.92095700353562,0 36.15118748494399,36.92213937066187,0 36.15020896783352,36.92289791756363,0 36.14947945420493,36.92398669580228,0 36.14896070536904,36.92515682855648,0 36.14863964638025,36.92612189412117,0 36.14805036698481,36.92727125322653,0 36.14744372827453,36.92824852548259,0 36.1468591086048,36.92863502785739,0 36.14623767316243,36.9287345308593,0 36.1456743770645,36.92854931777593,0 36.14546572004678,36.92841078186937,0 36.14502324731425,36.92817124969992,0 36.14462113873303,36.92812342833159,0 36.14426223590168,36.92819108836908,0 
							</coordinates>
						</LinearRing>
					</outerBoundaryIs>
				</Polygon>
				<Polygon>
					<outerBoundaryIs>
						<LinearRing>
							<coordinates>
								36.12609280037783,36.9756984839641,0 36.12515808157289,36.97605731163053,0 36.12381308375365,36.97626313124162,0 36.12228994141955,36.97646461392451,0 36.12101239324525,36.97645745672703,0 36.11980231063483,36.97623734385014,0 36.11872267788873,36.97571043790829,0 36.11756658049691,36.97484787222656,0 36.11622068109872,36.97350383729432,0 36.11522298253434,36.97238283555501,0 36.11424241455188,36.97080924003095,0 36.11271672135882,36.96950847799366,0 36.11164624167895,36.96874330994974,0 36.11024653470587,36.96804163999638,0 36.10900249386059,36.96715300968204,0 36.10841065643592,36.96630410714733,0 36.10801580383586,36.96574611188794,0 36.10763455765422,36.96502512687557,0 36.10709986366629,36.96423721689961,0 36.10568503634482,36.96315365079445,0 36.10435202299723,36.96265620012839,0 36.10328708213122,36.96214143757801,0 36.10230991591144,36.96127117619891,0 36.10141059244991,36.96030744057782,0 36.10053743240452,36.95904631009206,0 36.10030775207699,36.95834629206412,0 36.10060475355258,36.9573700596882,0 36.10141777904565,36.95649584164436,0 36.10220497646508,36.95532295965171,0 36.10243112531831,36.95425558274344,0 36.10245160013279,36.95273613947227,0 36.10206059528511,36.95129605603776,0 36.10142781824674,36.95035671320947,0 36.09966516351813,36.9498367954116,0 36.09832171337368,36.95001256840684,0 36.09756278613647,36.95044104811031,0 36.09645299592624,36.95130797799745,0 36.09488013020758,36.95165691353067,0 36.09459352493447,36.95138167094112,0 36.09447569126016,36.95057411186564,0 36.09394751621547,36.94981610789372,0 36.09322027461697,36.9494108582273,0 36.09139257551333,36.94865080410339,0 36.08937262630367,36.9480648221066,0 36.08720318841093,36.94750493929195,0 36.08565193733476,36.94728803219308,0 36.08426687121349,36.94758183459366,0 36.08288179433136,36.94787562030935,0 36.08068810741202,36.94892436615746,0 36.07922425017558,36.94933538059635,0 36.07734205835433,36.95000429660059,0 36.07623254596271,36.94988755374063,0 36.07528737937822,36.9493576149675,0 36.07444035105115,36.94820423448914,0 36.07301463246223,36.94664913959664,0 36.07199473510614,36.94516364928061,0 36.07052345529,36.9428623380472,0 36.0694985146846,36.9405422297358,0 36.06935957792048,36.93831477957513,0 36.06980123467631,36.93647792418038,0 36.07178347207235,36.93318895886868,0 36.0757555664573,36.92833965796906,0 36.07873478273339,36.92614802349446,0 36.08228448220539,36.92456639089751,0 36.08575306394026,36.92316147377728,0 36.0882388382818,36.92221872665132,0 36.08967955842738,36.92181536562183,0 36.09183172545276,36.92081905993611,0 36.0938213225447,36.91972336475843,0 36.09641070109264,36.9184706440945,0 36.09917696232308,36.91693607989703,0 36.10126200929539,36.91582351382679,0 36.10223223105554,36.91529406171845,0 36.10380151226254,36.91462662960427,0 36.10489685008717,36.91392854303814,0 36.10621367871075,36.91302603284161,0 36.10739240964671,36.91200569880979,0 36.10860779782615,36.91064291538871,0 36.10962250363272,36.90956134037513,0 36.11144760610709,36.90777466937262,0 36.11249387959484,36.90711346234099,0 36.11383782367854,36.90611615296995,0 36.11548518862271,36.90525971775831,0 36.11692976751163,36.90474166659859,0 36.11846709184925,36.90428306967716,0 36.11996991779913,36.90410972652774,0 36.12156048927692,36.90412923082388,0 36.12283255817201,36.90440803072018,0 36.12453831055391,36.90507944816665,0 36.12604783384864,36.90606905959314,0 36.12712023220047,36.90723945934921,0 36.12802368716214,36.90848205780027,0 36.12835333508665,36.90982521441108,0 36.12843638487441,36.91141036582276,0 36.12834387767526,36.91260979077076,0 36.12838661106301,36.91400322727053,0 36.1284868199383,36.91513101791111,0 36.12911859511582,36.91665314641476,0 36.13001417543232,36.91747591199614,0 36.1307882472595,36.9183720309417,0 36.13107106559984,36.91906553192,0 36.13131443636257,36.92017770639153,0 36.13118734771033,36.92103296483329,0 36.13049574177622,36.92150024869331,0 36.12980487300482,36.92139519685314,0 36.12848655825827,36.92091626355495,0 36.12661645901939,36.9203047455935,0 36.12506225113813,36.92017770017992,0 36.12388912101553,36.92077514353551,0 36.12295877444907,36.92182550553937,0 36.12238694275205,36.92321238625728,0 36.1223343044084,36.92461185411364,0 36.12249858761066,36.92616559556485,0 36.12288988522814,36.92760562795794,0 36.12396237681764,36.92968803301405,0 36.12581829710687,36.9316701918765,0 36.12731905619493,36.93322648518909,0 36.13017350271338,36.93630565584377,0 36.13160471956552,36.93774100226959,0 36.13262683632781,36.93919625088266,0 36.13368608687549,36.94065238807664,0 36.13495679177378,36.94241165269914,0 36.13594862827184,36.94368732538357,0 36.13719906119854,36.94499903146478,0 36.13893403791014,36.9462628027223,0 36.14084676894082,36.94773945441515,0 36.14262342158057,36.94888496607403,0 36.14488353787716,36.95001228196935,0 36.14657234749541,36.95052975643377,0 36.14837137191247,36.95107965917457,0 36.14948771855286,36.95101707342813,0 36.15053430450541,36.95083358919001,0 36.15122652911217,36.95019454075196,0 36.15140378248775,36.94942391443995,0 36.15099409987147,36.94846037677485,0 36.15037293394232,36.94719372824601,0 36.14934704104087,36.94582794487709,0 36.14843802785027,36.94431594592611,0 36.14801463573746,36.94272620228103,0 36.14778118058372,36.94102181065595,0 36.14753087844944,36.93937113642853,0 36.14759087474515,36.93839980296484,0 36.14763779080337,36.93714204403054,0 36.14813575685724,36.93589512498059,0 36.14885759771644,36.93501598951843,0 36.14990395803326,36.93435445720135,0 36.1511841397505,36.93379389907111,0 36.15273427163206,36.93364035918522,0 36.15380110887951,36.93370409845892,0 36.15479105977689,36.93391857689398,0 36.15559995803533,36.93452926368013,0 36.15649107217745,36.93548524791503,0 36.15704063976865,36.93668100787248,0 36.15793782961795,36.93811398056194,0 36.15811075599073,36.93857589984835,0 36.15866532550254,36.93963825384484,0 36.15922524120384,36.9411966591263,0 36.16006512689425,36.94289528199703,0 36.16063892500556,36.94472105034912,0 36.16153060897669,36.94630645763175,0 36.16247931885629,36.9469967406739,0 36.16401103052893,36.9479870632081,0 36.16644646747819,36.94896080201318,0 36.16957267518288,36.94989374801394,0 36.17181147124607,36.95040490903371,0 36.17391276375318,36.95077923534572,0 36.17580319215527,36.95107220848195,0 36.17843958077354,36.95111585418535,0 36.18055850873112,36.95101362777089,0 36.18272773156527,36.95083626156413,0 36.18539418846832,36.95070879895048,0 36.18764164393722,36.95034245528253,0 36.19026339425204,36.95013752596108,0 36.19281389974957,36.94993085287074,0 36.19464645416075,36.949859747107,0 36.19536245662521,36.94997276148028,0 36.19649902656802,36.95138250209715,0 36.19757452675466,36.95283847486481,0 36.19802324347672,36.95356435578559,0 36.19840911032079,36.95438412180398,0 36.19858596584491,36.95503006528421,0 36.19840480063061,36.95591989269312,0 36.19744988845906,36.9566424280281,0 36.19647205628618,36.95697696944007,0 36.19459494960712,36.95752867114422,0 36.19238496363917,36.9580426617666,0 36.19035719309419,36.95865033677001,0 36.18795395117344,36.95936829170805,0 36.18603852920015,36.95994874975398,0 36.18340186897898,36.96075095222402,0 36.18322155269075,36.96080581052355,0 36.17977919904948,36.96149892171005,0 36.17573097324264,36.96250534791595,0 36.17179507314047,36.96348450709622,0 36.16662127607672,36.96479161527966,0 36.16395678487005,36.96553263854354,0 36.15953154864702,36.96667850441656,0 36.15727180253295,36.96751847302915,0 36.15513331726123,36.96809307804476,0 36.1520294536582,36.96891532118966,0 36.15059426947755,36.96929548116341,0 36.14530398854937,36.97071805700711,0 36.14366897278228,36.97123430720455,0 36.14135730372778,36.97196415662884,0 36.13756675332272,36.97300526774214,0 36.13463860097564,36.97382866541848,0 36.13121899383611,36.97487852981977,0 36.12985340858226,36.97523770342253,0 36.12798973935411,36.97580296094028,0 36.12704913506931,36.97555475263471,0 36.12609280037783,36.9756984839641,0 
							</coordinates>
						</LinearRing>
					</outerBoundaryIs>
				</Polygon>
			</MultiGeometry>
		</Placemark>
		<Placemark id="ID_90006">
			<name>Tayfur Sökmen Sulama Koopeatifi</name>
			<Snippet maxLines="0"></Snippet>
			<description><![CDATA[<html xmlns:fo="http://www.w3.org/1999/XSL/Format" xmlns:msxsl="urn:schemas-microsoft-com:xslt">

<head>

<META http-equiv="Content-Type" content="text/html">

<meta http-equiv="content-type" content="text/html; charset=UTF-8">

</head>

<body style="margin:0px 0px 0px 0px;overflow:auto;background:#FFFFFF;">

<table style="font-family:Arial,Verdana,Times;font-size:12px;text-align:left;width:100%;border-collapse:collapse;padding:3px 3px 3px 3px">

<tr style="text-align:center;font-weight:bold;background:#9CBCE2">

<td>Tayfur Sökmen Sulama Koopeatifi</td>

</tr>

<tr>

<td>

<table style="font-family:Arial,Verdana,Times;font-size:12px;text-align:left;width:100%;border-spacing:0px; padding:3px 3px 3px 3px">

<tr>

<td>SHAPE</td>

<td>Polygon</td>

</tr>

<tr bgcolor="#D4E4F3">

<td>Adı</td>

<td>Tayfur Sökmen Sulama Koopeatifi</td>

</tr>

<tr>

<td>SHAPE_Length</td>

<td>16653.20167</td>

</tr>

<tr bgcolor="#D4E4F3">

<td>SHAPE_Area</td>

<td>8594011.44251</td>

</tr>

</table>

</td>

</tr>

</table>

</body>

</html>]]></description>
			<styleUrl>#PolyStyle90100</styleUrl>
			<MultiGeometry>
				<Polygon>
					<outerBoundaryIs>
						<LinearRing>
							<coordinates>
								36.28965925174909,36.30885050831168,0 36.31155215775468,36.30679852355378,0 36.32693236206247,36.30546254521251,0 36.32716111644904,36.30911602910285,0 36.33735920658956,36.30812764247784,0 36.33695494032082,36.30572214977197,0 36.34798303447246,36.30500172026717,0 36.34746722539947,36.30066228170772,0 36.3612546795808,36.3006456750716,0 36.35766114158076,36.30761266183254,0 36.35543465524148,36.31203446094697,0 36.35316011127664,36.31656245285012,0 36.34868374657174,36.31692817108522,0 36.33915556699431,36.31768205333977,0 36.32802510896648,36.31875702137122,0 36.31322379816792,36.3198915031349,0 36.30171416629235,36.32083624466428,0 36.2911861462083,36.32193328485414,0 36.28965925174909,36.30885050831168,0 
							</coordinates>
						</LinearRing>
					</outerBoundaryIs>
				</Polygon>
			</MultiGeometry>
		</Placemark>
		<Placemark id="ID_90007">
			<name>88 Evler Sulama Kooperatifi</name>
			<Snippet maxLines="0"></Snippet>
			<description><![CDATA[<html xmlns:fo="http://www.w3.org/1999/XSL/Format" xmlns:msxsl="urn:schemas-microsoft-com:xslt">

<head>

<META http-equiv="Content-Type" content="text/html">

<meta http-equiv="content-type" content="text/html; charset=UTF-8">

</head>

<body style="margin:0px 0px 0px 0px;overflow:auto;background:#FFFFFF;">

<table style="font-family:Arial,Verdana,Times;font-size:12px;text-align:left;width:100%;border-collapse:collapse;padding:3px 3px 3px 3px">

<tr style="text-align:center;font-weight:bold;background:#9CBCE2">

<td>88 Evler Sulama Kooperatifi</td>

</tr>

<tr>

<td>

<table style="font-family:Arial,Verdana,Times;font-size:12px;text-align:left;width:100%;border-spacing:0px; padding:3px 3px 3px 3px">

<tr>

<td>SHAPE</td>

<td>Polygon</td>

</tr>

<tr bgcolor="#D4E4F3">

<td>Adı</td>

<td>88 Evler Sulama Kooperatifi</td>

</tr>

<tr>

<td>SHAPE_Length</td>

<td>10649.213121</td>

</tr>

<tr bgcolor="#D4E4F3">

<td>SHAPE_Area</td>

<td>2390895.726034</td>

</tr>

</table>

</td>

</tr>

</table>

</body>

</html>]]></description>
			<styleUrl>#PolyStyle90100</styleUrl>
			<MultiGeometry>
				<Polygon>
					<outerBoundaryIs>
						<LinearRing>
							<coordinates>
								36.30641706526103,36.33990498526421,0 36.29711067545493,36.33969471205226,0 36.29639202516974,36.3280896462777,0 36.298041005496,36.32812696234278,0 36.29824312865398,36.32398245186699,0 36.29919029148518,36.3238608015023,0 36.29885048114452,36.32175472955014,0 36.3064798184487,36.32097320545959,0 36.30641706526103,36.33990498526421,0 
							</coordinates>
						</LinearRing>
					</outerBoundaryIs>
				</Polygon>
				<Polygon>
					<outerBoundaryIs>
						<LinearRing>
							<coordinates>
								36.27818979943361,36.34377592332984,0 36.27598425976346,36.34363025082111,0 36.27600385971422,36.34053083265552,0 36.27524562890194,36.34029892791146,0 36.27398425902668,36.34012707015667,0 36.27425189307978,36.33836864023108,0 36.27450040539686,36.33715821157387,0 36.27460831254613,36.3357538114909,0 36.27440263007183,36.33489069260643,0 36.27402691142866,36.3338329313085,0 36.27357568897531,36.33325034811223,0 36.27291751344205,36.33268688255174,0 36.27223821100839,36.33188447955738,0 36.27147972963365,36.33081796779028,0 36.27288438152003,36.331946926919,0 36.27505221542317,36.33316482125832,0 36.27731012148849,36.33433704029846,0 36.28394280365223,36.33768332435983,0 36.28373829558517,36.34356842940676,0 36.27999546509864,36.34355476933399,0 36.28005599612847,36.3418154529715,0 36.27811722245716,36.34162820717445,0 36.27818979943361,36.34377592332984,0 
							</coordinates>
						</LinearRing>
					</outerBoundaryIs>
				</Polygon>
			</MultiGeometry>
		</Placemark>
		<Placemark id="ID_90008">
			<name>408 Evler 2. Kısım Sulama Kooperatifi</name>
			<Snippet maxLines="0"></Snippet>
			<description><![CDATA[<html xmlns:fo="http://www.w3.org/1999/XSL/Format" xmlns:msxsl="urn:schemas-microsoft-com:xslt">

<head>

<META http-equiv="Content-Type" content="text/html">

<meta http-equiv="content-type" content="text/html; charset=UTF-8">

</head>

<body style="margin:0px 0px 0px 0px;overflow:auto;background:#FFFFFF;">

<table style="font-family:Arial,Verdana,Times;font-size:12px;text-align:left;width:100%;border-collapse:collapse;padding:3px 3px 3px 3px">

<tr style="text-align:center;font-weight:bold;background:#9CBCE2">

<td>408 Evler 2. Kısım Sulama Kooperatifi</td>

</tr>

<tr>

<td>

<table style="font-family:Arial,Verdana,Times;font-size:12px;text-align:left;width:100%;border-spacing:0px; padding:3px 3px 3px 3px">

<tr>

<td>SHAPE</td>

<td>Polygon</td>

</tr>

<tr bgcolor="#D4E4F3">

<td>Adı</td>

<td>408 Evler 2. Kısım Sulama Kooperatifi</td>

</tr>

<tr>

<td>SHAPE_Length</td>

<td>5523.476735</td>

</tr>

<tr bgcolor="#D4E4F3">

<td>SHAPE_Area</td>

<td>1431139.459563</td>

</tr>

</table>

</td>

</tr>

</table>

</body>

</html>]]></description>
			<styleUrl>#PolyStyle90100</styleUrl>
			<MultiGeometry>
				<Polygon>
					<outerBoundaryIs>
						<LinearRing>
							<coordinates>
								36.35787550127124,36.35172364478667,0 36.35733386189734,36.35335700194369,0 36.35711183356295,36.35599894437295,0 36.35713612161361,36.35789520314459,0 36.3571295217852,36.35939732582404,0 36.35705454151642,36.36161330089449,0 36.35711696573414,36.36368924399879,0 36.35682463919687,36.36579310103807,0 36.35606068442939,36.36745729364719,0 36.35611760798692,36.36838852891495,0 36.35595597990947,36.36924338762889,0 36.3554099092654,36.36969628013087,0 36.35509933558481,36.36972516769647,0 36.35401021237266,36.36923604734673,0 36.35283150466969,36.36878069863328,0 36.35165281017286,36.3683253387825,0 36.35047291841493,36.36790570861935,0 36.34951885776629,36.36734800916598,0 36.3490975519443,36.36673059560437,0 36.34882703097305,36.36558000570716,0 36.34822968313356,36.36363525663585,0 36.34786716134153,36.36258992601113,0 36.34702948563407,36.3612121235968,0 36.34587401654486,36.36007762907867,0 36.34497156146084,36.35930643251878,0 36.34469747597672,36.35826305934499,0 36.34459164122812,36.35747380578258,0 36.34523091429913,36.35687996143619,0 36.34622731495519,36.3561867464088,0 36.34681145344231,36.35591358157398,0 36.34794453303892,36.3564037414692,0 36.34918176825177,36.35643121552856,0 36.35035972620234,36.3555989229078,0 36.35086880591261,36.35493062150245,0 36.3520442993992,36.35416979305479,0 36.35291168316022,36.35336635469401,0 36.35389828900823,36.35295900274421,0 36.35543204093658,36.35206300510575,0 36.3558514765791,36.35142846416321,0 36.3565656824966,36.35122966666805,0 36.3571999788815,36.35077871877863,0 36.35782580797329,36.35057795753212,0 36.35830095757387,36.35091038522253,0 36.35787550127124,36.35172364478667,0 
							</coordinates>
						</LinearRing>
					</outerBoundaryIs>
				</Polygon>
			</MultiGeometry>
		</Placemark>
		<Placemark id="ID_90009">
			<name>408 Evler 1. Kısım Sulama Kooperatifi</name>
			<Snippet maxLines="0"></Snippet>
			<description><![CDATA[<html xmlns:fo="http://www.w3.org/1999/XSL/Format" xmlns:msxsl="urn:schemas-microsoft-com:xslt">

<head>

<META http-equiv="Content-Type" content="text/html">

<meta http-equiv="content-type" content="text/html; charset=UTF-8">

</head>

<body style="margin:0px 0px 0px 0px;overflow:auto;background:#FFFFFF;">

<table style="font-family:Arial,Verdana,Times;font-size:12px;text-align:left;width:100%;border-collapse:collapse;padding:3px 3px 3px 3px">

<tr style="text-align:center;font-weight:bold;background:#9CBCE2">

<td>408 Evler 1. Kısım Sulama Kooperatifi</td>

</tr>

<tr>

<td>

<table style="font-family:Arial,Verdana,Times;font-size:12px;text-align:left;width:100%;border-spacing:0px; padding:3px 3px 3px 3px">

<tr>

<td>SHAPE</td>

<td>Polygon</td>

</tr>

<tr bgcolor="#D4E4F3">

<td>Adı</td>

<td>408 Evler 1. Kısım Sulama Kooperatifi</td>

</tr>

<tr>

<td>SHAPE_Length</td>

<td>16126.232404</td>

</tr>

<tr bgcolor="#D4E4F3">

<td>SHAPE_Area</td>

<td>10266364.647725</td>

</tr>

</table>

</td>

</tr>

</table>

</body>

</html>]]></description>
			<styleUrl>#PolyStyle90100</styleUrl>
			<MultiGeometry>
				<Polygon>
					<outerBoundaryIs>
						<LinearRing>
							<coordinates>
								36.30728233770767,36.38531209764414,0 36.30909124504449,36.38288491503994,0 36.31327713650212,36.37822208512646,0 36.31937648661643,36.37835920869332,0 36.32573701868591,36.37462085256261,0 36.33714461691707,36.3746190452022,0 36.3413855568793,36.37631188195928,0 36.34277921117636,36.37695096972606,0 36.34519719257881,36.37868586942961,0 36.3483890364037,36.38108174103512,0 36.35003469467805,36.38211979303544,0 36.35049785817993,36.38280966895447,0 36.35043302904371,36.38341628846813,0 36.3496699581873,36.38504468154991,0 36.34923327869564,36.38617956504339,0 36.34916964947913,36.38675044152134,0 36.34981207685496,36.38737276499144,0 36.35191866715437,36.38917215666726,0 36.35446257432432,36.3911242794599,0 36.35482650624707,36.39213385297664,0 36.35511172464058,36.3928555366906,0 36.35457090066186,36.39445311645886,0 36.35416995417878,36.39583918573415,0 36.35474040637251,36.39728255466896,0 36.35661117190603,36.39821820609429,0 36.3580483425275,36.39889385538326,0 36.36307707903163,36.4006504033006,0 36.36578928803245,36.40156873457751,0 36.36615823738291,36.40243531403424,0 36.36656899521726,36.40337435117735,0 36.36676351597156,36.40416554353621,0 36.36633540779149,36.40505030059939,0 36.36614647464877,36.40540381285837,0 36.36617137538778,36.40597665283943,0 36.36625135629815,36.40622879510204,0 36.36619265454549,36.40665671757373,0 36.36634778934813,36.40730396873255,0 36.36667134486941,36.4082053123916,0 36.36673443028715,36.40895783650377,0 36.36636741122257,36.4093431866206,0 36.36679948503988,36.41096228808117,0 36.36299549359516,36.41091405719673,0 36.36225380761516,36.4066770266662,0 36.34925151448832,36.4051728139419,0 36.34654634648073,36.40665072046213,0 36.32749329333297,36.40483061062238,0 36.32815052543773,36.39468725235751,0 36.32096546128933,36.39005520853615,0 36.31594465633285,36.38683060756301,0 36.30728233770767,36.38531209764414,0 
							</coordinates>
						</LinearRing>
					</outerBoundaryIs>
				</Polygon>
			</MultiGeometry>
		</Placemark>
		<Placemark id="ID_90010">
			<name>Kazkelli Sulama Kooperatifi</name>
			<Snippet maxLines="0"></Snippet>
			<description><![CDATA[<html xmlns:fo="http://www.w3.org/1999/XSL/Format" xmlns:msxsl="urn:schemas-microsoft-com:xslt">

<head>

<META http-equiv="Content-Type" content="text/html">

<meta http-equiv="content-type" content="text/html; charset=UTF-8">

</head>

<body style="margin:0px 0px 0px 0px;overflow:auto;background:#FFFFFF;">

<table style="font-family:Arial,Verdana,Times;font-size:12px;text-align:left;width:100%;border-collapse:collapse;padding:3px 3px 3px 3px">

<tr style="text-align:center;font-weight:bold;background:#9CBCE2">

<td>Kazkelli Sulama Kooperatifi</td>

</tr>

<tr>

<td>

<table style="font-family:Arial,Verdana,Times;font-size:12px;text-align:left;width:100%;border-spacing:0px; padding:3px 3px 3px 3px">

<tr>

<td>SHAPE</td>

<td>Polygon</td>

</tr>

<tr bgcolor="#D4E4F3">

<td>Adı</td>

<td>Kazkelli Sulama Kooperatifi</td>

</tr>

<tr>

<td>SHAPE_Length</td>

<td>9639.37272</td>

</tr>

<tr bgcolor="#D4E4F3">

<td>SHAPE_Area</td>

<td>3868504.359281</td>

</tr>

</table>

</td>

</tr>

</table>

</body>

</html>]]></description>
			<styleUrl>#PolyStyle90100</styleUrl>
			<MultiGeometry>
				<Polygon>
					<outerBoundaryIs>
						<LinearRing>
							<coordinates>
								36.37875027682565,36.38832436894998,0 36.37861368537591,36.39063438877886,0 36.3780016760575,36.3921709073252,0 36.38092730081666,36.39287897109961,0 36.38231708822094,36.39453095810352,0 36.38338112202068,36.39622347980748,0 36.38440214427421,36.3983204240926,0 36.3850297345867,36.39983644790674,0 36.38783302626817,36.40068474061551,0 36.39050973062227,36.40091021427062,0 36.39403566477783,36.40043880610103,0 36.39402296190593,36.40258463432545,0 36.39387081634481,36.40360667360469,0 36.39364697026874,36.40500867609946,0 36.39289251309212,36.40728137389741,0 36.39245352682984,36.40717640017405,0 36.39159706612316,36.40720537498332,0 36.39039882852287,36.40686918661528,0 36.38805495690815,36.40638869000976,0 36.3848077019568,36.40557836264829,0 36.38071529068851,36.40446325495915,0 36.37789529586348,36.40323289895544,0 36.37565929609729,36.40218223965639,0 36.37265940514806,36.40104318879974,0 36.36713229288711,36.39875144692156,0 36.36351162516233,36.39678772767906,0 36.36099257051892,36.39539670939508,0 36.35684252923481,36.39339724226437,0 36.35554535971315,36.39251007358899,0 36.35503990983835,36.39175966560531,0 36.35485461409144,36.39113557829045,0 36.35479770492693,36.39020434550133,0 36.35492246797384,36.38913406547194,0 36.35533465821426,36.38828476330344,0 36.35625266975247,36.38730359151288,0 36.35810238836469,36.3866768733574,0 36.36000456897916,36.38624205077417,0 36.36313800389037,36.38602516600377,0 36.3674962846833,36.38621674579655,0 36.37114089916673,36.38658321615007,0 36.37560110230872,36.38725365640852,0 36.37875027682565,36.38832436894998,0 
							</coordinates>
						</LinearRing>
					</outerBoundaryIs>
				</Polygon>
			</MultiGeometry>
		</Placemark>
		<Placemark id="ID_90011">
			<name>Güventaş Sulama Kooperatifi</name>
			<Snippet maxLines="0"></Snippet>
			<description><![CDATA[<html xmlns:fo="http://www.w3.org/1999/XSL/Format" xmlns:msxsl="urn:schemas-microsoft-com:xslt">

<head>

<META http-equiv="Content-Type" content="text/html">

<meta http-equiv="content-type" content="text/html; charset=UTF-8">

</head>

<body style="margin:0px 0px 0px 0px;overflow:auto;background:#FFFFFF;">

<table style="font-family:Arial,Verdana,Times;font-size:12px;text-align:left;width:100%;border-collapse:collapse;padding:3px 3px 3px 3px">

<tr style="text-align:center;font-weight:bold;background:#9CBCE2">

<td>Güventaş Sulama Kooperatifi</td>

</tr>

<tr>

<td>

<table style="font-family:Arial,Verdana,Times;font-size:12px;text-align:left;width:100%;border-spacing:0px; padding:3px 3px 3px 3px">

<tr>

<td>SHAPE</td>

<td>Polygon</td>

</tr>

<tr bgcolor="#D4E4F3">

<td>Adı</td>

<td>Güventaş Sulama Kooperatifi</td>

</tr>

<tr>

<td>SHAPE_Length</td>

<td>6967.672593</td>

</tr>

<tr bgcolor="#D4E4F3">

<td>SHAPE_Area</td>

<td>2521896.709301</td>

</tr>

</table>

</td>

</tr>

</table>

</body>

</html>]]></description>
			<styleUrl>#PolyStyle90100</styleUrl>
			<MultiGeometry>
				<Polygon>
					<outerBoundaryIs>
						<LinearRing>
							<coordinates>
								36.39403566477783,36.40043880610103,0 36.40087208963238,36.3990975295244,0 36.40128047924522,36.40011986360481,0 36.40929238072564,36.39868446107785,0 36.4103673072726,36.40073467399412,0 36.41231544507588,36.40202882960742,0 36.41347475693021,36.40265010255374,0 36.41696661971099,36.40409685896455,0 36.41786806987484,36.40471250889951,0 36.41756053451855,36.4084317503192,0 36.41814455915468,36.40972609440136,0 36.41460494890479,36.41304747522771,0 36.41018848855816,36.41611126092005,0 36.40894936559769,36.41566706258394,0 36.40807976882461,36.41520107138869,0 36.40692032149615,36.4145797404955,0 36.40610246672213,36.41366775442729,0 36.40533634990516,36.41230978187537,0 36.40460000392489,36.41005823992223,0 36.40369349393762,36.40848855437361,0 36.40285986368631,36.40805311620294,0 36.40172550328448,36.40778996758375,0 36.39966696812369,36.4075960958669,0 36.39722604648574,36.40781114805864,0 36.39623114611661,36.40778944523847,0 36.39395154256106,36.40759065147309,0 36.39289251309212,36.40728137389741,0 36.39364697026874,36.40500867609946,0 36.39402296190593,36.40258463432545,0 36.39403566477783,36.40043880610103,0 
							</coordinates>
						</LinearRing>
					</outerBoundaryIs>
				</Polygon>
			</MultiGeometry>
		</Placemark>
		<Placemark id="ID_90012">
			<name>Kangallar Sulama Kooperatifi</name>
			<Snippet maxLines="0"></Snippet>
			<description><![CDATA[<html xmlns:fo="http://www.w3.org/1999/XSL/Format" xmlns:msxsl="urn:schemas-microsoft-com:xslt">

<head>

<META http-equiv="Content-Type" content="text/html">

<meta http-equiv="content-type" content="text/html; charset=UTF-8">

</head>

<body style="margin:0px 0px 0px 0px;overflow:auto;background:#FFFFFF;">

<table style="font-family:Arial,Verdana,Times;font-size:12px;text-align:left;width:100%;border-collapse:collapse;padding:3px 3px 3px 3px">

<tr style="text-align:center;font-weight:bold;background:#9CBCE2">

<td>Kangallar Sulama Kooperatifi</td>

</tr>

<tr>

<td>

<table style="font-family:Arial,Verdana,Times;font-size:12px;text-align:left;width:100%;border-spacing:0px; padding:3px 3px 3px 3px">

<tr>

<td>SHAPE</td>

<td>Polygon</td>

</tr>

<tr bgcolor="#D4E4F3">

<td>Adı</td>

<td>Kangallar Sulama Kooperatifi</td>

</tr>

<tr>

<td>SHAPE_Length</td>

<td>5684.677572</td>

</tr>

<tr bgcolor="#D4E4F3">

<td>SHAPE_Area</td>

<td>1990936.848093</td>

</tr>

</table>

</td>

</tr>

</table>

</body>

</html>]]></description>
			<styleUrl>#PolyStyle90100</styleUrl>
			<MultiGeometry>
				<Polygon>
					<outerBoundaryIs>
						<LinearRing>
							<coordinates>
								36.41814455915468,36.40972609440136,0 36.41975017491973,36.41023773567912,0 36.42197931310244,36.41085224874501,0 36.42439077424442,36.41153026937233,0 36.42561911065394,36.4123019543576,0 36.4277579500927,36.41342113489232,0 36.42997350281258,36.41445250933588,0 36.43410309914815,36.41671730351473,0 36.43511951398233,36.41945161400872,0 36.41793586960109,36.42382035001438,0 36.41461396531549,36.42055906077294,0 36.41318228775914,36.41924632788065,0 36.41018848855816,36.41611126092005,0 36.41460494890479,36.41304747522771,0 36.41814455915468,36.40972609440136,0 
							</coordinates>
						</LinearRing>
					</outerBoundaryIs>
				</Polygon>
			</MultiGeometry>
		</Placemark>
		<Placemark id="ID_90013">
			<name>Ceylanlı Sulama Kooperatifi</name>
			<Snippet maxLines="0"></Snippet>
			<description><![CDATA[<html xmlns:fo="http://www.w3.org/1999/XSL/Format" xmlns:msxsl="urn:schemas-microsoft-com:xslt">

<head>

<META http-equiv="Content-Type" content="text/html">

<meta http-equiv="content-type" content="text/html; charset=UTF-8">

</head>

<body style="margin:0px 0px 0px 0px;overflow:auto;background:#FFFFFF;">

<table style="font-family:Arial,Verdana,Times;font-size:12px;text-align:left;width:100%;border-collapse:collapse;padding:3px 3px 3px 3px">

<tr style="text-align:center;font-weight:bold;background:#9CBCE2">

<td>Ceylanlı Sulama Kooperatifi</td>

</tr>

<tr>

<td>

<table style="font-family:Arial,Verdana,Times;font-size:12px;text-align:left;width:100%;border-spacing:0px; padding:3px 3px 3px 3px">

<tr>

<td>SHAPE</td>

<td>Polygon</td>

</tr>

<tr bgcolor="#D4E4F3">

<td>Adı</td>

<td>Ceylanlı Sulama Kooperatifi</td>

</tr>

<tr>

<td>SHAPE_Length</td>

<td>6689.334924</td>

</tr>

<tr bgcolor="#D4E4F3">

<td>SHAPE_Area</td>

<td>2184326.184256</td>

</tr>

</table>

</td>

</tr>

</table>

</body>

</html>]]></description>
			<styleUrl>#PolyStyle90100</styleUrl>
			<MultiGeometry>
				<Polygon>
					<outerBoundaryIs>
						<LinearRing>
							<coordinates>
								36.43058716583079,36.45995538196047,0 36.43060326685689,36.44963056261115,0 36.4351470962899,36.44968065587578,0 36.43512511609711,36.45034786276218,0 36.45096745356692,36.45059206249688,0 36.45099118530592,36.45257176956653,0 36.45383174484644,36.45597084451057,0 36.45418770565626,36.45862532212701,0 36.45334587864551,36.46089654533115,0 36.45045567191068,36.46081095499373,0 36.45039215313457,36.4600465338639,0 36.43481653216022,36.4597125767539,0 36.43477613003456,36.46183397069753,0 36.43058716583079,36.45995538196047,0 
							</coordinates>
						</LinearRing>
					</outerBoundaryIs>
				</Polygon>
			</MultiGeometry>
		</Placemark>
		<Placemark id="ID_90014">
			<name>Kumlu Sulama Kooperatifi</name>
			<Snippet maxLines="0"></Snippet>
			<description><![CDATA[<html xmlns:fo="http://www.w3.org/1999/XSL/Format" xmlns:msxsl="urn:schemas-microsoft-com:xslt">

<head>

<META http-equiv="Content-Type" content="text/html">

<meta http-equiv="content-type" content="text/html; charset=UTF-8">

</head>

<body style="margin:0px 0px 0px 0px;overflow:auto;background:#FFFFFF;">

<table style="font-family:Arial,Verdana,Times;font-size:12px;text-align:left;width:100%;border-collapse:collapse;padding:3px 3px 3px 3px">

<tr style="text-align:center;font-weight:bold;background:#9CBCE2">

<td>Kumlu Sulama Kooperatifi</td>

</tr>

<tr>

<td>

<table style="font-family:Arial,Verdana,Times;font-size:12px;text-align:left;width:100%;border-spacing:0px; padding:3px 3px 3px 3px">

<tr>

<td>SHAPE</td>

<td>Polygon</td>

</tr>

<tr bgcolor="#D4E4F3">

<td>Adı</td>

<td>Kumlu Sulama Kooperatifi</td>

</tr>

<tr>

<td>SHAPE_Length</td>

<td>11091.594991</td>

</tr>

<tr bgcolor="#D4E4F3">

<td>SHAPE_Area</td>

<td>5363737.665797</td>

</tr>

</table>

</td>

</tr>

</table>

</body>

</html>]]></description>
			<styleUrl>#PolyStyle90100</styleUrl>
			<MultiGeometry>
				<Polygon>
					<outerBoundaryIs>
						<LinearRing>
							<coordinates>
								36.44475803578574,36.35490275239707,0 36.4459615626492,36.3552861914967,0 36.44717094175236,36.35549089821834,0 36.44812158051009,36.35571987113908,0 36.44887545451516,36.35633213080607,0 36.44897509603808,36.35779483175937,0 36.44916200945305,36.35884208968512,0 36.44950401698646,36.35965420040911,0 36.44963868236172,36.36004457457018,0 36.45108941496662,36.36076112693002,0 36.45173384672301,36.36134122636167,0 36.45109988847729,36.36269884306075,0 36.44910211978792,36.36518982046481,0 36.44763250679237,36.36730455600843,0 36.44929947016639,36.36817479169155,0 36.4527323475042,36.37027499504706,0 36.45486757649012,36.37148302793579,0 36.45612857785976,36.37237432230525,0 36.45813791787681,36.37292384868014,0 36.45919058011199,36.37342317772983,0 36.45863708333344,36.37570657965462,0 36.4570260214845,36.37650688572825,0 36.4546510949151,36.37699280981079,0 36.45220635915234,36.3773579651222,0 36.44999623851275,36.37731077711691,0 36.44732382314629,36.37674693735318,0 36.4264964644253,36.36783448861135,0 36.43055277929752,36.36216902138993,0 36.42203687028765,36.36001817044865,0 36.42604827771296,36.35011922366722,0 36.42718137342381,36.34927922511815,0 36.42841902585803,36.34862031269228,0 36.43685898621926,36.35193155410993,0 36.44475803578574,36.35490275239707,0 
							</coordinates>
						</LinearRing>
					</outerBoundaryIs>
				</Polygon>
			</MultiGeometry>
		</Placemark>
		<Placemark id="ID_90015">
			<name>Uzunkavak Sulama Kooperatifi</name>
			<Snippet maxLines="0"></Snippet>
			<description><![CDATA[<html xmlns:fo="http://www.w3.org/1999/XSL/Format" xmlns:msxsl="urn:schemas-microsoft-com:xslt">

<head>

<META http-equiv="Content-Type" content="text/html">

<meta http-equiv="content-type" content="text/html; charset=UTF-8">

</head>

<body style="margin:0px 0px 0px 0px;overflow:auto;background:#FFFFFF;">

<table style="font-family:Arial,Verdana,Times;font-size:12px;text-align:left;width:100%;border-collapse:collapse;padding:3px 3px 3px 3px">

<tr style="text-align:center;font-weight:bold;background:#9CBCE2">

<td>Uzunkavak Sulama Kooperatifi</td>

</tr>

<tr>

<td>

<table style="font-family:Arial,Verdana,Times;font-size:12px;text-align:left;width:100%;border-spacing:0px; padding:3px 3px 3px 3px">

<tr>

<td>SHAPE</td>

<td>Polygon</td>

</tr>

<tr bgcolor="#D4E4F3">

<td>Adı</td>

<td>Uzunkavak Sulama Kooperatifi</td>

</tr>

<tr>

<td>SHAPE_Length</td>

<td>5927.228992</td>

</tr>

<tr bgcolor="#D4E4F3">

<td>SHAPE_Area</td>

<td>2218091.569659</td>

</tr>

</table>

</td>

</tr>

</table>

</body>

</html>]]></description>
			<styleUrl>#PolyStyle90100</styleUrl>
			<MultiGeometry>
				<Polygon>
					<outerBoundaryIs>
						<LinearRing>
							<coordinates>
								36.46500500966419,36.35554295203674,0 36.46488884234271,36.35653367839053,0 36.46459044039122,36.35755272671847,0 36.46381058976855,36.35887154973612,0 36.4626384150106,36.3604681836003,0 36.46229188031149,36.36115235750991,0 36.46254078525074,36.36165841583357,0 36.46309830569137,36.36264795389602,0 36.46315573558152,36.36360301860312,0 36.46228968448371,36.36394230671725,0 36.46142130252609,36.36435307701484,0 36.46033426689298,36.36514072757426,0 36.45921076325609,36.36523605517,0 36.45806942787097,36.36497330097946,0 36.45681800523099,36.36446973021839,0 36.45569066340777,36.36377802216239,0 36.45481923495905,36.36247176208244,0 36.45427963636425,36.36184025975511,0 36.45317560107015,36.36133979507303,0 36.45225457151187,36.36065245601346,0 36.45077465206941,36.35902318275704,0 36.45025766477723,36.35770061079447,0 36.45039976307393,36.35705026245954,0 36.45030203907766,36.35552798870792,0 36.45085851415549,36.35315526093192,0 36.45164851569506,36.35040001449914,0 36.45276506725725,36.34666807376762,0 36.45229901820267,36.34627063248957,0 36.45243278339574,36.34555810308436,0 36.45277775854591,36.34514815437846,0 36.45393568161541,36.34466611607007,0 36.45644623294675,36.34451095976974,0 36.45867191834174,36.34518430478132,0 36.46119710010814,36.34684763019575,0 36.46219327464876,36.34794188116371,0 36.46296854132236,36.34903143209513,0 36.46320115675496,36.34981137369054,0 36.4641489723525,36.35126227534563,0 36.46465493110252,36.35270378841646,0 36.4649070003134,36.35402067877545,0 36.46500500966419,36.35554295203674,0 
							</coordinates>
						</LinearRing>
					</outerBoundaryIs>
				</Polygon>
			</MultiGeometry>
		</Placemark>
		<Placemark id="ID_90016">
			<name>Gölsuyu Sulama Kooperatifi</name>
			<Snippet maxLines="0"></Snippet>
			<description><![CDATA[<html xmlns:fo="http://www.w3.org/1999/XSL/Format" xmlns:msxsl="urn:schemas-microsoft-com:xslt">

<head>

<META http-equiv="Content-Type" content="text/html">

<meta http-equiv="content-type" content="text/html; charset=UTF-8">

</head>

<body style="margin:0px 0px 0px 0px;overflow:auto;background:#FFFFFF;">

<table style="font-family:Arial,Verdana,Times;font-size:12px;text-align:left;width:100%;border-collapse:collapse;padding:3px 3px 3px 3px">

<tr style="text-align:center;font-weight:bold;background:#9CBCE2">

<td>Gölsuyu Sulama Kooperatifi</td>

</tr>

<tr>

<td>

<table style="font-family:Arial,Verdana,Times;font-size:12px;text-align:left;width:100%;border-spacing:0px; padding:3px 3px 3px 3px">

<tr>

<td>SHAPE</td>

<td>Polygon</td>

</tr>

<tr bgcolor="#D4E4F3">

<td>Adı</td>

<td>Gölsuyu Sulama Kooperatifi</td>

</tr>

<tr>

<td>SHAPE_Length</td>

<td>3074.610316</td>

</tr>

<tr bgcolor="#D4E4F3">

<td>SHAPE_Area</td>

<td>582816.487315</td>

</tr>

</table>

</td>

</tr>

</table>

</body>

</html>]]></description>
			<styleUrl>#PolyStyle90100</styleUrl>
			<MultiGeometry>
				<Polygon>
					<outerBoundaryIs>
						<LinearRing>
							<coordinates>
								36.54679883016998,36.27261054232531,0 36.54574080642455,36.27254112771987,0 36.54491718850606,36.26498860074296,0 36.54591625288698,36.26505681043971,0 36.55290976695078,36.26553404442969,0 36.55356650113363,36.2727969513485,0 36.54679883016998,36.27261054232531,0 
							</coordinates>
						</LinearRing>
					</outerBoundaryIs>
				</Polygon>
			</MultiGeometry>
		</Placemark>
		<Placemark id="ID_90017">
			<name>Bakmita Sulama Kooperatifi</name>
			<Snippet maxLines="0"></Snippet>
			<description><![CDATA[<html xmlns:fo="http://www.w3.org/1999/XSL/Format" xmlns:msxsl="urn:schemas-microsoft-com:xslt">

<head>

<META http-equiv="Content-Type" content="text/html">

<meta http-equiv="content-type" content="text/html; charset=UTF-8">

</head>

<body style="margin:0px 0px 0px 0px;overflow:auto;background:#FFFFFF;">

<table style="font-family:Arial,Verdana,Times;font-size:12px;text-align:left;width:100%;border-collapse:collapse;padding:3px 3px 3px 3px">

<tr style="text-align:center;font-weight:bold;background:#9CBCE2">

<td>Bakmita Sulama Kooperatifi</td>

</tr>

<tr>

<td>

<table style="font-family:Arial,Verdana,Times;font-size:12px;text-align:left;width:100%;border-spacing:0px; padding:3px 3px 3px 3px">

<tr>

<td>SHAPE</td>

<td>Polygon</td>

</tr>

<tr bgcolor="#D4E4F3">

<td>Adı</td>

<td>Bakmita Sulama Kooperatifi</td>

</tr>

<tr>

<td>SHAPE_Length</td>

<td>6783.150754</td>

</tr>

<tr bgcolor="#D4E4F3">

<td>SHAPE_Area</td>

<td>1213772.308628</td>

</tr>

</table>

</td>

</tr>

</table>

</body>

</html>]]></description>
			<styleUrl>#PolyStyle90100</styleUrl>
			<MultiGeometry>
				<Polygon>
					<outerBoundaryIs>
						<LinearRing>
							<coordinates>
								36.57241349584648,36.24334856495656,0 36.57533925579561,36.24455498071491,0 36.57581375584147,36.24229912564474,0 36.57688208268805,36.2422611636581,0 36.57389270974671,36.2342117547279,0 36.57392586206927,36.2331393053324,0 36.57437724234747,36.23282056500842,0 36.57712586650196,36.2331743786734,0 36.58074417527611,36.23396305493284,0 36.58332660341052,36.24210543133795,0 36.58167318617021,36.24226277763209,0 36.58018599624216,36.24275732495345,0 36.57922836031702,36.24326257729501,0 36.57890914711782,36.24406691635404,0 36.57808534117569,36.24595800205239,0 36.57755866140676,36.24775971271361,0 36.57773811660229,36.24961599047848,0 36.57788079356289,36.25067558711375,0 36.57867566519554,36.25124971066676,0 36.58105976805331,36.25318189587716,0 36.58004316583639,36.25463984274766,0 36.57058079761004,36.2483430754579,0 36.57083620211173,36.2467505105119,0 36.57147923630796,36.24499888882036,0 36.57241349584648,36.24334856495656,0 
							</coordinates>
						</LinearRing>
					</outerBoundaryIs>
				</Polygon>
			</MultiGeometry>
		</Placemark>
		<Placemark id="ID_90018">
			<name>Nurdağ Sulama Kooperatifi</name>
			<Snippet maxLines="0"></Snippet>
			<description><![CDATA[<html xmlns:fo="http://www.w3.org/1999/XSL/Format" xmlns:msxsl="urn:schemas-microsoft-com:xslt">

<head>

<META http-equiv="Content-Type" content="text/html">

<meta http-equiv="content-type" content="text/html; charset=UTF-8">

</head>

<body style="margin:0px 0px 0px 0px;overflow:auto;background:#FFFFFF;">

<table style="font-family:Arial,Verdana,Times;font-size:12px;text-align:left;width:100%;border-collapse:collapse;padding:3px 3px 3px 3px">

<tr style="text-align:center;font-weight:bold;background:#9CBCE2">

<td>Nurdağ Sulama Kooperatifi</td>

</tr>

<tr>

<td>

<table style="font-family:Arial,Verdana,Times;font-size:12px;text-align:left;width:100%;border-spacing:0px; padding:3px 3px 3px 3px">

<tr>

<td>SHAPE</td>

<td>Polygon</td>

</tr>

<tr bgcolor="#D4E4F3">

<td>Adı</td>

<td>Nurdağ Sulama Kooperatifi</td>

</tr>

<tr>

<td>SHAPE_Length</td>

<td>22912.287241</td>

</tr>

<tr bgcolor="#D4E4F3">

<td>SHAPE_Area</td>

<td>17490811.53748</td>

</tr>

</table>

</td>

</tr>

</table>

</body>

</html>]]></description>
			<styleUrl>#PolyStyle90100</styleUrl>
			<MultiGeometry>
				<Polygon>
					<outerBoundaryIs>
						<LinearRing>
							<coordinates>
								36.27914782732277,37.08814840785083,0 36.30380450878482,37.10537816460654,0 36.30709389004645,37.10747961830162,0 36.31064864174992,37.10965853546441,0 36.31510303714543,37.11250149911709,0 36.31735911341745,37.11353016488739,0 36.31962903319234,37.11501211756159,0 36.3211670716617,37.11614367947098,0 36.32383266244381,37.11823057406769,0 36.32656628452688,37.12008051582627,0 36.32953219042394,37.12210253363832,0 36.33083752907123,37.12308567022441,0 36.33236168448559,37.12465410291744,0 36.33419261578797,37.12590316156229,0 36.33470476505343,37.12658228958613,0 36.33557563908008,37.12722179816286,0 36.33722984040429,37.12845114258614,0 36.33894360532995,37.1296818026034,0 36.34061515553378,37.1312691362275,0 36.34207848312222,37.13285177604596,0 36.34286997114708,37.13406168353475,0 36.34299682307497,37.1355427960483,0 36.34199732227678,37.13602107530128,0 36.34112768574001,37.13619230196289,0 36.3400970285694,37.13585920362089,0 36.33910114703178,37.135383819946,0 36.33830772916986,37.13507987796244,0 36.33676705789806,37.13485450472939,0 36.33415348597394,37.13465265655344,0 36.33230104466864,37.13482553838764,0 36.33114388627558,37.1347041009541,0 36.32967743752541,37.13490948024958,0 36.32901860273326,37.13501384089787,0 36.32830108993829,37.13509303178677,0 36.32730989749259,37.13533294337636,0 36.32566237031521,37.13560571610577,0 36.32473403462576,37.13575165377544,0 36.32322651799031,37.13543148128197,0 36.32244997218135,37.1346509576916,0 36.32164704796836,37.13377446071353,0 36.32090449400645,37.13287548134539,0 36.31983549101476,37.13194526831524,0 36.31901243874589,37.13164052808907,0 36.31770994889258,37.13142029896468,0 36.31683779658088,37.13166281856016,0 36.31596395491285,37.13195297931107,0 36.31524309445791,37.13212738730211,0 36.31423394636965,37.13203298158639,0 36.31219012315154,37.13172435264139,0 36.3095843538603,37.13130755501804,0 36.30826565929942,37.13070536897863,0 36.30684402370123,37.12964781452332,0 36.30650049483035,37.12925851766026,0 36.30534601357345,37.12906536225072,0 36.30480621931803,37.12917229616723,0 36.30454366808204,37.12985776410944,0 36.30415532836909,37.13073111119753,0 36.30374145434652,37.13148466139683,0 36.30318641175227,37.13202041118361,0 36.30192316668296,37.1323731293886,0 36.3003725237359,37.13243317127137,0 36.29928599689671,37.13200307593561,0 36.29814505930516,37.13142867420222,0 36.2972940497425,37.13107546085398,0 36.2962364665246,37.13066984175195,0 36.295292820405,37.13040987131267,0 36.29422761869198,37.13021864511255,0 36.29240156528672,37.12965238006224,0 36.29123096525571,37.12907723400672,0 36.28961578685073,37.12844421954233,0 36.28840781896786,37.12808277632223,0 36.28628518958897,37.12748578580298,0 36.28496420572596,37.12695481941864,0 36.28247779465904,37.12654016491524,0 36.27936150205284,37.12625405076057,0 36.27751602826495,37.12623549417637,0 36.27507637312787,37.12617940001751,0 36.27260697342074,37.12612257073837,0 36.27020393405021,37.12587647800591,0 36.26834843357882,37.12530916645203,0 36.26756070111841,37.12464721914225,0 36.26657132688236,37.12421909839108,0 36.26542819707985,37.12371586282964,0 36.26442868628786,37.12335898853624,0 36.26239822953913,37.12269217494385,0 36.26069248010951,37.12210436360079,0 36.26020305809762,37.12164003599689,0 36.26027372732225,37.1213317164065,0 36.26079235509583,37.12098607010896,0 36.26110101582311,37.12068325266365,0 36.26106127200267,37.12013395334219,0 36.26062706144115,37.11979011720845,0 36.25995056920003,37.11955988822859,0 36.25894426418903,37.1193935533583,0 36.25778578206165,37.11931905750463,0 36.25674199692853,37.11936642034245,0 36.25516531538134,37.11932989950686,0 36.25403831173645,37.11920841096927,0 36.2533747649165,37.11862080675834,0 36.25322297463852,37.11787816721067,0 36.25344929692584,37.1173827201698,0 36.25391876371069,37.11674985270257,0 36.25454040279157,37.11602513985632,0 36.25521205656173,37.1155638515939,0 36.25606906775727,37.11491611086237,0 36.25754042790531,37.11456869829004,0 36.25930924355708,37.11422814783833,0 36.26035639339275,37.11408546969199,0 36.26167126098713,37.11394896950829,0 36.26289431041733,37.11388186117797,0 36.26424063335234,37.11369837436001,0 36.26520538986414,37.11336300817089,0 36.26658830248434,37.11298959763268,0 36.26815995764495,37.11233440944564,0 36.27004102879006,37.11135253336684,0 36.27095650546046,37.11072987085035,0 36.27230037565708,37.1097832677744,0 36.27377430263798,37.10852968505932,0 36.27507810430955,37.10786823827532,0 36.27549367659679,37.10790163852371,0 36.27590156329882,37.10814944486376,0 36.27639612719528,37.10847077047499,0 36.27706916551126,37.10879619595012,0 36.2776385889093,37.10869006738798,0 36.27795737111924,37.10810132262184,0 36.27759287530426,37.10747303640613,0 36.27728702079242,37.10686993911321,0 36.27668372859728,37.1062600057601,0 36.27581958380959,37.10545332937274,0 36.27430708159226,37.10446483486958,0 36.27329512077759,37.10363089682186,0 36.27252197897749,37.10277860660652,0 36.27204371138183,37.10200462892355,0 36.27190543989755,37.10088083579201,0 36.27238233946238,37.10003347694117,0 36.27294861794374,37.09835367520196,0 36.27315798677537,37.09666565798235,0 36.27302739301034,37.09532745747941,0 36.27244045980159,37.09426486705765,0 36.27179662838474,37.09312943573296,0 36.27150112872391,37.09224044990366,0 36.27161684057412,37.09150398830207,0 36.27225843301068,37.09104190311894,0 36.27285148557859,37.09110323881441,0 36.27358554203618,37.09138240042152,0 36.27455324278522,37.09178614551297,0 36.27540199941962,37.0921871480681,0 36.27628391780775,37.09249353622028,0 36.27687869234769,37.09250720574124,0 36.27760180319033,37.09226155017191,0 36.2780632320421,37.09184297963333,0 36.27835048800156,37.09130119289584,0 36.27858423192989,37.09059127649551,0 36.27858518303236,37.08973295699799,0 36.27849692277886,37.08887258863717,0 36.27872128017307,37.08842472770871,0 36.27914782732277,37.08814840785083,0 
							</coordinates>
						</LinearRing>
					</outerBoundaryIs>
				</Polygon>
			</MultiGeometry>
		</Placemark>
		<Placemark id="ID_90019">
			<name>Akyar Sulama Kooperatifi</name>
			<Snippet maxLines="0"></Snippet>
			<description><![CDATA[<html xmlns:fo="http://www.w3.org/1999/XSL/Format" xmlns:msxsl="urn:schemas-microsoft-com:xslt">

<head>

<META http-equiv="Content-Type" content="text/html">

<meta http-equiv="content-type" content="text/html; charset=UTF-8">

</head>

<body style="margin:0px 0px 0px 0px;overflow:auto;background:#FFFFFF;">

<table style="font-family:Arial,Verdana,Times;font-size:12px;text-align:left;width:100%;border-collapse:collapse;padding:3px 3px 3px 3px">

<tr style="text-align:center;font-weight:bold;background:#9CBCE2">

<td>Akyar Sulama Kooperatifi</td>

</tr>

<tr>

<td>

<table style="font-family:Arial,Verdana,Times;font-size:12px;text-align:left;width:100%;border-spacing:0px; padding:3px 3px 3px 3px">

<tr>

<td>SHAPE</td>

<td>Polygon</td>

</tr>

<tr bgcolor="#D4E4F3">

<td>Adı</td>

<td>Akyar Sulama Kooperatifi</td>

</tr>

<tr>

<td>SHAPE_Length</td>

<td>8995.275273</td>

</tr>

<tr bgcolor="#D4E4F3">

<td>SHAPE_Area</td>

<td>3890829.921787</td>

</tr>

</table>

</td>

</tr>

</table>

</body>

</html>]]></description>
			<styleUrl>#PolyStyle90100</styleUrl>
			<MultiGeometry>
				<Polygon>
					<outerBoundaryIs>
						<LinearRing>
							<coordinates>
								36.23814355067506,37.0491501223398,0 36.23561726058173,37.04991142817885,0 36.23244063146269,37.05088638722246,0 36.23041819514568,37.05087730154702,0 36.22894540617668,37.05080473524492,0 36.22769027184899,37.05129039008163,0 36.22584086429016,37.0524106452075,0 36.22413267985385,37.0535723261298,0 36.22209085631332,37.05474523651161,0 36.22038604191906,37.05581156919833,0 36.21872525765461,37.05697428018243,0 36.21685668068594,37.05796042098338,0 36.21340936858926,37.05721183776162,0 36.21079018431239,37.05659708920631,0 36.20820951909024,37.05623115178526,0 36.20462180642776,37.05607030267012,0 36.2018460706822,37.055833145741,0 36.20168456137584,37.05504729925368,0 36.20168249420674,37.0544559564831,0 36.20185317228583,37.05369702584028,0 36.20216090633326,37.05309392120102,0 36.20246373568129,37.05262421796139,0 36.20320504288067,37.05187875030995,0 36.20403164655941,37.05140232495417,0 36.20501838115474,37.0511013360355,0 36.20569950999381,37.05069776569797,0 36.206634472373,37.04986146957023,0 36.20856658227387,37.04843828047311,0 36.21039444455543,37.04726056862948,0 36.21150271686801,37.04623756954056,0 36.21354368652572,37.0444353743716,0 36.21465257166058,37.04339328396665,0 36.21582926581357,37.04244814584447,0 36.21723670795097,37.0416991527695,0 36.22136142302532,37.04147163871434,0 36.22594355767096,37.04175061252996,0 36.22901596968553,37.04166987066032,0 36.2324673822754,37.04163604568911,0 36.23976264148006,37.04190149133144,0 36.24139686836438,37.04211119708348,0 36.24195089816779,37.04258186825317,0 36.24216725733236,37.04317820189833,0 36.24194462912298,37.04406951019083,0 36.24194387723595,37.04540468719419,0 36.24188591099095,37.04700557077985,0 36.24177041394944,37.04822363172556,0 36.24147436067324,37.04917045315759,0 36.24063872269316,37.04924637574113,0 36.23925967268831,37.0492142681037,0 36.23814355067506,37.0491501223398,0 
							</coordinates>
						</LinearRing>
					</outerBoundaryIs>
				</Polygon>
			</MultiGeometry>
		</Placemark>
		<Placemark id="ID_90020">
			<name>Haruniye Sulama Kooperatifi</name>
			<Snippet maxLines="0"></Snippet>
			<description><![CDATA[<html xmlns:fo="http://www.w3.org/1999/XSL/Format" xmlns:msxsl="urn:schemas-microsoft-com:xslt">

<head>

<META http-equiv="Content-Type" content="text/html">

<meta http-equiv="content-type" content="text/html; charset=UTF-8">

</head>

<body style="margin:0px 0px 0px 0px;overflow:auto;background:#FFFFFF;">

<table style="font-family:Arial,Verdana,Times;font-size:12px;text-align:left;width:100%;border-collapse:collapse;padding:3px 3px 3px 3px">

<tr style="text-align:center;font-weight:bold;background:#9CBCE2">

<td>Haruniye Sulama Kooperatifi</td>

</tr>

<tr>

<td>

<table style="font-family:Arial,Verdana,Times;font-size:12px;text-align:left;width:100%;border-spacing:0px; padding:3px 3px 3px 3px">

<tr>

<td>SHAPE</td>

<td>Polygon</td>

</tr>

<tr bgcolor="#D4E4F3">

<td>Adı</td>

<td>Haruniye Sulama Kooperatifi</td>

</tr>

<tr>

<td>SHAPE_Length</td>

<td>24640.159745</td>

</tr>

<tr bgcolor="#D4E4F3">

<td>SHAPE_Area</td>

<td>30026772.016226</td>

</tr>

</table>

</td>

</tr>

</table>

</body>

</html>]]></description>
			<styleUrl>#PolyStyle90100</styleUrl>
			<MultiGeometry>
				<Polygon>
					<outerBoundaryIs>
						<LinearRing>
							<coordinates>
								36.38686363475141,37.27864783250777,0 36.38591877403626,37.27922302627587,0 36.38454081695087,37.28024164947327,0 36.3833649268998,37.28145546785449,0 36.38281926261561,37.28256400558578,0 36.3821824798468,37.28371820956033,0 36.38131217574188,37.28558252250083,0 36.37973115902689,37.28728802893103,0 36.37873481469989,37.28848193196938,0 36.37793141316153,37.28927477685603,0 36.37658132501574,37.29034160358552,0 36.37568345606182,37.29127539371996,0 36.3751433995218,37.29221711691844,0 36.37456025784633,37.29268102800548,0 36.37384044165145,37.29278426115766,0 36.37341965041529,37.29287028843863,0 36.37309824158018,37.29353074446669,0 36.37260619711303,37.29394898316053,0 36.37112509898938,37.29448829678459,0 36.36945011343754,37.29545244606908,0 36.36825305382517,37.29640336409446,0 36.36727459247002,37.29793135840098,0 36.36670622141447,37.29882472395141,0 36.36620994904595,37.29936205356182,0 36.36554138932817,37.29970480248898,0 36.36458291714595,37.29980266142423,0 36.36392599557476,37.29981186337206,0 36.36307363514655,37.29943522375199,0 36.36251249982703,37.29883856713333,0 36.36225798995328,37.29758115487861,0 36.36157074777854,37.29589684354801,0 36.36104304321237,37.29391805535279,0 36.3607223497663,37.29242073671069,0 36.36078215143988,37.29156373704639,0 36.36061006398926,37.29051082197733,0 36.36061355757793,37.28955719476889,0 36.3606178842034,37.2885797446545,0 36.3605079366335,37.28745668713383,0 36.36047911425576,37.2865738670603,0 36.36045862036249,37.28545280631468,0 36.36039748289413,37.28464079264295,0 36.36057253576602,37.28304724219784,0 36.36077239871298,37.28159730017715,0 36.36087781454159,37.2802883067852,0 36.36095507542832,37.2789309993725,0 36.36148369467805,37.27746454665236,0 36.36179029041852,37.2763746220821,0 36.36213334360475,37.2750947689913,0 36.3626875620585,37.27374809360537,0 36.36305540753399,37.27261184457731,0 36.36335031730388,37.27185545225774,0 36.36370982938892,37.27095744192009,0 36.36435507945078,37.26956509995882,0 36.36500196590306,37.26812510555158,0 36.36627241122434,37.26591217938324,0 36.36721323014655,37.26373958936534,0 36.36840981531039,37.26193032009805,0 36.36936954564626,37.26006808640282,0 36.37050060231797,37.25842423593333,0 36.37141965816622,37.25687103437264,0 36.37245375249826,37.25543959348354,0 36.37370140472309,37.25386982746513,0 36.3751700361959,37.2519473061827,0 36.37657815834172,37.25004726674747,0 36.37716755438454,37.24939273358904,0 36.37863187708852,37.24758928403315,0 36.38003570004872,37.24580831863914,0 36.38163310690889,37.2436024460756,0 36.38296811511768,37.24208219135504,0 36.3842989482085,37.24068104261551,0 36.3858077023212,37.23930765095918,0 36.38717828050091,37.23847957538559,0 36.38917870700141,37.23754616697791,0 36.39087946187847,37.23665380233034,0 36.39282020001952,37.23571901361071,0 36.39462421225607,37.23442353741085,0 36.39627180013395,37.233339178317,0 36.39828590943955,37.23200058074965,0 36.39992929968003,37.23103529049462,0 36.40199469681151,37.22993618431677,0 36.40409636715552,37.22864709141991,0 36.40613102867376,37.22757107908269,0 36.40786687301274,37.22651232911814,0 36.40954960482011,37.22526164573726,0 36.41171549666836,37.22383075964457,0 36.4131748977421,37.22300431485954,0 36.41465836466278,37.2223452773455,0 36.41589695780336,37.22187162048576,0 36.41716451527942,37.22142242519642,0 36.41830557560971,37.22118504558276,0 36.41983068368795,37.22105140036521,0 36.42113425216235,37.22129439788989,0 36.42264070004313,37.22170870147625,0 36.42389260453377,37.22259430955467,0 36.42475154674305,37.22363825761389,0 36.42505962643103,37.22509939239681,0 36.4252009101374,37.22708144745333,0 36.42514984034713,37.22858245509163,0 36.42524329608008,37.23197021290741,0 36.4255400601886,37.23376490362713,0 36.42588446886249,37.23503608144763,0 36.42631909443409,37.23628537658642,0 36.42653479236358,37.23695767489541,0 36.42712230400773,37.2389732711808,0 36.42808834175997,37.24125936677553,0 36.42896988788413,37.2434005597151,0 36.42973793959781,37.24537238000757,0 36.43114322570765,37.24702422677598,0 36.43251714980672,37.24872306338794,0 36.43353983434732,37.25110571794457,0 36.43451832935736,37.25303438523143,0 36.43575947123227,37.25513563989384,0 36.43660753056787,37.25739526771007,0 36.43723171144917,37.25922086554697,0 36.43769402778008,37.26054224889364,0 36.43789130851464,37.26176251951724,0 36.43771157244218,37.26266466426864,0 36.43680831630208,37.26378956802003,0 36.43597516260191,37.26460602261382,0 36.43358606130812,37.26643782514634,0 36.43280598935704,37.26744615279887,0 36.43163510731945,37.26854136297788,0 36.43086616779164,37.27009830752077,0 36.43023589289853,37.27108602587975,0 36.42948959228136,37.27197584790964,0 36.42824780306769,37.27252109178541,0 36.42722361375651,37.27280878186051,0 36.42524052355555,37.27321865558125,0 36.42329128944483,37.27351001715248,0 36.42250476440265,37.27382668560099,0 36.4221307442343,37.27429539494433,0 36.42142551543311,37.27485225732768,0 36.42012969156051,37.27522933509682,0 36.4187170421777,37.2755323206046,0 36.41757596747845,37.27574584642968,0 36.41692087258035,37.2757077014495,0 36.41642462723453,37.27538690645414,0 36.41592675514967,37.27511375998916,0 36.41527900444374,37.27486117946239,0 36.41435396628096,37.27486480725717,0 36.41265214303689,37.27489912715813,0 36.4105513093977,37.27525849061482,0 36.40866079035876,37.2755747375051,0 36.40752214403018,37.27571668943442,0 36.40593137887816,37.27599177492721,0 36.40482744796134,37.27599140579474,0 36.4027976502629,37.27601838770868,0 36.40181379580588,37.27599678317494,0 36.39996534317818,37.27595617071852,0 36.39879768672324,37.27607355802677,0 36.39700393869351,37.27617715977365,0 36.39535104047779,37.27652226310214,0 36.39393417519953,37.276944071445,0 36.39280639096165,37.27763450584952,0 36.39090834717074,37.27816488525178,0 36.38961892069269,37.2783510234114,0 36.38809426717805,37.27843658313958,0 36.38686363475141,37.27864783250777,0 
							</coordinates>
						</LinearRing>
					</outerBoundaryIs>
				</Polygon>
			</MultiGeometry>
		</Placemark>
	</Folder>
</Document>
</kml>
