<?xml version="1.0" encoding="UTF-8"?>
<kml xmlns="http://www.opengis.net/kml/2.2" xmlns:gx="http://www.google.com/kml/ext/2.2" xmlns:kml="http://www.opengis.net/kml/2.2" xmlns:atom="http://www.w3.org/2005/Atom">
<Document>
	<name>YAS_37.kml</name>
	<Style id="IconStyle30">
		<IconStyle>
			<scale>0.25</scale>
			<Icon>
				<href>Layer3_Symbol_cf1fd18_0_3_0_0_2_0.png</href>
			</Icon>
		</IconStyle>
		<LabelStyle>
			<color>ff000000</color>
			<scale>0.666667</scale>
		</LabelStyle>
		<PolyStyle>
			<color>ff000000</color>
			<outline>0</outline>
		</PolyStyle>
	</Style>
	<Style id="PolyStyle40">
		<LabelStyle>
			<color>00000000</color>
			<scale>0</scale>
		</LabelStyle>
		<LineStyle>
			<color>7f6e6e6e</color>
			<width>0.4</width>
		</LineStyle>
		<PolyStyle>
			<color>7f0000ff</color>
		</PolyStyle>
	</Style>
	<Style id="PolyStyle50000">
		<LabelStyle>
			<color>00000000</color>
			<scale>0</scale>
		</LabelStyle>
		<LineStyle>
			<color>7f000000</color>
			<width>0.4</width>
		</LineStyle>
		<PolyStyle>
			<color>7f7f7fff</color>
		</PolyStyle>
	</Style>
	<Style id="PolyStyle60">
		<LabelStyle>
			<color>00000000</color>
			<scale>0</scale>
		</LabelStyle>
		<LineStyle>
			<color>7f000000</color>
			<width>0.4</width>
		</LineStyle>
		<PolyStyle>
			<color>7f00aaff</color>
		</PolyStyle>
	</Style>
	<Style id="PolyStyle70000">
		<LabelStyle>
			<color>00000000</color>
			<scale>0</scale>
		</LabelStyle>
		<LineStyle>
			<color>7f6e6e6e</color>
			<width>0.4</width>
		</LineStyle>
		<PolyStyle>
			<color>7fc5ff00</color>
		</PolyStyle>
	</Style>
	<Folder id="GroupLayer1">
		<name>YAS_37</name>
		<visibility>0</visibility>
		<Snippet maxLines="0"></Snippet>
		<Folder id="FeatureLayer2">
			<name>sondaj_icme_37</name>
			<visibility>0</visibility>
			<Snippet maxLines="0"></Snippet>
		</Folder>
		<Folder id="FeatureLayer3">
			<name>kaynak_37</name>
			<visibility>0</visibility>
			<Snippet maxLines="0"></Snippet>
			<Placemark id="ID_30000">
				<name>Antakk İlçesi Kesecik Köyü</name>
				<visibility>0</visibility>
				<Snippet maxLines="0"></Snippet>
				<description><![CDATA[<html xmlns:fo="http://www.w3.org/1999/XSL/Format" xmlns:msxsl="urn:schemas-microsoft-com:xslt">

<head>

<META http-equiv="Content-Type" content="text/html">

<meta http-equiv="content-type" content="text/html; charset=UTF-8">

</head>

<body style="margin:0px 0px 0px 0px;overflow:auto;background:#FFFFFF;">

<table style="font-family:Arial,Verdana,Times;font-size:12px;text-align:left;width:100%;border-collapse:collapse;padding:3px 3px 3px 3px">

<tr style="text-align:center;font-weight:bold;background:#9CBCE2">

<td>Antakk İlçesi Kesecik Köyü</td>

</tr>

<tr>

<td>

<table style="font-family:Arial,Verdana,Times;font-size:12px;text-align:left;width:100%;border-spacing:0px; padding:3px 3px 3px 3px">

<tr>

<td>SHAPE</td>

<td>Point</td>

</tr>

<tr bgcolor="#D4E4F3">

<td>Adi</td>

<td>Antakk İlçesi Kesecik Köyü</td>

</tr>

</table>

</td>

</tr>

</table>

</body>

</html>]]></description>
				<styleUrl>#IconStyle30</styleUrl>
				<Point>
					<coordinates>36.02544562192564,36.29022933965758,0</coordinates>
				</Point>
			</Placemark>
			<Placemark id="ID_30001">
				<name>Antakk İlçesi Kesecik Köyü</name>
				<visibility>0</visibility>
				<Snippet maxLines="0"></Snippet>
				<description><![CDATA[<html xmlns:fo="http://www.w3.org/1999/XSL/Format" xmlns:msxsl="urn:schemas-microsoft-com:xslt">

<head>

<META http-equiv="Content-Type" content="text/html">

<meta http-equiv="content-type" content="text/html; charset=UTF-8">

</head>

<body style="margin:0px 0px 0px 0px;overflow:auto;background:#FFFFFF;">

<table style="font-family:Arial,Verdana,Times;font-size:12px;text-align:left;width:100%;border-collapse:collapse;padding:3px 3px 3px 3px">

<tr style="text-align:center;font-weight:bold;background:#9CBCE2">

<td>Antakk İlçesi Kesecik Köyü</td>

</tr>

<tr>

<td>

<table style="font-family:Arial,Verdana,Times;font-size:12px;text-align:left;width:100%;border-spacing:0px; padding:3px 3px 3px 3px">

<tr>

<td>SHAPE</td>

<td>Point</td>

</tr>

<tr bgcolor="#D4E4F3">

<td>Adi</td>

<td>Antakk İlçesi Kesecik Köyü</td>

</tr>

</table>

</td>

</tr>

</table>

</body>

</html>]]></description>
				<styleUrl>#IconStyle30</styleUrl>
				<Point>
					<coordinates>36.02905278528689,36.29219083298044,0</coordinates>
				</Point>
			</Placemark>
			<Placemark id="ID_30002">
				<name>Antakk İlçesi Kesecik Köyü</name>
				<visibility>0</visibility>
				<Snippet maxLines="0"></Snippet>
				<description><![CDATA[<html xmlns:fo="http://www.w3.org/1999/XSL/Format" xmlns:msxsl="urn:schemas-microsoft-com:xslt">

<head>

<META http-equiv="Content-Type" content="text/html">

<meta http-equiv="content-type" content="text/html; charset=UTF-8">

</head>

<body style="margin:0px 0px 0px 0px;overflow:auto;background:#FFFFFF;">

<table style="font-family:Arial,Verdana,Times;font-size:12px;text-align:left;width:100%;border-collapse:collapse;padding:3px 3px 3px 3px">

<tr style="text-align:center;font-weight:bold;background:#9CBCE2">

<td>Antakk İlçesi Kesecik Köyü</td>

</tr>

<tr>

<td>

<table style="font-family:Arial,Verdana,Times;font-size:12px;text-align:left;width:100%;border-spacing:0px; padding:3px 3px 3px 3px">

<tr>

<td>SHAPE</td>

<td>Point</td>

</tr>

<tr bgcolor="#D4E4F3">

<td>Adi</td>

<td>Antakk İlçesi Kesecik Köyü</td>

</tr>

</table>

</td>

</tr>

</table>

</body>

</html>]]></description>
				<styleUrl>#IconStyle30</styleUrl>
				<Point>
					<coordinates>36.02671440673728,36.3033511188836,0</coordinates>
				</Point>
			</Placemark>
			<Placemark id="ID_30003">
				<name>Saraycık Madenpınarı Kaynağı</name>
				<visibility>0</visibility>
				<Snippet maxLines="0"></Snippet>
				<description><![CDATA[<html xmlns:fo="http://www.w3.org/1999/XSL/Format" xmlns:msxsl="urn:schemas-microsoft-com:xslt">

<head>

<META http-equiv="Content-Type" content="text/html">

<meta http-equiv="content-type" content="text/html; charset=UTF-8">

</head>

<body style="margin:0px 0px 0px 0px;overflow:auto;background:#FFFFFF;">

<table style="font-family:Arial,Verdana,Times;font-size:12px;text-align:left;width:100%;border-collapse:collapse;padding:3px 3px 3px 3px">

<tr style="text-align:center;font-weight:bold;background:#9CBCE2">

<td>Saraycık Madenpınarı Kaynağı</td>

</tr>

<tr>

<td>

<table style="font-family:Arial,Verdana,Times;font-size:12px;text-align:left;width:100%;border-spacing:0px; padding:3px 3px 3px 3px">

<tr>

<td>SHAPE</td>

<td>Point</td>

</tr>

<tr bgcolor="#D4E4F3">

<td>Adi</td>

<td>Saraycık Madenpınarı Kaynağı</td>

</tr>

</table>

</td>

</tr>

</table>

</body>

</html>]]></description>
				<styleUrl>#IconStyle30</styleUrl>
				<Point>
					<coordinates>36.0484412705346,36.31819445800618,0</coordinates>
				</Point>
			</Placemark>
			<Placemark id="ID_30004">
				<name>Oğlakören Haremi Kaynağı</name>
				<visibility>0</visibility>
				<Snippet maxLines="0"></Snippet>
				<description><![CDATA[<html xmlns:fo="http://www.w3.org/1999/XSL/Format" xmlns:msxsl="urn:schemas-microsoft-com:xslt">

<head>

<META http-equiv="Content-Type" content="text/html">

<meta http-equiv="content-type" content="text/html; charset=UTF-8">

</head>

<body style="margin:0px 0px 0px 0px;overflow:auto;background:#FFFFFF;">

<table style="font-family:Arial,Verdana,Times;font-size:12px;text-align:left;width:100%;border-collapse:collapse;padding:3px 3px 3px 3px">

<tr style="text-align:center;font-weight:bold;background:#9CBCE2">

<td>Oğlakören Haremi Kaynağı</td>

</tr>

<tr>

<td>

<table style="font-family:Arial,Verdana,Times;font-size:12px;text-align:left;width:100%;border-spacing:0px; padding:3px 3px 3px 3px">

<tr>

<td>SHAPE</td>

<td>Point</td>

</tr>

<tr bgcolor="#D4E4F3">

<td>Adi</td>

<td>Oğlakören Haremi Kaynağı</td>

</tr>

</table>

</td>

</tr>

</table>

</body>

</html>]]></description>
				<styleUrl>#IconStyle30</styleUrl>
				<Point>
					<coordinates>36.09276585371461,36.32074567196072,0</coordinates>
				</Point>
			</Placemark>
			<Placemark id="ID_30005">
				<name>Güldüren Horhor Kaynağı</name>
				<visibility>0</visibility>
				<Snippet maxLines="0"></Snippet>
				<description><![CDATA[<html xmlns:fo="http://www.w3.org/1999/XSL/Format" xmlns:msxsl="urn:schemas-microsoft-com:xslt">

<head>

<META http-equiv="Content-Type" content="text/html">

<meta http-equiv="content-type" content="text/html; charset=UTF-8">

</head>

<body style="margin:0px 0px 0px 0px;overflow:auto;background:#FFFFFF;">

<table style="font-family:Arial,Verdana,Times;font-size:12px;text-align:left;width:100%;border-collapse:collapse;padding:3px 3px 3px 3px">

<tr style="text-align:center;font-weight:bold;background:#9CBCE2">

<td>Güldüren Horhor Kaynağı</td>

</tr>

<tr>

<td>

<table style="font-family:Arial,Verdana,Times;font-size:12px;text-align:left;width:100%;border-spacing:0px; padding:3px 3px 3px 3px">

<tr>

<td>SHAPE</td>

<td>Point</td>

</tr>

<tr bgcolor="#D4E4F3">

<td>Adi</td>

<td>Güldüren Horhor Kaynağı</td>

</tr>

</table>

</td>

</tr>

</table>

</body>

</html>]]></description>
				<styleUrl>#IconStyle30</styleUrl>
				<Point>
					<coordinates>36.08858535776032,36.3146685184418,0</coordinates>
				</Point>
			</Placemark>
			<Placemark id="ID_30006">
				<name>Karlısu Pınarı Kaynağı</name>
				<visibility>0</visibility>
				<Snippet maxLines="0"></Snippet>
				<description><![CDATA[<html xmlns:fo="http://www.w3.org/1999/XSL/Format" xmlns:msxsl="urn:schemas-microsoft-com:xslt">

<head>

<META http-equiv="Content-Type" content="text/html">

<meta http-equiv="content-type" content="text/html; charset=UTF-8">

</head>

<body style="margin:0px 0px 0px 0px;overflow:auto;background:#FFFFFF;">

<table style="font-family:Arial,Verdana,Times;font-size:12px;text-align:left;width:100%;border-collapse:collapse;padding:3px 3px 3px 3px">

<tr style="text-align:center;font-weight:bold;background:#9CBCE2">

<td>Karlısu Pınarı Kaynağı</td>

</tr>

<tr>

<td>

<table style="font-family:Arial,Verdana,Times;font-size:12px;text-align:left;width:100%;border-spacing:0px; padding:3px 3px 3px 3px">

<tr>

<td>SHAPE</td>

<td>Point</td>

</tr>

<tr bgcolor="#D4E4F3">

<td>Adi</td>

<td>Karlısu Pınarı Kaynağı</td>

</tr>

</table>

</td>

</tr>

</table>

</body>

</html>]]></description>
				<styleUrl>#IconStyle30</styleUrl>
				<Point>
					<coordinates>36.06755397963189,36.3052268360794,0</coordinates>
				</Point>
			</Placemark>
			<Placemark id="ID_30007">
				<name>Karlısu Pınarı Kaynağı</name>
				<visibility>0</visibility>
				<Snippet maxLines="0"></Snippet>
				<description><![CDATA[<html xmlns:fo="http://www.w3.org/1999/XSL/Format" xmlns:msxsl="urn:schemas-microsoft-com:xslt">

<head>

<META http-equiv="Content-Type" content="text/html">

<meta http-equiv="content-type" content="text/html; charset=UTF-8">

</head>

<body style="margin:0px 0px 0px 0px;overflow:auto;background:#FFFFFF;">

<table style="font-family:Arial,Verdana,Times;font-size:12px;text-align:left;width:100%;border-collapse:collapse;padding:3px 3px 3px 3px">

<tr style="text-align:center;font-weight:bold;background:#9CBCE2">

<td>Karlısu Pınarı Kaynağı</td>

</tr>

<tr>

<td>

<table style="font-family:Arial,Verdana,Times;font-size:12px;text-align:left;width:100%;border-spacing:0px; padding:3px 3px 3px 3px">

<tr>

<td>SHAPE</td>

<td>Point</td>

</tr>

<tr bgcolor="#D4E4F3">

<td>Adi</td>

<td>Karlısu Pınarı Kaynağı</td>

</tr>

</table>

</td>

</tr>

</table>

</body>

</html>]]></description>
				<styleUrl>#IconStyle30</styleUrl>
				<Point>
					<coordinates>36.06257664360658,36.30880511416006,0</coordinates>
				</Point>
			</Placemark>
			<Placemark id="ID_30008">
				<name>Karlısu Pınarı Kaynağı</name>
				<visibility>0</visibility>
				<Snippet maxLines="0"></Snippet>
				<description><![CDATA[<html xmlns:fo="http://www.w3.org/1999/XSL/Format" xmlns:msxsl="urn:schemas-microsoft-com:xslt">

<head>

<META http-equiv="Content-Type" content="text/html">

<meta http-equiv="content-type" content="text/html; charset=UTF-8">

</head>

<body style="margin:0px 0px 0px 0px;overflow:auto;background:#FFFFFF;">

<table style="font-family:Arial,Verdana,Times;font-size:12px;text-align:left;width:100%;border-collapse:collapse;padding:3px 3px 3px 3px">

<tr style="text-align:center;font-weight:bold;background:#9CBCE2">

<td>Karlısu Pınarı Kaynağı</td>

</tr>

<tr>

<td>

<table style="font-family:Arial,Verdana,Times;font-size:12px;text-align:left;width:100%;border-spacing:0px; padding:3px 3px 3px 3px">

<tr>

<td>SHAPE</td>

<td>Point</td>

</tr>

<tr bgcolor="#D4E4F3">

<td>Adi</td>

<td>Karlısu Pınarı Kaynağı</td>

</tr>

</table>

</td>

</tr>

</table>

</body>

</html>]]></description>
				<styleUrl>#IconStyle30</styleUrl>
				<Point>
					<coordinates>36.06577866459949,36.30763439499786,0</coordinates>
				</Point>
			</Placemark>
			<Placemark id="ID_30009">
				<name>Karlısu Pınarı Kaynağı</name>
				<visibility>0</visibility>
				<Snippet maxLines="0"></Snippet>
				<description><![CDATA[<html xmlns:fo="http://www.w3.org/1999/XSL/Format" xmlns:msxsl="urn:schemas-microsoft-com:xslt">

<head>

<META http-equiv="Content-Type" content="text/html">

<meta http-equiv="content-type" content="text/html; charset=UTF-8">

</head>

<body style="margin:0px 0px 0px 0px;overflow:auto;background:#FFFFFF;">

<table style="font-family:Arial,Verdana,Times;font-size:12px;text-align:left;width:100%;border-collapse:collapse;padding:3px 3px 3px 3px">

<tr style="text-align:center;font-weight:bold;background:#9CBCE2">

<td>Karlısu Pınarı Kaynağı</td>

</tr>

<tr>

<td>

<table style="font-family:Arial,Verdana,Times;font-size:12px;text-align:left;width:100%;border-spacing:0px; padding:3px 3px 3px 3px">

<tr>

<td>SHAPE</td>

<td>Point</td>

</tr>

<tr bgcolor="#D4E4F3">

<td>Adi</td>

<td>Karlısu Pınarı Kaynağı</td>

</tr>

</table>

</td>

</tr>

</table>

</body>

</html>]]></description>
				<styleUrl>#IconStyle30</styleUrl>
				<Point>
					<coordinates>36.06632129456388,36.30761911103335,0</coordinates>
				</Point>
			</Placemark>
			<Placemark id="ID_30010">
				<name>390-6</name>
				<visibility>0</visibility>
				<Snippet maxLines="0"></Snippet>
				<description><![CDATA[<html xmlns:fo="http://www.w3.org/1999/XSL/Format" xmlns:msxsl="urn:schemas-microsoft-com:xslt">

<head>

<META http-equiv="Content-Type" content="text/html">

<meta http-equiv="content-type" content="text/html; charset=UTF-8">

</head>

<body style="margin:0px 0px 0px 0px;overflow:auto;background:#FFFFFF;">

<table style="font-family:Arial,Verdana,Times;font-size:12px;text-align:left;width:100%;border-collapse:collapse;padding:3px 3px 3px 3px">

<tr style="text-align:center;font-weight:bold;background:#9CBCE2">

<td>390-6</td>

</tr>

<tr>

<td>

<table style="font-family:Arial,Verdana,Times;font-size:12px;text-align:left;width:100%;border-spacing:0px; padding:3px 3px 3px 3px">

<tr>

<td>SHAPE</td>

<td>Point</td>

</tr>

<tr bgcolor="#D4E4F3">

<td>Adi</td>

<td>390-6</td>

</tr>

</table>

</td>

</tr>

</table>

</body>

</html>]]></description>
				<styleUrl>#IconStyle30</styleUrl>
				<Point>
					<coordinates>36.05511957612448,36.30154463253796,0</coordinates>
				</Point>
			</Placemark>
			<Placemark id="ID_30011">
				<name>390-5</name>
				<visibility>0</visibility>
				<Snippet maxLines="0"></Snippet>
				<description><![CDATA[<html xmlns:fo="http://www.w3.org/1999/XSL/Format" xmlns:msxsl="urn:schemas-microsoft-com:xslt">

<head>

<META http-equiv="Content-Type" content="text/html">

<meta http-equiv="content-type" content="text/html; charset=UTF-8">

</head>

<body style="margin:0px 0px 0px 0px;overflow:auto;background:#FFFFFF;">

<table style="font-family:Arial,Verdana,Times;font-size:12px;text-align:left;width:100%;border-collapse:collapse;padding:3px 3px 3px 3px">

<tr style="text-align:center;font-weight:bold;background:#9CBCE2">

<td>390-5</td>

</tr>

<tr>

<td>

<table style="font-family:Arial,Verdana,Times;font-size:12px;text-align:left;width:100%;border-spacing:0px; padding:3px 3px 3px 3px">

<tr>

<td>SHAPE</td>

<td>Point</td>

</tr>

<tr bgcolor="#D4E4F3">

<td>Adi</td>

<td>390-5</td>

</tr>

</table>

</td>

</tr>

</table>

</body>

</html>]]></description>
				<styleUrl>#IconStyle30</styleUrl>
				<Point>
					<coordinates>36.06966631479208,36.29759137896309,0</coordinates>
				</Point>
			</Placemark>
			<Placemark id="ID_30012">
				<name>390-7</name>
				<visibility>0</visibility>
				<Snippet maxLines="0"></Snippet>
				<description><![CDATA[<html xmlns:fo="http://www.w3.org/1999/XSL/Format" xmlns:msxsl="urn:schemas-microsoft-com:xslt">

<head>

<META http-equiv="Content-Type" content="text/html">

<meta http-equiv="content-type" content="text/html; charset=UTF-8">

</head>

<body style="margin:0px 0px 0px 0px;overflow:auto;background:#FFFFFF;">

<table style="font-family:Arial,Verdana,Times;font-size:12px;text-align:left;width:100%;border-collapse:collapse;padding:3px 3px 3px 3px">

<tr style="text-align:center;font-weight:bold;background:#9CBCE2">

<td>390-7</td>

</tr>

<tr>

<td>

<table style="font-family:Arial,Verdana,Times;font-size:12px;text-align:left;width:100%;border-spacing:0px; padding:3px 3px 3px 3px">

<tr>

<td>SHAPE</td>

<td>Point</td>

</tr>

<tr bgcolor="#D4E4F3">

<td>Adi</td>

<td>390-7</td>

</tr>

</table>

</td>

</tr>

</table>

</body>

</html>]]></description>
				<styleUrl>#IconStyle30</styleUrl>
				<Point>
					<coordinates>36.05322666412341,36.28484538060429,0</coordinates>
				</Point>
			</Placemark>
			<Placemark id="ID_30013">
				<name>391-1</name>
				<visibility>0</visibility>
				<Snippet maxLines="0"></Snippet>
				<description><![CDATA[<html xmlns:fo="http://www.w3.org/1999/XSL/Format" xmlns:msxsl="urn:schemas-microsoft-com:xslt">

<head>

<META http-equiv="Content-Type" content="text/html">

<meta http-equiv="content-type" content="text/html; charset=UTF-8">

</head>

<body style="margin:0px 0px 0px 0px;overflow:auto;background:#FFFFFF;">

<table style="font-family:Arial,Verdana,Times;font-size:12px;text-align:left;width:100%;border-collapse:collapse;padding:3px 3px 3px 3px">

<tr style="text-align:center;font-weight:bold;background:#9CBCE2">

<td>391-1</td>

</tr>

<tr>

<td>

<table style="font-family:Arial,Verdana,Times;font-size:12px;text-align:left;width:100%;border-spacing:0px; padding:3px 3px 3px 3px">

<tr>

<td>SHAPE</td>

<td>Point</td>

</tr>

<tr bgcolor="#D4E4F3">

<td>Adi</td>

<td>391-1</td>

</tr>

</table>

</td>

</tr>

</table>

</body>

</html>]]></description>
				<styleUrl>#IconStyle30</styleUrl>
				<Point>
					<coordinates>36.06752228004683,36.28881425441326,0</coordinates>
				</Point>
			</Placemark>
			<Placemark id="ID_30014">
				<name>105-1</name>
				<visibility>0</visibility>
				<Snippet maxLines="0"></Snippet>
				<description><![CDATA[<html xmlns:fo="http://www.w3.org/1999/XSL/Format" xmlns:msxsl="urn:schemas-microsoft-com:xslt">

<head>

<META http-equiv="Content-Type" content="text/html">

<meta http-equiv="content-type" content="text/html; charset=UTF-8">

</head>

<body style="margin:0px 0px 0px 0px;overflow:auto;background:#FFFFFF;">

<table style="font-family:Arial,Verdana,Times;font-size:12px;text-align:left;width:100%;border-collapse:collapse;padding:3px 3px 3px 3px">

<tr style="text-align:center;font-weight:bold;background:#9CBCE2">

<td>105-1</td>

</tr>

<tr>

<td>

<table style="font-family:Arial,Verdana,Times;font-size:12px;text-align:left;width:100%;border-spacing:0px; padding:3px 3px 3px 3px">

<tr>

<td>SHAPE</td>

<td>Point</td>

</tr>

<tr bgcolor="#D4E4F3">

<td>Adi</td>

<td>105-1</td>

</tr>

</table>

</td>

</tr>

</table>

</body>

</html>]]></description>
				<styleUrl>#IconStyle30</styleUrl>
				<Point>
					<coordinates>36.02386995351836,36.30184886623631,0</coordinates>
				</Point>
			</Placemark>
			<Placemark id="ID_30015">
				<name>117-5</name>
				<visibility>0</visibility>
				<Snippet maxLines="0"></Snippet>
				<description><![CDATA[<html xmlns:fo="http://www.w3.org/1999/XSL/Format" xmlns:msxsl="urn:schemas-microsoft-com:xslt">

<head>

<META http-equiv="Content-Type" content="text/html">

<meta http-equiv="content-type" content="text/html; charset=UTF-8">

</head>

<body style="margin:0px 0px 0px 0px;overflow:auto;background:#FFFFFF;">

<table style="font-family:Arial,Verdana,Times;font-size:12px;text-align:left;width:100%;border-collapse:collapse;padding:3px 3px 3px 3px">

<tr style="text-align:center;font-weight:bold;background:#9CBCE2">

<td>117-5</td>

</tr>

<tr>

<td>

<table style="font-family:Arial,Verdana,Times;font-size:12px;text-align:left;width:100%;border-spacing:0px; padding:3px 3px 3px 3px">

<tr>

<td>SHAPE</td>

<td>Point</td>

</tr>

<tr bgcolor="#D4E4F3">

<td>Adi</td>

<td>117-5</td>

</tr>

</table>

</td>

</tr>

</table>

</body>

</html>]]></description>
				<styleUrl>#IconStyle30</styleUrl>
				<Point>
					<coordinates>36.0771331966759,36.34012695398344,0</coordinates>
				</Point>
			</Placemark>
			<Placemark id="ID_30016">
				<name>115-1</name>
				<visibility>0</visibility>
				<Snippet maxLines="0"></Snippet>
				<description><![CDATA[<html xmlns:fo="http://www.w3.org/1999/XSL/Format" xmlns:msxsl="urn:schemas-microsoft-com:xslt">

<head>

<META http-equiv="Content-Type" content="text/html">

<meta http-equiv="content-type" content="text/html; charset=UTF-8">

</head>

<body style="margin:0px 0px 0px 0px;overflow:auto;background:#FFFFFF;">

<table style="font-family:Arial,Verdana,Times;font-size:12px;text-align:left;width:100%;border-collapse:collapse;padding:3px 3px 3px 3px">

<tr style="text-align:center;font-weight:bold;background:#9CBCE2">

<td>115-1</td>

</tr>

<tr>

<td>

<table style="font-family:Arial,Verdana,Times;font-size:12px;text-align:left;width:100%;border-spacing:0px; padding:3px 3px 3px 3px">

<tr>

<td>SHAPE</td>

<td>Point</td>

</tr>

<tr bgcolor="#D4E4F3">

<td>Adi</td>

<td>115-1</td>

</tr>

</table>

</td>

</tr>

</table>

</body>

</html>]]></description>
				<styleUrl>#IconStyle30</styleUrl>
				<Point>
					<coordinates>36.11495286677288,36.33090343482611,0</coordinates>
				</Point>
			</Placemark>
		</Folder>
		<Folder id="FeatureLayer4">
			<name>mutlak_koruma_alani_37</name>
			<visibility>0</visibility>
			<Snippet maxLines="0"></Snippet>
			<Placemark id="ID_40000">
				<name>Burnaz Kaynakları</name>
				<visibility>0</visibility>
				<Snippet maxLines="0"></Snippet>
				<description><![CDATA[<html xmlns:fo="http://www.w3.org/1999/XSL/Format" xmlns:msxsl="urn:schemas-microsoft-com:xslt">

<head>

<META http-equiv="Content-Type" content="text/html">

<meta http-equiv="content-type" content="text/html; charset=UTF-8">

</head>

<body style="margin:0px 0px 0px 0px;overflow:auto;background:#FFFFFF;">

<table style="font-family:Arial,Verdana,Times;font-size:12px;text-align:left;width:100%;border-collapse:collapse;padding:3px 3px 3px 3px">

<tr style="text-align:center;font-weight:bold;background:#9CBCE2">

<td>Burnaz Kaynakları</td>

</tr>

<tr>

<td>

<table style="font-family:Arial,Verdana,Times;font-size:12px;text-align:left;width:100%;border-spacing:0px; padding:3px 3px 3px 3px">

<tr>

<td>SHAPE</td>

<td>Polygon</td>

</tr>

<tr bgcolor="#D4E4F3">

<td>Adi</td>

<td>Burnaz Kaynakları</td>

</tr>

<tr>

<td>SHAPE_Length</td>

<td>4111.552044</td>

</tr>

<tr bgcolor="#D4E4F3">

<td>SHAPE_Area</td>

<td>670702</td>

</tr>

</table>

</td>

</tr>

</table>

</body>

</html>]]></description>
				<styleUrl>#PolyStyle40</styleUrl>
				<MultiGeometry>
					<Polygon>
						<outerBoundaryIs>
							<LinearRing>
								<coordinates>
									36.05621869275359,36.94389881010969,0 36.05604709163938,36.94339894069291,0 36.0559031241523,36.94276458974874,0 36.05563925492828,36.94203715221463,0 36.05540314218063,36.94146359210229,0 36.05411232857073,36.94058450719377,0 36.05367689997078,36.94023127363695,0 36.05308643293358,36.93953176556693,0 36.05265760840173,36.93900748104886,0 36.05181453030719,36.93845488143742,0 36.05102615008285,36.93793967984112,0 36.05044749143038,36.93780815334866,0 36.04995761208414,36.93799422040257,0 36.04950172251287,36.93817211939896,0 36.04888281907616,36.93821079584829,0 36.04816705796343,36.93785057057792,0 36.04770254732126,36.93737944781074,0 36.0474861557787,36.93687845256746,0 36.04777338154949,36.9364170206236,0 36.04845677841053,36.93645204279385,0 36.0494093275575,36.93649375373451,0 36.0503240671298,36.93664265067474,0 36.05114284402396,36.93695135619839,0 36.051723340602,36.93732622524815,0 36.05270052673922,36.93760281135996,0 36.05379368491921,36.93778314652725,0 36.05466497806155,36.93789488713333,0 36.05561824525291,36.93791854406643,0 36.05682343973981,36.93781327498827,0 36.05789093535324,36.93778567987388,0 36.05908629624618,36.93764409927977,0 36.06011204552267,36.93753434915918,0 36.06122232174349,36.93756185064645,0 36.0622000955458,36.9375319945531,0 36.06307209390494,36.93762566861749,0 36.06372478780212,36.93787611072095,0 36.06428430949298,36.93821435582149,0 36.06441040423412,36.93873111097258,0 36.06433927475396,36.9394141988245,0 36.06419689551982,36.93990628964362,0 36.06391474420205,36.94053008913093,0 36.06369780630827,36.94120956843686,0 36.06337182057502,36.94180524821113,0 36.06305600763231,36.94242821216833,0 36.0626476961824,36.94312097455613,0 36.06212618064935,36.943837965972,0 36.06162881708807,36.9445104972338,0 36.06118565315747,36.94494106786196,0 36.05996809382457,36.94507310626184,0 36.05917058522655,36.94479202027247,0 36.05841760001798,36.9445210439167,0 36.0576418421869,36.94425850930034,0 36.05679151653656,36.94418335382457,0 36.05621869275359,36.94389881010969,0 
								</coordinates>
							</LinearRing>
						</outerBoundaryIs>
					</Polygon>
				</MultiGeometry>
			</Placemark>
			<Placemark id="ID_40001">
				<name>Tatarlı Kaynakları</name>
				<visibility>0</visibility>
				<Snippet maxLines="0"></Snippet>
				<description><![CDATA[<html xmlns:fo="http://www.w3.org/1999/XSL/Format" xmlns:msxsl="urn:schemas-microsoft-com:xslt">

<head>

<META http-equiv="Content-Type" content="text/html">

<meta http-equiv="content-type" content="text/html; charset=UTF-8">

</head>

<body style="margin:0px 0px 0px 0px;overflow:auto;background:#FFFFFF;">

<table style="font-family:Arial,Verdana,Times;font-size:12px;text-align:left;width:100%;border-collapse:collapse;padding:3px 3px 3px 3px">

<tr style="text-align:center;font-weight:bold;background:#9CBCE2">

<td>Tatarlı Kaynakları</td>

</tr>

<tr>

<td>

<table style="font-family:Arial,Verdana,Times;font-size:12px;text-align:left;width:100%;border-spacing:0px; padding:3px 3px 3px 3px">

<tr>

<td>SHAPE</td>

<td>Polygon</td>

</tr>

<tr bgcolor="#D4E4F3">

<td>Adi</td>

<td>Tatarlı Kaynakları</td>

</tr>

<tr>

<td>SHAPE_Length</td>

<td>2830.801457</td>

</tr>

<tr bgcolor="#D4E4F3">

<td>SHAPE_Area</td>

<td>152168.017625</td>

</tr>

</table>

</td>

</tr>

</table>

</body>

</html>]]></description>
				<styleUrl>#PolyStyle40</styleUrl>
				<MultiGeometry>
					<Polygon>
						<outerBoundaryIs>
							<LinearRing>
								<coordinates>
									36.12972228918872,37.10958708780879,0 36.12982107945252,37.10959652614893,0 36.12991844135987,37.10961292151815,0 36.13001361255493,37.10963614281302,0 36.13010584937636,37.10966601072534,0 36.13019442825262,37.10970229056681,0 36.13027865786221,37.10974469796988,0 36.1303578790311,37.10979290158831,0 36.13043147031877,37.10984652413322,0 36.13049885578467,37.10990514526401,0 36.13055950924655,37.10996830799905,0 36.13061295663088,37.11003551606869,0 36.13065877672312,37.11010624384526,0 36.13069661346557,37.11017993844281,0 36.1307261690773,37.11025602315464,0 36.13074721400196,37.11033390219935,0 36.1307595822083,37.11041296601361,0 36.13076317664171,37.11049259588941,0 36.1307579701795,37.11057216850291,0 36.13074400317967,37.11065106126144,0 36.13072138443622,37.11072865683246,0 36.1306902921343,37.11080434767239,0 36.13065096802657,37.11087754129218,0 36.13062294670318,37.11091912917801,0 36.13067106190815,37.1109237259854,0 36.13076842572811,37.11094012073223,0 36.13086359886497,37.11096334142071,0 36.13095583764226,37.1109932087474,0 36.13104441847307,37.11102948802856,0 36.13112865002065,37.11107189490104,0 36.1312078730958,37.11112009802274,0 36.13128146624307,37.11117372010867,0 36.13134885350733,37.11123234082186,0 36.13140950869232,37.11129550318391,0 36.13146295771098,37.11136271092807,0 36.13150877933597,37.11143343842926,0 36.13154661749763,37.11150713280369,0 36.13157617440392,37.11158321734636,0 36.13159722048832,37.11166109627725,0 36.13160958971054,37.11174016003387,0 36.13161318500799,37.11181978990871,0 36.13160797925124,37.11189936257789,0 36.13159401279275,37.11197825544835,0 36.1315713944223,37.11205585118665,0 36.13154030232209,37.11213154224788,0 36.13150097824322,37.11220473614132,0 36.13145373070888,37.112274860014,0 36.13139892922457,37.11234136501632,0 36.13133700295047,37.11240373167693,0 36.13126843617139,37.11246147069456,0 36.13119376690083,37.1125141301135,0 36.131113577752,37.1125612987075,0 36.13102849702774,37.1126026069075,0 36.13093919071523,37.11263773021288,0 36.13084635771691,37.11266639628498,0 36.13075072446711,37.11268837850938,0 36.13065304006066,37.11270350579046,0 36.13055406736084,37.11271165963281,0 36.13045458293038,37.11271277594197,0 36.13035536459683,37.11270684652556,0 36.13025718814713,37.11269391721097,0 36.13016082388603,37.11267408956406,0 36.1300670243377,37.11264751878899,0 36.12997652431265,37.11261441192732,0 36.129890031812,37.11257503034074,0 36.12980822390419,37.11252967969861,0 36.12973174086577,37.11247871614336,0 36.12966118195669,37.112422538979,0 36.12959709768708,37.11236158687867,0 36.12953999097559,37.11229633701134,0 36.12949030829253,37.11222730122231,0 36.12944843880823,37.11215501880324,0 36.12941470993118,37.11208005548266,0 36.12938938638865,37.11200299799663,0 36.12937266477699,37.11192444945094,0 36.12936467710505,37.11184502490115,0 36.12936548537861,37.11176534581472,0 36.12937508289571,37.11168603559671,0 36.12939339554186,37.11160771511556,0 36.12942027974693,37.11153099724719,0 36.12945552378029,37.11145648240089,0 36.12949885354244,37.1113847541544,0 36.12950291243336,37.11137932058831,0 36.12940719535068,37.11136671421586,0 36.12931083301884,37.11134688595395,0 36.12921703542141,37.11132031458229,0 36.12912653735364,37.11128720714709,0 36.12904004680132,37.11124782501455,0 36.12895824081763,37.11120247385827,0 36.12888175966409,37.11115150982474,0 36.12881120258584,37.11109533222171,0 36.12874712007876,37.11103437972572,0 36.12869001504765,37.11096912950889,0 36.12864033394967,37.1109000934192,0 36.12859846594277,37.1108278107507,0 36.12856473842385,37.11075284723385,0 36.12853941610958,37.11067578960626,0 36.12852269558668,37.11059724097481,0 36.12851470885544,37.11051781639575,0 36.12851551791438,37.11043813733675,0 36.12852511605532,37.11035882720267,0 36.12854342915891,37.11028050686129,0 36.12857031365142,37.11020378918741,0 36.12860555780005,37.11012927458884,0 36.12864888750428,37.11005754664134,0 36.12869996200452,37.10998916657842,0 36.1287583841696,37.10992466903529,0 36.1288236938887,37.10986455828487,0 36.12889538050487,37.1098093067371,0 36.12897288431321,37.10975934506359,0 36.12905559870708,37.10971506495344,0 36.12914287491216,37.10967681292048,0 36.12923402995676,37.10964488779357,0 36.12932835232565,37.10961953995287,0 36.1294251020613,37.10960096862915,0 36.12952352333209,37.10958931680204,0 36.12962284528328,37.1095846784297,0 36.12972228918872,37.10958708780879,0 
								</coordinates>
							</LinearRing>
						</outerBoundaryIs>
					</Polygon>
					<Polygon>
						<outerBoundaryIs>
							<LinearRing>
								<coordinates>
									36.04347141328291,37.1145034854627,0 36.04357019431075,37.11451299558951,0 36.04366753902669,37.11452946135272,0 36.04376268521258,37.11455275109785,0 36.04385488940005,37.11458268498178,0 36.04394342827388,37.1146190277987,0 36.04402761082615,37.11466149468969,0 36.0441067782504,37.11470975384291,0 36.0441803095267,37.11476342753383,0 36.0442476291848,37.11482209502162,0 36.04430821155543,37.11488529896263,0 36.04436158312349,37.11495254276523,0 36.04440732326737,37.11502330051995,0 36.04444507655424,37.11509701910808,0 36.04447454585616,37.11517312163385,0 36.04449550229265,37.11525101217773,0 36.04450778052497,37.1153300810854,0 36.0445112842026,37.1154097096088,0 36.04450598691323,37.11548927443534,0 36.04449192972554,37.11556815303298,0 36.04446922213923,37.1156457281796,0 36.04443804303513,37.11572139249226,0 36.04439863484538,37.1157945536884,0 36.04435130675154,37.11586463917149,0 36.04429642888969,37.11593110039213,0 36.04423443101668,37.11599341822182,0 36.04416579797913,37.11605110374115,0 36.04409106830927,37.11610370541419,0 36.04401082509206,37.11615081246526,0 36.04392569705405,37.11619205580747,0 36.04383635055417,37.11622711144805,0 36.04379126380744,37.11624099482392,0 36.04379195933797,37.11625680740179,0 36.04378666117727,37.11633637215078,0 36.04377260303114,37.11641525061375,0 36.04374989440678,37.11649282556962,0 36.04371871419311,37.11656848963691,0 36.043679304831,37.11664165053503,0 36.04363197551118,37.11671173566977,0 36.0435770963793,37.11677819649444,0 36.04351509720215,37.11684051388362,0 36.04344646283656,37.11689819892141,0 36.0433717318252,37.11695080007559,0 36.04329148726348,37.11699790657454,0 36.04320635788848,37.11703914933577,0 36.04311701006962,37.11707420437095,0 36.0430241430313,37.11710279987554,0 36.04292848347694,37.11712470978755,0 36.04283078070618,37.1171397635777,0 36.04273179772619,37.11714784332459,0 36.04263231118051,37.11714888551513,0 36.04253309891259,37.11714288253648,0 36.0424349366626,37.11712988079127,0 36.0423385946237,37.1171099824137,0 36.04224482514603,37.11708334316024,0 36.0421543628058,37.11705017060906,0 36.04206791530653,37.1170107266356,0 36.04198615936728,37.11696531739774,0 36.04190973485649,37.11691429949651,0 36.04183924057538,37.11685807266172,0 36.04177522652937,37.116797075954,0 36.04171819508728,37.11673178689249,0 36.04166859212887,37.11666271762881,0 36.04162680620164,37.11659040771689,0 36.04159316406002,37.11651542310016,0 36.04156792975235,37.11643835068192,0 36.04155129917651,37.1163597936836,0 36.04154340362851,37.11628036722775,0 36.04154430439326,37.11620069279628,0 36.04155399404515,37.11612139375753,0 36.04157239774844,37.11604309089317,0 36.04159937122049,37.11596639694103,0 36.04163470203208,37.11589191212216,0 36.04167811540415,37.11582021978058,0 36.04172926992239,37.11575188086984,0 36.04178776783017,37.11568742970507,0 36.04185314842449,37.11562737019401,0 36.04192490049147,37.11557217434591,0 36.04200246381618,37.11552227239751,0 36.04208523132542,37.11547805557041,0 36.04217255382928,37.11543986988212,0 36.0422630350639,37.11540826256401,0 36.04226365283621,37.11535360972848,0 36.04227334157224,37.11527431058349,0 36.04229174427623,37.11519600755619,0 36.04231871667336,37.11511931338573,0 36.04235404634287,37.11504482829487,0 36.04239745851456,37.11497313562973,0 36.04244861178361,37.11490479634642,0 36.04250710840308,37.11484034476295,0 36.04257248768006,37.1147802847904,0 36.04264423841106,37.11472508844157,0 36.04272180039153,37.11467518595716,0 36.04280456655881,37.11463096856293,0 36.0428918877335,37.11459278228086,0 36.04298308059267,37.11456092542536,0 36.04307743332464,37.11453564784362,0 36.04317420573329,37.11451714821525,0 36.04327264181231,37.11450556895991,0 36.04337197058795,37.11450100346726,0 36.04347141328291,37.1145034854627,0 
								</coordinates>
							</LinearRing>
						</outerBoundaryIs>
					</Polygon>
					<Polygon>
						<outerBoundaryIs>
							<LinearRing>
								<coordinates>
									36.03876415373792,37.11807136173218,0 36.03886293852097,37.11808087595984,0 36.03896028647491,37.11809734574132,0 36.0390554353564,37.11812063939073,0 36.03914764167583,37.11815057703438,0 36.03923618210135,37.11818692343702,0 36.03932036561296,37.11822939371173,0 36.03939953339667,37.11827765602019,0 36.03947306442965,37.11833133261312,0 36.03954038324364,37.118390002727,0 36.03960096417585,37.11845320899764,0 36.03965433372265,37.11852045481523,0 36.03970007127801,37.11859121425442,0 36.03973782142949,37.11866493418338,0 36.03976728707361,37.11874103769581,0 36.03978823935854,37.11881892886454,0 36.03980051297805,37.11889799803028,0 36.03980401161766,37.11897762644293,0 36.03979870890454,37.11905719079083,0 36.03978464594979,37.11913606854567,0 36.03976193229823,37.11921364249189,0 36.03973074687819,37.11928930525597,0 36.03969133217119,37.11936246456745,0 36.03964399740987,37.11943254784455,0 36.03958911278242,37.11949900655515,0 36.03952710809864,37.11956132159033,0 36.03945846825849,37.11961900405261,0 36.03938373184753,37.11967160243,0 36.03930348200333,37.11971870597254,0 36.03921834750437,37.11975994562091,0 36.03912899476023,37.11979499741111,0 36.03903612303374,37.11982358956405,0 36.03894045906514,37.11984549604391,0 36.03884275218857,37.11986054634831,0 36.03874376544332,37.1198686225831,0 36.03864427550244,37.11986966126276,0 36.03854506023594,37.11986365480185,0 36.03844689540743,37.11985064963024,0 36.03835055123033,37.11983074790904,0 36.03825678007143,37.11980410542086,0 36.0381663165202,37.11977092976913,0 36.03807986828945,37.11973148285361,0 36.0379981121042,37.11968607085521,0 36.03792168783465,37.11963505039653,0 36.03785119428018,37.11957882122744,0 36.03778718144051,37.1195178224268,0 36.03773015167504,37.11945253153015,0 36.03768055085033,37.11938346070347,0 36.03763876749725,37.11931114951292,0 36.03760512835005,37.11923616391196,0 36.03757989743369,37.1191590908116,0 36.03756327061942,37.11908053343856,0 36.03755537917381,37.11900110691833,0 36.03755628434968,37.11892143273334,0 36.03756597868689,37.11884213424997,0 36.03758438731307,37.11876383224556,0 36.03761136590699,37.11868713945124,0 36.03764670199936,37.11861265607895,0 36.0376901207698,37.11854096546139,0 36.03774128076171,37.11847262853861,0 36.03779978417574,37.11840817961026,0 36.0378651702657,37.11834812256647,0 36.03793692777467,37.11829292939718,0 36.03801449644524,37.11824303031823,0 36.03809726916233,37.11819881652877,0 36.03818459669525,37.11816063402247,0 36.03827579567135,37.1181287810842,0 36.0383701542311,37.11810350753058,0 36.03846693213269,37.1180850120096,0 36.03856537332702,37.11807343690889,0 36.03866470680008,37.11806887558551,0 36.03876415373792,37.11807136173218,0 
								</coordinates>
							</LinearRing>
						</outerBoundaryIs>
					</Polygon>
					<Polygon>
						<outerBoundaryIs>
							<LinearRing>
								<coordinates>
									36.05126814523806,37.12462151853062,0 36.05133707464267,37.12463383585976,0 36.05140353245368,37.12465297505926,0 36.05146647154443,37.12467863253075,0 36.05152489819976,37.12471040418394,0 36.05157789112223,37.12474778861255,0 36.0516246145731,37.12479019643175,0 36.05166433151348,37.12483695961566,0 36.05169641681591,37.12488733903417,0 36.05172036218725,37.12494054259697,0 36.05173579292841,37.12499572837334,0 36.05174246249494,37.12505202878593,0 36.05174026813316,37.12510855370302,0 36.05172924435176,37.1251644137043,0 36.05170956271363,37.12521872548224,0 36.05168153654994,37.12527063538818,0 36.05164560511712,37.12531932174144,0 36.05160233715122,37.12536401924778,0 36.05155241390001,37.12540402128093,0 36.05149662280316,37.12543869774763,0 36.0514358437215,37.12546750195423,0 36.05137103509612,37.1254899792736,0 36.05130322010704,37.12550577581205,0 36.05123346745502,37.12551464063465,0 36.05116287632556,37.12551643620421,0 36.05109256085758,37.12551113258829,0 36.05102363071508,37.12549881508537,0 36.05095717228807,37.12547967564684,0 36.05089423274187,37.1254540178861,0 36.05083580582031,37.12542224591158,0 36.05078281283752,37.1253848611498,0 36.05073608953606,37.1253424530065,0 36.05069637294542,37.12529568952791,0 36.05066428817106,37.12524530986266,0 36.050640343473,37.12519210611659,0 36.05062491350797,37.12513692023193,0 36.05061824477169,37.12508061979282,0 36.05062043996562,37.12502409493263,0 36.05063146452884,37.12496823506812,0 36.0506511468493,37.12491392349821,0 36.05067917355298,37.1248620138585,0 36.05071510534948,37.12481332781297,0 36.05075837347998,37.12476863063648,0 36.05080829668628,37.12472862893459,0 36.05086408753158,37.12469395277974,0 36.05092486617084,37.12466514884599,0 36.05098967419076,37.12464267174332,0 36.05105748844939,37.12462687535181,0 36.05112724029185,37.12461801059718,0 36.05119783058349,37.12461621501232,0 36.05126814523806,37.12462151853062,0 
								</coordinates>
							</LinearRing>
						</outerBoundaryIs>
					</Polygon>
				</MultiGeometry>
			</Placemark>
			<Placemark id="ID_40002">
				<name>Narin-1 Jeotermal Kuyusu</name>
				<visibility>0</visibility>
				<Snippet maxLines="0"></Snippet>
				<description><![CDATA[<html xmlns:fo="http://www.w3.org/1999/XSL/Format" xmlns:msxsl="urn:schemas-microsoft-com:xslt">

<head>

<META http-equiv="Content-Type" content="text/html">

<meta http-equiv="content-type" content="text/html; charset=UTF-8">

</head>

<body style="margin:0px 0px 0px 0px;overflow:auto;background:#FFFFFF;">

<table style="font-family:Arial,Verdana,Times;font-size:12px;text-align:left;width:100%;border-collapse:collapse;padding:3px 3px 3px 3px">

<tr style="text-align:center;font-weight:bold;background:#9CBCE2">

<td>Narin-1 Jeotermal Kuyusu</td>

</tr>

<tr>

<td>

<table style="font-family:Arial,Verdana,Times;font-size:12px;text-align:left;width:100%;border-spacing:0px; padding:3px 3px 3px 3px">

<tr>

<td>SHAPE</td>

<td>Polygon</td>

</tr>

<tr bgcolor="#D4E4F3">

<td>Adi</td>

<td>Narin-1 Jeotermal Kuyusu</td>

</tr>

<tr>

<td>SHAPE_Length</td>

<td>251.327412</td>

</tr>

<tr bgcolor="#D4E4F3">

<td>SHAPE_Area</td>

<td>5026.548246</td>

</tr>

</table>

</td>

</tr>

</table>

</body>

</html>]]></description>
				<styleUrl>#PolyStyle40</styleUrl>
				<MultiGeometry>
					<Polygon>
						<outerBoundaryIs>
							<LinearRing>
								<coordinates>
									36.17993772118259,36.25879190327096,0 36.17991009734924,36.25879055392444,0 36.17988263026744,36.25878781678863,0 36.17985542752663,36.25878370161219,0 36.17982859200975,36.25877822524245,0 36.1798022298379,36.25877140730698,0 36.17977644124904,36.25876327630674,0 36.17975132756035,36.25875386166952,0 36.17972698423826,36.25874320079597,0 36.17970350769877,36.25873133561542,0 36.17968098647781,36.2587183105749,0 36.17965950774009,36.25870417729887,0 36.17963915747348,36.25868898918652,0 36.17962001140008,36.25867280660452,0 36.17960214409751,36.25865569079377,0 36.17958562546916,36.25863770919345,0 36.17957051982667,36.25861893001192,0 36.17955688461613,36.25859942670282,0 36.17954477277142,36.25857927441576,0 36.1795342315699,36.25855855087046,0 36.17952530148828,36.25853733723096,0 36.17951801629977,36.25851571540427,0 36.1795124064096,36.25849376811914,0 36.17950849100756,36.25847158054312,0 36.17950628699488,36.25844923959223,0 36.17950580133117,36.25842683014532,0 36.1795070375434,36.25840443970377,0 36.17950999029633,36.25838215465863,0 36.17951464755153,36.25836006214384,0 36.17952099184101,36.25833824556028,0 36.17952899889646,36.25831679175313,0 36.1795386368613,36.25829578198119,0 36.17954986936699,36.25827529919907,0 36.17956265134503,36.25825542074883,0 36.17957693550339,36.25823622391994,0 36.17959266572052,36.25821778399104,0 36.17960978047793,36.25820017160735,0 36.17962821498669,36.25818345553444,0 36.17964789575791,36.25816769892522,0 36.17966874930291,36.2581529649327,0 36.17969069241839,36.25813930836966,0 36.17971364190132,36.25812678404889,0 36.17973750816949,36.25811543852179,0 36.17976219944961,36.25810531738684,0 36.17978761978047,36.25809645893403,0 36.17981367002754,36.25808889687247,0 36.17984025115359,36.25808266220992,0 36.1798672599982,36.25807777684481,0 36.17989459120975,36.25807426172273,0 36.17992213864886,36.25807212875853,0 36.17994979738513,36.25807138719213,0 36.17997745937949,36.25807203988157,0 36.18000501789904,36.25807408430851,0 36.18003236529334,36.25807751252584,0 36.1800593974741,36.25808231036191,0 36.1800860093383,36.25808846091771,0 36.18011209721846,36.25809593831593,0 36.18013755970309,36.25810471583131,0 36.18016230015167,36.25811475783908,0 36.18018622202063,36.25812602601323,0 36.18020923226367,36.25813847760411,0 36.18023124254066,36.25815206276346,0 36.18025216676727,36.25816673079508,0 36.18027192582137,36.25818242305605,0 36.18029044058065,36.25819908090346,0 36.18030764222038,36.25821663782637,0 36.18032346191564,36.2582350273139,0 36.18033783993023,36.25825417766218,0 36.18035071992792,36.25827401544515,0 36.18036205129339,36.25829446286554,0 36.18037179237049,36.25831544053501,0 36.18037990372651,36.25833686911759,0 36.18038635501757,36.25835866408438,0 36.18039112028215,36.25838074281221,0 36.1803941815358,36.25840301745875,0 36.18039552733529,36.25842540394081,0 36.18039515192609,36.25844781470443,0 36.18039305619222,36.25847016325339,0 36.18038924994468,36.25849236240081,0 36.18038374623284,36.25851432773983,0 36.18037656817732,36.25853597329859,0 36.18036774105774,36.25855721495863,0 36.18035730117491,36.25857797156504,0 36.18034528813286,36.25859816294204,0 36.18033174817437,36.25861770997167,0 36.18031673408374,36.25863653729505,0 36.18030030410755,36.25865457238589,0 36.18028252087495,36.25867174462368,0 36.18026345349205,36.25868798894806,0 36.18024317659183,36.25870324133025,0 36.18022176902809,36.25871744414959,0 36.18019931073431,36.25873054071219,0 36.18017589139146,36.2587424817639,0 36.18015160172775,36.25875321987775,0 36.18012653332431,36.25876271485672,0 36.18010078544801,36.25877092938885,0 36.18007445609211,36.25877783063827,0 36.18004764851764,36.2587833940045,0 36.18002046484147,36.25878759576129,0 36.17999301241581,36.25879042131827,0 36.17996539516025,36.25879185870784,0 36.17993772118259,36.25879190327096,0 
								</coordinates>
							</LinearRing>
						</outerBoundaryIs>
					</Polygon>
				</MultiGeometry>
			</Placemark>
			<Placemark id="ID_40003">
				<name>Mazmanlı Kaynakları</name>
				<visibility>0</visibility>
				<Snippet maxLines="0"></Snippet>
				<description><![CDATA[<html xmlns:fo="http://www.w3.org/1999/XSL/Format" xmlns:msxsl="urn:schemas-microsoft-com:xslt">

<head>

<META http-equiv="Content-Type" content="text/html">

<meta http-equiv="content-type" content="text/html; charset=UTF-8">

</head>

<body style="margin:0px 0px 0px 0px;overflow:auto;background:#FFFFFF;">

<table style="font-family:Arial,Verdana,Times;font-size:12px;text-align:left;width:100%;border-collapse:collapse;padding:3px 3px 3px 3px">

<tr style="text-align:center;font-weight:bold;background:#9CBCE2">

<td>Mazmanlı Kaynakları</td>

</tr>

<tr>

<td>

<table style="font-family:Arial,Verdana,Times;font-size:12px;text-align:left;width:100%;border-spacing:0px; padding:3px 3px 3px 3px">

<tr>

<td>SHAPE</td>

<td>Polygon</td>

</tr>

<tr bgcolor="#D4E4F3">

<td>Adi</td>

<td>Mazmanlı Kaynakları</td>

</tr>

<tr>

<td>SHAPE_Length</td>

<td>12625.634786</td>

</tr>

<tr bgcolor="#D4E4F3">

<td>SHAPE_Area</td>

<td>330773.258824</td>

</tr>

</table>

</td>

</tr>

</table>

</body>

</html>]]></description>
				<styleUrl>#PolyStyle40</styleUrl>
				<MultiGeometry>
					<Polygon>
						<outerBoundaryIs>
							<LinearRing>
								<coordinates>
									36.5606952361645,36.66094759054957,0 36.56076385409583,36.66095960083791,0 36.56083006153028,36.66097844455391,0 36.56089281630494,36.66100382546473,0 36.56095112656076,36.66103534202251,0 36.56100407611279,36.66107249869852,0 36.56105082657177,36.66111470963142,0 36.56109064165405,36.66116130813702,0 36.56112289460933,36.66121155947746,0 36.56114707464447,36.6612646700049,0 36.56116280315317,36.66131980461727,0 36.56116982907484,36.66137609207045,0 36.56116804389323,36.66143264601386,0 36.56115747464585,36.66148857386001,0 36.56113828903199,36.66154299221024,0 36.56111078925576,36.66159504475391,0 36.56107540727133,36.66164391118383,0 36.56103270220686,36.66168881795898,0 36.56098334850355,36.66172905969201,0 36.56092812470806,36.66176399982148,0 36.56086789839922,36.66179308742743,0 36.5608036248136,36.66181586531491,0 36.56073631207509,36.66183197290726,0 36.56066702420628,36.66184115712309,0 36.56059685650424,36.66184327277325,0 36.56052691080217,36.66183828656035,0 36.5604582932604,36.66182627613227,0 36.56039208412388,36.66180743126464,0 36.56032932889089,36.66178205007468,0 36.56027101838824,36.66175053230356,0 36.56021806873285,36.6617133762016,0 36.56017131840405,36.66167116494874,0 36.56013150364881,36.66162456614995,0 36.5600992511969,36.6615743145614,0 36.56007507180985,36.66152120384663,0 36.56005934405321,36.66146606911941,0 36.56005231894032,36.66140978163115,0 36.56005410493665,36.66135322773457,0 36.56006467383552,36.6612972999913,0 36.56008386127156,36.66124288096025,0 36.56011136270544,36.66119082869509,0 36.56014674388479,36.66114196434186,0 36.56018944803623,36.66109705696529,0 36.56023880168327,36.66105681645879,0 36.5602940274842,36.66102187668417,0 36.56035425119553,36.66099278750388,0 36.56041852640828,36.66097001078231,0 36.5604858384696,36.66095390244157,0 36.5605551233159,36.66094471825551,0 36.56062529237873,36.66094260444659,0 36.5606952361645,36.66094759054957,0 
								</coordinates>
							</LinearRing>
						</outerBoundaryIs>
					</Polygon>
					<Polygon>
						<outerBoundaryIs>
							<LinearRing>
								<coordinates>
									36.5434112067928,36.66344008140198,0 36.54347982256653,36.66345210071387,0 36.54354602733272,36.66347095396436,0 36.54360877788109,36.66349634384689,0 36.54366708350875,36.66352786959548,0 36.54372002479545,36.66356503458168,0 36.54376676575724,36.66360725107123,0 36.54380657239332,36.66365385502598,0 36.54383881477897,36.66370411065289,0 36.54386298337725,36.66375722515987,0 36.54387869870057,36.66381236157233,0 36.54388571323291,36.66386864868613,0 36.54388391633354,36.66392520279835,0 36.54387333423876,36.66398112770762,0 36.54385413588324,36.6640355427725,0 36.54382662143571,36.664087591688,0 36.54379122875017,36.66413645073009,0 36.54374851361708,36.66418135178109,0 36.5436991496782,36.66422158503227,0 36.54364391552802,36.66425651764443,0 36.54358368230159,36.66428559709741,0 36.54351940091838,36.66430836534727,0 36.54345208293302,36.66432446293803,0 36.54338279245073,36.66433363694639,0 36.54331261926642,36.66433574132891,0 36.54324267525149,36.66433074495888,0 36.54317405766025,36.66431872456032,0 36.5431078523104,36.66429987018081,0 36.54304510242206,36.664274480042,0 36.54298679651963,36.66424295398059,0 36.54293385398332,36.66420579044598,0 36.54288711206294,36.66416357271275,0 36.54284730687243,36.66411696848792,0 36.54281506610862,36.66406671263619,0 36.54279089704091,36.66401359791904,0 36.54277518132336,36.66395846226962,0 36.54276816874663,36.66390217424348,0 36.54276996757872,36.66384562020145,0 36.54278055044285,36.66378969541833,0 36.54279974947394,36.66373528055065,0 36.54282726222493,36.66368323184486,0 36.54286265642632,36.66363437222366,0 36.54290537170675,36.66358947239557,0 36.54295473673515,36.66354923949335,0 36.54300996953641,36.66351430716707,0 36.5430702011972,36.66348522886435,0 36.54313448423553,36.66346246087988,0 36.54320179927896,36.66344636339499,0 36.54327109009231,36.66343718948497,0 36.5433412613976,36.66343508327182,0 36.5434112067928,36.66344008140198,0 
								</coordinates>
							</LinearRing>
						</outerBoundaryIs>
					</Polygon>
					<Polygon>
						<outerBoundaryIs>
							<LinearRing>
								<coordinates>
									36.49896684460067,36.66273079801209,0 36.49903545127831,36.66274284447626,0 36.49910164426927,36.66276172205318,0 36.49916437830157,36.66278713390694,0 36.49922266284601,36.66281868161237,0 36.49927558229585,36.662855863776,0 36.49932229862031,36.66289809772098,0 36.49936207610399,36.66294471550017,0 36.49939428858932,36.66299498207237,0 36.49941842589318,36.66304810444904,0 36.49943410902105,36.66310324553206,0 36.49944109096555,36.66315953404376,0 36.4994392616268,36.66321608535851,0 36.49942864655026,36.66327200598246,0 36.49940941858394,36.66332641362557,0 36.49938187620218,36.66337845026521,0 36.49934645424886,36.66342729589064,0 36.49930371464513,36.66347217912328,0 36.4992543302148,36.66351239309959,0 36.49919907659675,36.66354730341303,0 36.49913882963021,36.66357635977575,0 36.49907453602614,36.66359910351416,0 36.49900721198622,36.66361517565158,0 36.49893791725654,36.66362432357347,0 36.49886774724264,36.66362640266446,0 36.4987978071794,36.66362137937067,0 36.49872919974506,36.66360933364342,0 36.4986630061136,36.66359045673816,0 36.49860027280079,36.66356504282677,0 36.49854198683588,36.66353349568533,0 36.49848906731309,36.66349631319496,0 36.49844235112077,36.66345407893015,0 36.49840257396605,36.66340746085817,0 36.49837036195658,36.6633571949392,0 36.49834622533128,36.66330407147545,0 36.49833054295637,36.66324893027868,0 36.49832356185024,36.6631926408324,0 36.49832539200363,36.66313608956564,0 36.49833600779068,36.66308017086992,0 36.4983552364318,36.66302576342471,0 36.49838278049889,36.66297372616437,0 36.49841819946648,36.66292488076732,0 36.49846094036265,36.66287999788065,0 36.49851032588104,36.6628397842537,0 36.4985655792667,36.66280487424901,0 36.49862582581297,36.66277581815855,0 36.49869011771734,36.66275307461529,0 36.49875744328632,36.66273700267614,0 36.49882673613994,36.66272785390457,0 36.49889690527716,36.66272577660775,0 36.49896684460067,36.66273079801209,0 
								</coordinates>
							</LinearRing>
						</outerBoundaryIs>
					</Polygon>
					<Polygon>
						<outerBoundaryIs>
							<LinearRing>
								<coordinates>
									36.50284462162839,36.66319975077978,0 36.50291322951253,36.66321179324413,0 36.50297942394406,36.66323066961375,0 36.50304215862637,36.66325607946013,0 36.50310044635626,36.66328762445971,0 36.50315336802448,36.66332480677992,0 36.50320008682797,36.66336703929029,0 36.50323986813005,36.66341365408967,0 36.50327208111433,36.66346392056519,0 36.50329622240706,36.66351704138089,0 36.50331190841001,36.66357218205745,0 36.50331889427709,36.66362847227116,0 36.50331706553729,36.66368502280138,0 36.50330645428279,36.663740943895,0 36.50328722890549,36.66379535135972,0 36.50325968886997,36.66384738988698,0 36.503224270217,36.66389623587144,0 36.50318153248149,36.66394112147053,0 36.50313214854467,36.66398133709571,0 36.50307689622671,36.66401624926171,0 36.50301665131726,36.66404530855198,0 36.50295235724554,36.66406805348916,0 36.50288503346987,36.6640841278353,0 36.5028157397613,36.66409327804043,0 36.50274556817315,36.66409535938309,0 36.50267562618327,36.66409033832053,0 36.50260701757152,36.66407829569255,0 36.50254082252855,36.66405941909398,0 36.50247808741851,36.66403400806718,0 36.50241979938597,36.66400246365511,0 36.50236687876261,36.66396528103162,0 36.50232016003292,36.66392305000268,0 36.50228038023578,36.66387643313264,0 36.50224816549152,36.66382616726341,0 36.50222402490633,36.66377304445994,0 36.50220833962718,36.66371790457017,0 36.50220135677606,36.66366161526997,0 36.5022031841238,36.66360506384016,0 36.50221379614721,36.66354914287343,0 36.5022330244643,36.66349473475283,0 36.50226056500909,36.66344269738259,0 36.50229598294136,36.66339385077286,0 36.50233872082243,36.66334896639688,0 36.50238810472954,36.66330875109756,0 36.50244335569732,36.66327383921689,0 36.50250360354034,36.66324478026927,0 36.5025678937057,36.66322203457978,0 36.50263521898138,36.66320596133255,0 36.50270451193178,36.6631968103013,0 36.50277468155451,36.66319472982879,0 36.50284462162839,36.66319975077978,0 
								</coordinates>
							</LinearRing>
						</outerBoundaryIs>
					</Polygon>
					<Polygon>
						<outerBoundaryIs>
							<LinearRing>
								<coordinates>
									36.55233899071744,36.66518316721562,0 36.55240761079939,36.66519518240776,0 36.55247381841147,36.66521402989775,0 36.55253657352117,36.66523941612679,0 36.55259488434932,36.66527093677518,0 36.55264783021912,36.66530809705906,0 36.55269457944326,36.66535031209776,0 36.5527343913886,36.66539691236302,0 36.55276663929773,36.6654471648765,0 36.5527908157368,36.66550027782742,0 36.55280653887638,36.66555541421993,0 36.5528135589152,36.66561170101748,0 36.55281176731604,36.66566825546846,0 36.55280119244932,36.66572418141184,0 36.55278199865314,36.66577859899886,0 36.55275449056391,36.66583064928874,0 36.5527191013671,36.66587951203235,0 36.5526763913664,36.66592441555693,0 36.55262702958294,36.66596465261093,0 36.55257179794229,36.66599958946316,0 36.55251156642171,36.66602867350356,0 36.55244728594241,36.66605144571511,0 36.55237996907751,36.66606754929025,0 36.55231067781005,36.66607672757713,0 36.55224050518736,36.66607883812241,0 36.55217055539539,36.66607384595319,0 36.5521019345565,36.66606183149889,0 36.55203572638896,36.66604298197937,0 36.55197297079253,36.66601759637173,0 36.5519146596893,36.66598607541054,0 36.55186171262687,36.66594891477701,0 36.55181496576916,36.66590669946432,0 36.55177515191519,36.66586009885985,0 36.55174290565629,36.66580984522065,0 36.55171872871907,36.66575673296017,0 36.55170300853928,36.6657015973996,0 36.55169598824855,36.66564530874279,0 36.55169778060549,36.66558875614011,0 36.55170835624171,36.6655328303227,0 36.55172755071369,36.66547841293276,0 36.55175505934255,36.66542636289865,0 36.55179044670149,36.66537749950678,0 36.5518331591144,36.66533259635045,0 36.55188252089827,36.66529235872167,0 36.55193775227966,36.66525742307914,0 36.55199798226344,36.66522833928853,0 36.55206226328009,36.66520556731933,0 36.55212957943908,36.66518946389635,0 36.55219887103764,36.66518028570791,0 36.55226904172398,36.66517817513356,0 36.55233899071744,36.66518316721562,0 
								</coordinates>
							</LinearRing>
						</outerBoundaryIs>
					</Polygon>
					<Polygon>
						<outerBoundaryIs>
							<LinearRing>
								<coordinates>
									36.50088725850591,36.66457361605281,0 36.50095586722704,36.66458565967833,0 36.50102206227456,36.6646045371598,0 36.50108479731306,36.66462994895169,0 36.50114308407355,36.66466149488937,0 36.50119600568035,36.66469867717196,0 36.50124272418469,36.66474090953254,0 36.501282503779,36.66478752583597,0 36.50131471712584,36.66483779192726,0 36.50133885736462,36.66489091489554,0 36.50135454329418,36.6649460557997,0 36.50136152558639,36.66500234511959,0 36.50135969752995,36.6650588964998,0 36.50134908467911,36.66511481554488,0 36.50132985527716,36.66516922347022,0 36.50130231340455,36.66522126146476,0 36.50126689395491,36.66527010770937,0 36.50122415434442,36.66531499162311,0 36.50117476851484,36.6653552063552,0 36.5011195143162,36.66539011843442,0 36.50105926656598,36.66541917483388,0 36.5009949730184,36.66544191959057,0 36.50092764544932,36.66545799271762,0 36.50085835145075,36.66546714174844,0 36.50078817862648,36.66546922188658,0 36.50071823559181,36.66546419963172,0 36.50064962614306,36.66545215584252,0 36.50058343160203,36.66543327815555,0 36.50052069607757,36.66540786698443,0 36.50046240683685,36.66537631978606,0 36.50040948739293,36.66533913722365,0 36.50036276904982,36.66529690364257,0 36.50032298975526,36.66525028794694,0 36.5002907757955,36.66520002158473,0 36.50026663620615,36.66514689842997,0 36.50025095214753,36.66509175743547,0 36.50024396842873,36.66503546803466,0 36.5002457995066,36.66497891764998,0 36.50025641206672,36.66492299690709,0 36.50027564214354,36.66486858917968,0 36.50030318452539,36.66481655234217,0 36.50033860434309,36.66476770639642,0 36.50038134412823,36.66472282280517,0 36.50043072992801,36.66468260839896,0 36.50048598389432,36.66464769662851,0 36.50054623122427,36.66461864050135,0 36.50061052419006,36.66459589596332,0 36.50067785105233,36.66457982298762,0 36.50074714429269,36.66457067313065,0 36.50081731626938,36.6645685938861,0 36.50088725850591,36.66457361605281,0 
								</coordinates>
							</LinearRing>
						</outerBoundaryIs>
					</Polygon>
					<Polygon>
						<outerBoundaryIs>
							<LinearRing>
								<coordinates>
									36.49865685048931,36.66504948275956,0 36.49872546141242,36.66506152862112,0 36.4987916540364,36.66508040638957,0 36.49885438867856,36.66510581844211,0 36.49891267701828,36.66513736639701,0 36.49896559556969,36.66517454959383,0 36.49901231304622,36.66521678369258,0 36.49905209150762,36.66526339979602,0 36.49908430466526,36.66531366646355,0 36.49910844350158,36.66536678892737,0 36.49912412677971,36.66542193004129,0 36.49913110969663,36.66547821947486,0 36.49912927885876,36.66553477073072,0 36.49911866317133,36.66559069038603,0 36.49909943319837,36.66564509790613,0 36.49907189081112,36.66569713443975,0 36.49903646863525,36.6657459799313,0 36.49899372637732,36.66579086295761,0 36.4989443401808,36.66583107852981,0 36.4988890847393,36.66586598771793,0 36.49882883577556,36.66589504474084,0 36.49876454123691,36.6659177882503,0 36.4986972139745,36.66593386010382,0 36.49862791826848,36.66594300688426,0 36.49855774502785,36.66594508568772,0 36.49848780287455,36.665940063035,0 36.49841919234174,36.66592801703319,0 36.49835299689966,36.66590913808812,0 36.49829026182989,36.66588372485509,0 36.49823197539426,36.66585217843524,0 36.49817905456322,36.66581499396405,0 36.49813233718971,36.66577276044611,0 36.49809255911559,36.66572614224854,0 36.49806034643387,36.66567587623422,0 36.4980362082762,36.66562275268335,0 36.49802052572196,36.66556761235625,0 36.49801354587939,36.6655113220351,0 36.49801537750281,36.66545477172789,0 36.49802599175246,36.66539885125194,0 36.4980452235182,36.66534444395327,0 36.49807276641463,36.66529240857673,0 36.49810818895851,36.66524356338407,0 36.49815093142016,36.66519867977962,0 36.49820031752851,36.66515846633457,0 36.49825557279593,36.66512355565399,0 36.49831582128101,36.66509450070459,0 36.49838011523777,36.66507175741378,0 36.49844744067541,36.66505568568807,0 36.49851673677031,36.6650465372043,0 36.49858690801621,36.66504446017152,0 36.49865685048931,36.66504948275956,0 
								</coordinates>
							</LinearRing>
						</outerBoundaryIs>
					</Polygon>
					<Polygon>
						<outerBoundaryIs>
							<LinearRing>
								<coordinates>
									36.56983547104036,36.66696565847546,0 36.56990409601736,36.66697766283016,0 36.56997031213901,36.66699650263852,0 36.5700330738538,36.66702187897334,0 36.57009139250101,36.66705339132777,0 36.57014434952775,36.66709054419361,0 36.57019110867337,36.66713275091436,0 36.57023093346101,36.66717934665932,0 36.57026319367932,36.66722959576537,0 36.5702873828464,36.66728270561166,0 36.57030311890393,36.66733784015207,0 36.57031015293575,36.667394127303,0 36.57030837296158,36.66745068065038,0 36.57029781033494,36.6675066094943,0 36.57027862819608,36.66756103032932,0 36.57025113096915,36.66761308506381,0 36.5702157528148,36.66766195250078,0 36.57017305044137,36.66770686351288,0 36.57012369728879,36.66774710813427,0 36.57006847178199,36.66778205334644,0 36.57000824606552,36.6678111455526,0 36.56994396754797,36.66783392822652,0 36.56987665107496,36.66785004175331,0 36.56980735969483,36.6678592302472,0 36.56973718422117,36.66786135104824,0 36.56966723222089,36.66785636909021,0 36.56959860877957,36.66784436371799,0 36.56953239087024,36.66782552546018,0 36.5694696287251,36.66780014794561,0 36.56941130868424,36.66776863525564,0 36.56935835272862,36.66773148118534,0 36.5693115937129,36.66768927414455,0 36.56927176925211,36.66764267810621,0 36.56923950841908,36.66759242872905,0 36.56921532098977,36.66753931961878,0 36.5691995867741,36.66748418588685,0 36.56919255357958,36.66742789779996,0 36.56919433216101,36.66737134355289,0 36.56920489776516,36.66731541578099,0 36.56922407834413,36.66726099509709,0 36.56925157608279,36.66720894151884,0 36.56928695687161,36.66716007352509,0 36.56932965827551,36.66711516371303,0 36.56937901257525,36.66707491763902,0 36.56943423667715,36.66703997451454,0 36.56949446312162,36.66701088170348,0 36.5695587410589,36.66698809924917,0 36.56962605459018,36.6669719858292,0 36.56969534630154,36.6669627974339,0 36.56976552095676,36.66696067662712,0 36.56983547104036,36.66696565847546,0 
								</coordinates>
							</LinearRing>
						</outerBoundaryIs>
					</Polygon>
					<Polygon>
						<outerBoundaryIs>
							<LinearRing>
								<coordinates>
									36.52970508126559,36.66701526097884,0 36.52977369756536,36.66702728912982,0 36.52983990267731,36.66704615001081,0 36.52990265113858,36.66707154704953,0 36.52996095342597,36.6671030784896,0 36.53001389014348,36.66714024849934,0 36.53006062755831,36.66718247109859,0 36.53010042516743,36.66722907842635,0 36.53013265974649,36.66727933836299,0 36.53015681973162,36.66733245531419,0 36.53017252686022,36.66738759319087,0 36.5301795314698,36.66744388252106,0 36.53017772327613,36.66750043329085,0 36.53016713177279,36.66755635748364,0 36.53014792058513,36.66761077076562,0 36.53012039790284,36.66766281613474,0 36.53008499389093,36.6677116706624,0 36.53004226897237,36.66775656639427,0 36.52999289470755,36.66779679355908,0 36.52993765318985,36.66783171948288,0 36.52987741236326,36.66786079078108,0 36.52981312429912,36.66788355224944,0 36.52974580189015,36.66789964097349,0 36.52967650586017,36.66790880768913,0 36.52960633063201,36.66791090387237,0 36.52953638253679,36.66790589841076,0 36.52946776550888,36.66789387009656,0 36.5294015597848,36.66787500898702,0 36.52933881310189,36.66784961171516,0 36.52928051054008,36.66781807996211,0 36.52922757265944,36.66778090870179,0 36.52918083646499,36.66773868670644,0 36.52914103809475,36.66769207816174,0 36.52910880508041,36.66764181980183,0 36.52908464350819,36.66758870261728,0 36.5290689382791,36.66753356374883,0 36.52906193444996,36.66747727528475,0 36.52906374351611,36.66742072276112,0 36.52907433690677,36.66736479871794,0 36.52909354653389,36.66731038558699,0 36.52912107081571,36.66725834229843,0 36.52915647522534,36.66720948716874,0 36.52919920029066,36.66716459265991,0 36.52924857231947,36.66712436487393,0 36.52930381581291,36.66708944020614,0 36.52936405624879,36.6670603682799,0 36.52942834367411,36.66703760883192,0 36.52949566543431,36.6670215184584,0 36.52956496067711,36.66701235181777,0 36.52963513508678,36.66701025562802,0 36.52970508126559,36.66701526097884,0 
								</coordinates>
							</LinearRing>
						</outerBoundaryIs>
					</Polygon>
					<Polygon>
						<outerBoundaryIs>
							<LinearRing>
								<coordinates>
									36.50385456508686,36.66656453708551,0 36.50392317835807,36.66657657912749,0 36.50398937367044,36.66659545499736,0 36.50405211247469,36.66662086533849,0 36.5041104020174,36.66665240901502,0 36.50416332641017,36.66668959097281,0 36.50421004660002,36.66673182313966,0 36.50424983014677,36.66677843766635,0 36.50428204734561,36.6668287030671,0 36.504306189086,36.66688182549475,0 36.50432187636132,36.66693696606321,0 36.50432886204052,36.66699325530423,0 36.5043270360518,36.66704980589299,0 36.50431642491868,36.66710572705831,0 36.50429719700206,36.66716013550738,0 36.50426965635897,36.6672121724209,0 36.50423423663018,36.66726101954744,0 36.50419149748357,36.66730590543806,0 36.50414211179348,36.66734612140029,0 36.50408685961453,36.66738103489106,0 36.50402660903069,36.66741009362183,0 36.50396231460031,36.66743283904516,0 36.50389498802619,36.66744891385136,0 36.5038256913594,36.66745806453012,0 36.50375551672894,36.6674601454519,0 36.50368557269184,36.66745512579168,0 36.50361695981081,36.6674430836095,0 36.50355076165097,36.66742420746378,0 36.50348802347861,36.66739879776691,0 36.50342973257343,36.66736725285315,0 36.5033768103435,36.66733007061549,0 36.50333008802063,36.66728783898249,0 36.5032903048609,36.66724122236165,0 36.50325809037388,36.66719095766094,0 36.50323394813585,36.66713783592393,0 36.50321826049559,36.66708269521814,0 36.50321127674373,36.66702640596652,0 36.50321310472342,36.66696985364787,0 36.50322371544941,36.66691393438725,0 36.503242944041,36.66685952613602,0 36.50327048528081,36.66680748767764,0 36.50330590425983,36.66675864082651,0 36.50334864467001,36.6667137561825,0 36.50339803035953,36.66667353964552,0 36.50345328224802,36.66663862826481,0 36.50351353132277,36.66660956888233,0 36.50357782517137,36.66658682367773,0 36.50364515106779,36.6665707481223,0 36.50371444803604,36.66656159844217,0 36.50378462296592,36.66655951753684,0 36.50385456508686,36.66656453708551,0 
								</coordinates>
							</LinearRing>
						</outerBoundaryIs>
					</Polygon>
					<Polygon>
						<outerBoundaryIs>
							<LinearRing>
								<coordinates>
									36.49971502459156,36.66691925713887,0 36.49978363515344,36.66693130150846,0 36.49984983185385,36.66695017970105,0 36.49991256833128,36.66697559215987,0 36.49997085632322,36.66700713780914,0 36.50002377772966,36.6670443215168,0 36.50007049691021,36.66708655435227,0 36.50011027798833,36.66713317197423,0 36.50014249256072,36.66718343839674,0 36.50016663264711,36.66723656068058,0 36.50018231699094,36.66729170168247,0 36.50018929853647,36.6673479910267,0 36.50018746949542,36.66740454143341,0 36.50017685423259,36.66746046118662,0 36.50015762445251,36.66751486887296,0 36.50013008199418,36.66756690653923,0 36.50009465954221,36.66761575232485,0 36.50005191677838,36.6676606357027,0 36.50000252876536,36.6677008507542,0 36.49994727350374,36.66773576041479,0 36.49988702340643,36.66776481792511,0 36.49982272755654,36.66778756195277,0 36.49975539885501,36.66780363344645,0 36.49968610148858,36.66781278258301,0 36.49961592656644,36.66781486104601,0 36.49954598153207,36.66780983802584,0 36.49947737024247,36.66779779349251,0 36.49941117404855,36.66777891509442,0 36.49934843599631,36.66775350233221,0 36.49929014661291,36.66772195634628,0 36.49923722510435,36.66768477321248,0 36.49919050608511,36.66764253915649,0 36.49915072754273,36.66759592218926,0 36.49911851347545,36.66754565551932,0 36.49909437403856,36.66749253304899,0 36.49907869044785,36.66743739193328,0 36.49907170747576,36.66738110250812,0 36.49907353959669,36.66732455129577,0 36.49908415342176,36.66726863072191,0 36.49910338499474,36.66721422325697,0 36.49913092793318,36.66716218764844,0 36.49916635075321,36.66711334216169,0 36.49920909369165,36.6670684591064,0 36.49925848167484,36.66702824438077,0 36.49931373673322,36.66699333412836,0 36.4993739864102,36.66696427689036,0 36.49943828164903,36.66694153398201,0 36.49950560855487,36.66692546171553,0 36.49957490622266,36.66691631357755,0 36.49964508035541,36.66691423420685,0 36.49971502459156,36.66691925713887,0 
								</coordinates>
							</LinearRing>
						</outerBoundaryIs>
					</Polygon>
					<Polygon>
						<outerBoundaryIs>
							<LinearRing>
								<coordinates>
									36.49872023527433,36.66758329709426,0 36.49878884620237,36.6675953429536,0 36.49885504212737,36.66761421988554,0 36.49891777877346,36.66763963287455,0 36.49897606899346,36.66767118085994,0 36.49902898924251,36.6677083640814,0 36.49907570938371,36.6677505964208,0 36.49911548901321,36.66779721523807,0 36.49914770205588,36.66784748188733,0 36.49917184162679,36.66790060434958,0 36.49918752535949,36.66795574545523,0 36.49919450844389,36.66801203487386,0 36.49919267639483,36.6680685851843,0 36.49918206253302,36.66812450485923,0 36.49916283072127,36.66817891322346,0 36.49913528737185,36.66823094971902,0 36.4990998640076,36.66827979426735,0 36.49905712029599,36.66832467724724,0 36.49900773246179,36.66836489186932,0 36.49895247510814,36.66839980280688,0 36.49889222307328,36.66842885795171,0 36.49882792639722,36.6684516014072,0 36.49876059802308,36.66846767323041,0 36.49869130000113,36.66847682085875,0 36.49862112557066,36.6684788996348,0 36.49855118003612,36.66847387600974,0 36.49848256723324,36.66846183086379,0 36.49841637075507,36.66844295190157,0 36.49835363365216,36.66841753863269,0 36.49829534310033,36.66838599213533,0 36.49824242277835,36.66834880858708,0 36.49819570282767,36.66830657412654,0 36.49815592346886,36.66825995681767,0 36.4981237109605,36.66820968902033,0 36.49809957200997,36.66815656727224,0 36.49808388905957,36.66810142515219,0 36.4980769067846,36.66804513569961,0 36.49807873853052,36.66798858541369,0 36.49808935539728,36.66793266591272,0 36.49810858564803,36.66787825769944,0 36.49813613065383,36.66782622148385,0 36.49817155550409,36.66777737725793,0 36.49821429721268,36.66773249275231,0 36.49826368610584,36.66769227938028,0 36.49831894205075,36.6676573705293,0 36.49837919372355,36.66762831385551,0 36.49844349093564,36.6676055706422,0 36.49851081969167,36.66758949989443,0 36.49858011583734,36.66758035141644,0 36.49865029050888,36.66757827445803,0 36.49872023527433,36.66758329709426,0 
								</coordinates>
							</LinearRing>
						</outerBoundaryIs>
					</Polygon>
					<Polygon>
						<outerBoundaryIs>
							<LinearRing>
								<coordinates>
									36.5007124731266,36.66824700279685,0 36.50078108501662,36.66825904754002,0 36.50084728199504,36.66827792520272,0 36.50091001991424,36.66830333628318,0 36.50096831149087,36.66833488333906,0 36.50102123433485,36.66837206484696,0 36.50106795369798,36.66841429821055,0 36.50110773606445,36.66846091463774,0 36.50113995180566,36.66851118082566,0 36.50116409295207,36.66856430293819,0 36.50117977823038,36.66861944383474,0 36.50118676165896,36.66867573406535,0 36.50118493102341,36.66873228445557,0 36.50117431844592,36.66878820525459,0 36.50115508788506,36.66884261218125,0 36.50112754444155,36.66889465005206,0 36.50109212418091,36.66894349617264,0 36.50104938116656,36.6689883807946,0 36.50099999281728,36.66902859443837,0 36.5009447369358,36.66906350633756,0 36.50088448394114,36.66909256247396,0 36.50082018722478,36.66911530700537,0 36.5007528585833,36.66913138084905,0 36.50068356012907,36.66914052962346,0 36.50061338510819,36.66914260865318,0 36.50054343765859,36.66913758614891,0 36.50047482501164,36.66912554214263,0 36.50040862742168,36.66910666425094,0 36.50034588795673,36.66908125196651,0 36.50028759828422,36.66904970644564,0 36.50023467430755,36.66901252278619,0 36.5001879550474,36.66897029000334,0 36.50014817303903,36.66892367238264,0 36.50011595777379,36.66887340684789,0 36.50009181842405,36.6688202836717,0 36.50007613386973,36.66876514356196,0 36.50006915010345,36.66870885417451,0 36.50007098158302,36.66865230293164,0 36.5000815949296,36.66859638225954,0 36.50010082616542,36.66854197553082,0 36.50012837011826,36.66848993881712,0 36.50016379189417,36.66844109211826,0 36.50020653393604,36.668396208696,0 36.50025592343179,36.66835599360036,0 36.50031117790463,36.66832108378777,0 36.50037142941925,36.66829202609897,0 36.50043572664254,36.66826928271037,0 36.50050305566594,36.66825320994215,0 36.50057235221469,36.66824406121876,0 36.50064252756411,36.66824198130485,0 36.5007124731266,36.66824700279685,0 
								</coordinates>
							</LinearRing>
						</outerBoundaryIs>
					</Polygon>
					<Polygon>
						<outerBoundaryIs>
							<LinearRing>
								<coordinates>
									36.52301605590867,36.66907376155331,0 36.52308467275374,36.66908579358864,0 36.52315087660504,36.66910465906893,0 36.52321362432406,36.66913005870775,0 36.52327192516638,36.66916159427284,0 36.52332485981592,36.66919876808032,0 36.52337159351178,36.6692409922799,0 36.52341138903107,36.66928760264295,0 36.52344361884282,36.66933786332113,0 36.5234677758268,36.6693909814887,0 36.523483478489,36.6694461191668,0 36.52349047717999,36.66950240867359,0 36.52348866392752,36.6695589600385,0 36.52347806612589,36.66961488340208,0 36.52345885195433,36.66966929453597,0 36.52343132291949,36.66972133812065,0 36.52339591376997,36.66977019044739,0 36.52335318389156,36.66981508357343,0 36.52330380604101,36.66985530779179,0 36.52324856014977,36.66989023042897,0 36.52318831534902,36.66991929817531,0 36.52312402380135,36.66994205498204,0 36.52305669722171,36.66995814157327,0 36.52298739993693,36.66996730251185,0 36.52291722173433,36.66996939554834,0 36.52284727356129,36.66996438612423,0 36.5227786548412,36.66995235480292,0 36.52271245037787,36.66993348909397,0 36.52264970446625,36.6699080883214,0 36.52259140332082,36.66987655334392,0 36.52253846859754,36.66983937920968,0 36.52249173391508,36.66979715466687,0 36.5224519387241,36.66975054401076,0 36.52241970826999,36.66970028396223,0 36.52239555305313,36.66964716563108,0 36.5223798523196,36.66959202606075,0 36.52237285326215,36.66953573829756,0 36.52237466626932,36.66947918515563,0 36.52238526478252,36.6694232637199,0 36.52240448077637,36.66936885190619,0 36.52243200923225,36.66931680855441,0 36.52246741875053,36.66926795652639,0 36.52251014883321,36.66922306282213,0 36.5225595277438,36.66918283985363,0 36.52261477340338,36.66914791752539,0 36.5226750177844,36.66911885005158,0 36.52273930875067,36.66909609346384,0 36.52280663462373,36.66908000702436,0 36.52287593115008,36.66907084526004,0 36.52294610738717,36.6690687530943,0 36.52301605590867,36.66907376155331,0 
								</coordinates>
							</LinearRing>
						</outerBoundaryIs>
					</Polygon>
					<Polygon>
						<outerBoundaryIs>
							<LinearRing>
								<coordinates>
									36.50214156062255,36.66868256144323,0 36.50221017425579,36.66869460630852,0 36.50227637202664,36.66871348230148,0 36.50233911189484,36.66873889358185,0 36.50239740335523,36.66877043814524,0 36.50245032715284,36.66880762085356,0 36.50249704763861,36.66884985189145,0 36.50253683107601,36.6688964687795,0 36.50256904681767,36.66894673459578,0 36.50259318908321,36.66899985645724,0 36.50260887655258,36.66905499812787,0 36.50261585996017,36.66911128738779,0 36.50261403257727,36.66916783788254,0 36.5026034198313,36.66922375881892,0 36.50258419013777,36.66927816600713,0 36.50255664746572,36.66933020423606,0 36.50252122789768,36.66937904990508,0 36.50247848545743,36.66942393415934,0 36.50242909746778,36.6694641502128,0 36.50237384078165,36.66949906186216,0 36.50231359011077,36.66952812057625,0 36.50224929231113,36.66955086495677,0 36.50218196353473,36.6695669396052,0 36.50211266371828,36.66957608827911,0 36.50204248828992,36.66957816813824,0 36.50197254251199,36.66957314740374,0 36.50190392809268,36.669561104176,0 36.50183772862139,36.66954222702999,0 36.50177499053222,36.66951681551668,0 36.50171669770936,36.66948526971602,0 36.50166377380956,36.6694480875815,0 36.50161705345588,36.66940585622371,0 36.50157727034739,36.66935923904278,0 36.50154505513996,36.66930897207836,0 36.50152091349481,36.66925585093101,0 36.50150522789659,36.66920070916999,0 36.50149824418043,36.66914441985258,0 36.5015000723782,36.6690878694058,0 36.50151068698216,36.66903194952042,0 36.50152991517299,36.66897754068192,0 36.50155745835442,36.66892550361006,0 36.50159288052662,36.66887665828685,0 36.50163562317069,36.66883177345449,0 36.50168501110147,36.6687915586276,0 36.5017402653484,36.66875664633952,0 36.50180051668785,36.66872758882187,0 36.50186481390558,36.66870484466007,0 36.50193214306395,36.66868877108713,0 36.50200143988605,36.66867962154017,0 36.50207161452493,36.6686775407734,0 36.50214156062255,36.66868256144323,0 
								</coordinates>
							</LinearRing>
						</outerBoundaryIs>
					</Polygon>
					<Polygon>
						<outerBoundaryIs>
							<LinearRing>
								<coordinates>
									36.4980270850548,36.66860515193158,0 36.49809569675017,36.66861719821928,0 36.49816189328636,36.66863607736214,0 36.49822463161163,36.66866149075918,0 36.498282920098,36.66869303724967,0 36.49833584287362,36.66873022173529,0 36.49838256094024,36.6687724552031,0 36.49842234180434,36.66881907247129,0 36.4984545558901,36.66886933932302,0 36.49847869525414,36.66892246191172,0 36.49849437862207,36.66897760398989,0 36.49850135901144,36.66903389337779,0 36.49849952862311,36.66909044369554,0 36.49848891184297,36.66914636322851,0 36.49846968148842,36.669200771491,0 36.49844213506936,36.66925280683873,0 36.49840671297861,36.66930165208619,0 36.49836396824875,36.66934653567387,0 36.49831457717851,36.66938674901569,0 36.49825932100764,36.66942165963309,0 36.4981990679123,36.66945071438206,0 36.49813476903799,36.66947345829635,0 36.49806743963874,36.66948952968536,0 36.49799814063382,36.66949867687043,0 36.4979279653364,36.66950075339997,0 36.49785801780165,36.66949573021173,0 36.49778940537853,36.66948368376028,0 36.49772320820166,36.669464805289,0 36.49766046939038,36.66943939251265,0 36.49760218065971,36.66940784480833,0 36.49754925781116,36.6693706599959,0 36.49750253987677,36.6693284262082,0 36.49746275934171,36.66928180864714,0 36.49743054576113,36.66923154154796,0 36.49740640704668,36.6691784187728,0 36.49739072440278,36.66912327748146,0 36.49738374482287,36.66906698805963,0 36.49738557608442,36.66901043598865,0 36.49739619251563,36.66895451655916,0 36.49741542572276,36.6689001103429,0 36.49744297159141,36.66884807432756,0 36.4974783951974,36.66879922850188,0 36.49752114007266,36.6687543461374,0 36.49757052887703,36.6687141330745,0 36.49762578590427,36.66867922369004,0 36.49768603972633,36.66865016833624,0 36.49775033690066,36.66862742461714,0 36.49781766671094,36.66861135340295,0 36.49788696381033,36.66860220626881,0 36.49795713946547,36.66860012795443,0 36.4980270850548,36.66860515193158,0 
								</coordinates>
							</LinearRing>
						</outerBoundaryIs>
					</Polygon>
					<Polygon>
						<outerBoundaryIs>
							<LinearRing>
								<coordinates>
									36.53757835359618,36.67025014372457,0 36.53764697537791,36.67026216660405,0 36.53771318313037,36.67028102412392,0 36.53777593587167,36.67030641716914,0 36.53783424505402,36.67033794587032,0 36.53788718677524,36.67037511255971,0 36.53793393056019,36.67041733137848,0 36.5379737357481,36.67046393631259,0 36.53800597568775,36.6705141943102,0 36.53803014321358,36.67056730899926,0 36.53804585540411,36.67062244692178,0 36.5380528670859,36.67067873510896,0 36.5380510632653,36.67073528796178,0 36.53804047578588,36.67079121120052,0 36.53802127246364,36.6708456268749,0 36.53799375264486,36.67089767237122,0 36.53795835185029,36.67094653024986,0 36.53791562942009,36.6709914297926,0 36.5378662569321,36.6710316593812,0 36.53781101524829,36.67106658896779,0 36.5377507756801,36.67109566427868,0 36.53768648585356,36.67111842905336,0 36.5376191619396,36.67113452308201,0 36.53754986365377,36.67114369430618,0 36.53747968654353,36.67114579505437,0 36.5374097358407,36.67114079502004,0 36.53734111450608,36.67112877019932,0 36.53727490272967,36.67110991418288,0 36.53721214955916,36.67108451995753,0 36.53715384119143,36.67105299186717,0 36.53710089827795,36.6710158248279,0 36.5370541569175,36.67097360393406,0 36.53701435093941,36.67092699868366,0 36.53698211032849,36.67087674221634,0 36.53695794459827,36.67082362646269,0 36.53694223313175,36.67076848932636,0 36.53693522340602,36.67071220022694,0 36.53693702580556,36.67065564737514,0 36.53694761517255,36.67059972428581,0 36.53696682028856,36.67054530883188,0 36.53699433952869,36.67049326356843,0 36.53702974069248,36.67044440598837,0 36.53707246326982,36.67039950766865,0 36.53712183578662,36.67035927660473,0 36.53717707721048,36.6703243482278,0 36.53723731638805,36.67029527228895,0 36.53730160560476,36.67027250863416,0 36.53736892884109,36.6702564138568,0 36.53743822628226,36.67024724450912,0 36.53750840151329,36.67024514193015,0 36.53757835359618,36.67025014372457,0 
								</coordinates>
							</LinearRing>
						</outerBoundaryIs>
					</Polygon>
					<Polygon>
						<outerBoundaryIs>
							<LinearRing>
								<coordinates>
									36.50325439667694,36.69031761126228,0 36.50332302847588,36.69032965525788,0 36.50338924478027,36.690348532184,0 36.50345200222677,36.69037394347459,0 36.50351031000359,36.69040548802566,0 36.50356324862757,36.69044266979876,0 36.50360998321779,36.69048490260502,0 36.50364977662363,36.69053151939237,0 36.50368200131857,36.69058178511182,0 36.50370615026339,36.69063490685829,0 36.50372184097247,36.69069004657298,0 36.50372882843945,36.69074633663499,0 36.50372699816658,36.69080288782608,0 36.50371638235824,36.69085880769502,0 36.50369714824418,36.69091321563369,0 36.50366959887873,36.69096525280779,0 36.50363416699707,36.69101409915155,0 36.50359141357743,36.69105898325189,0 36.5035420105136,36.69109919910877,0 36.50348674046962,36.69113411063904,0 36.50342647060499,36.69116316824925,0 36.5033621558126,36.69118591250903,0 36.50329480696823,36.69120198700418,0 36.50322548875105,36.6912111364888,0 36.50315529471894,36.69121321627629,0 36.50308532708996,36.69120819451883,0 36.50301669456242,36.69119615035947,0 36.50295047646917,36.691177274982,0 36.50288771971262,36.69115186253418,0 36.50282941169101,36.69112031676907,0 36.50277647411214,36.69108313469238,0 36.50272973847751,36.69104090334376,0 36.50268994540089,36.69099428626325,0 36.50265772121153,36.69094402029612,0 36.50263357294602,36.69089089746228,0 36.50261788187254,36.69083575761015,0 36.50261089633418,36.6907794675375,0 36.50261272742281,36.69072291639438,0 36.50262334400108,36.69066699665241,0 36.50264257879092,36.69061258891173,0 36.5026701286955,36.69056055199425,0 36.50270556094578,36.69051170594959,0 36.50274831451123,36.69046682307267,0 36.50279771645617,36.69042660661787,0 36.50285298738594,36.69039169542016,0 36.50291325568239,36.6903626389597,0 36.50297757103975,36.69033989404169,0 36.50304491691075,36.69032382055178,0 36.50311423657621,36.6903146711887,0 36.503184429818,36.6903125904936,0 36.50325439667694,36.69031761126228,0 
								</coordinates>
							</LinearRing>
						</outerBoundaryIs>
					</Polygon>
					<Polygon>
						<outerBoundaryIs>
							<LinearRing>
								<coordinates>
									36.50737505633713,36.69197215595987,0 36.50744369037545,36.69198419765433,0 36.50750990924809,36.69200307147254,0 36.5075726695226,36.69202847978379,0 36.50763098025571,36.69206002421885,0 36.50768392094394,36.69209720424291,0 36.50773065886373,36.69213943464177,0 36.50777045563587,36.69218605016503,0 36.50780268482815,36.69223631490636,0 36.5078268382298,36.69228943595308,0 36.50784253218414,36.69234457523432,0 36.50784952163376,36.69240086513605,0 36.50784769426853,36.69245741648911,0 36.50783708227613,36.69251333593902,0 36.50781785054938,36.69256774462483,0 36.50779030213403,36.6926197827998,0 36.5077548719693,36.69266863042903,0 36.50771211876965,36.6927135160321,0 36.5076627188521,36.69275373457943,0 36.50760744712472,36.69278864709433,0 36.50754717959816,36.69281770684231,0 36.50748286333536,36.69284045419595,0 36.50741551598548,36.69285653104546,0 36.50734619438185,36.69286568284514,0 36.5072759976922,36.69286776498822,0 36.50720603039547,36.69286274563643,0 36.507137394481,36.69285070465543,0 36.50707117499593,36.69283183060816,0 36.5070084154403,36.69280642023904,0 36.50695010325657,36.69277487726841,0 36.50689716249503,36.69273769691729,0 36.50685042473638,36.6926954652976,0 36.5068106260276,36.69264885033491,0 36.50677839845915,36.69259858536926,0 36.50675424794432,36.6925454641826,0 36.50673855368376,36.6924903229626,0 36.50673156610461,36.69243403485138,0 36.50673339204901,36.69237748349934,0 36.50674400710634,36.69232156242193,0 36.50676323950897,36.69226715393406,0 36.50679078846359,36.69221511601565,0 36.50682621676042,36.69216626863869,0 36.50686897013516,36.69212138335838,0 36.50691837108329,36.69208116696193,0 36.506973641489,36.69204625383213,0 36.50703391086069,36.69201719350299,0 36.50709822539363,36.69199444724557,0 36.50716557315425,36.6919783705711,0 36.50723489173286,36.69196921879927,0 36.50730508872128,36.69196713667272,0 36.50737505633713,36.69197215595987,0 
								</coordinates>
							</LinearRing>
						</outerBoundaryIs>
					</Polygon>
					<Polygon>
						<outerBoundaryIs>
							<LinearRing>
								<coordinates>
									36.51579856368354,36.71014604248268,0 36.51586721530603,36.71015808084191,0 36.51593345189438,36.71017694968246,0 36.51599622962138,36.71020235504043,0 36.51605455623643,36.71023389588217,0 36.51610751429424,36.71027107269992,0 36.51615426857843,36.7103133002836,0 36.5161940793795,36.71035991250365,0 36.51622631995767,36.71041017619345,0 36.51625048425771,36.71046329491493,0 36.51626618606857,36.71051843507636,0 36.51627318260245,36.71057472372058,0 36.51627136135024,36.7106312743861,0 36.51626075209774,36.71068719637043,0 36.51624151983839,36.71074160629807,0 36.51621397093525,36.71079364537302,0 36.51617853691067,36.71084249616412,0 36.51613577883461,36.71088738540082,0 36.51608636987913,36.71092760433799,0 36.51603108817192,36.71096252212586,0 36.51597080787629,36.71099158472318,0 36.51590648059691,36.71101433613911,0 36.51583911753914,36.71103041625898,0 36.51576978018192,36.71103957236592,0 36.51569956794283,36.71104165978487,0 36.51562958226489,36.71103664473773,0 36.51556092985489,36.71102460801609,0 36.51549469047418,36.71100573709848,0 36.5154319122889,36.71098033146038,0 36.51537358534122,36.71094879210639,0 36.51532062720972,36.71091161496138,0 36.51527387532364,36.71086938620335,0 36.5152340637331,36.7108227736665,0 36.51520182254208,36.71077250970527,0 36.51517766112979,36.71071939084345,0 36.51516195783619,36.71066425052102,0 36.51515496323194,36.71060796186579,0 36.5151567841821,36.71055141122461,0 36.51516739532406,36.71049548939047,0 36.51518662823106,36.7104410805614,0 36.51521417770317,36.71038904084242,0 36.51524961209714,36.71034019035051,0 36.51529237034873,36.71029530143677,0 36.51534177927487,36.71025508282601,0 36.51539706074973,36.71022016534752,0 36.51545734062459,36.71019110302313,0 36.51552166732125,36.71016835182645,0 36.51558902969995,36.71015227095782,0 36.51565836626818,36.71014311492581,0 36.51572857989522,36.71014102844749,0 36.51579856368354,36.71014604248268,0 
								</coordinates>
							</LinearRing>
						</outerBoundaryIs>
					</Polygon>
					<Polygon>
						<outerBoundaryIs>
							<LinearRing>
								<coordinates>
									36.54633652826679,36.73857407132408,0 36.54640521081595,36.73858609131653,0 36.54647147988062,36.73860494515064,0 36.54653429120869,36.73863033641128,0 36.54659265322332,36.73866186162303,0 36.54664564443916,36.73869902592995,0 36.54669243136639,36.73874124346446,0 36.54673227490941,36.7387878473923,0 36.54676454901788,36.73883810201277,0 36.54678874025714,36.73889121626794,0 36.54680446993182,36.73894635230958,0 36.54681149136153,36.73900264076384,0 36.54680968950933,36.73905919243924,0 36.54679909604761,36.73911511756356,0 36.54677987793978,36.73916953275813,0 36.54675233686807,36.7392215790512,0 36.54671690871857,36.73927043808983,0 36.54667414995294,36.73931533816793,0 36.54662473709282,36.73935557043858,0 36.54656944838524,36.7393905020549,0 36.54650915694479,36.73941958053552,0 36.54644481241824,36.73944234690539,0 36.54637742726833,36.73945844442584,0 36.54630807008702,36.73946761755585,0 36.54623783058821,36.73946972114378,0 36.5461678150439,36.73946472303698,0 36.54609913176376,36.73945270288127,0 36.54603286099406,36.73943384789457,0 36.54597005029661,36.73940845727763,0 36.54591168803471,36.7393769308516,0 36.54585869674408,36.73933976621715,0 36.54581190991921,36.73929754926245,0 36.54577206446675,36.73925094499445,0 36.545739793102,36.73920069017146,0 36.54571560254225,36.73914757482793,0 36.54569987362267,36.7390924386713,0 36.5456928540666,36.73903615200641,0 36.54569465455589,36.73897959853071,0 36.54570524876117,36.73892367443338,0 36.54572446863753,36.73886926036016,0 36.54575200918905,36.73881721249915,0 36.54578743768065,36.73876835466038,0 36.54583019662304,36.73872345490542,0 36.54587960945479,36.73868322296154,0 36.54593489793071,36.73864829165507,0 36.54599519006975,36.73861921347102,0 36.54605953513251,36.73859644734417,0 36.54612691733578,36.7385803499301,0 36.54619627593672,36.7385711778225,0 36.54626651464288,36.73856907332782,0 36.54633652826679,36.73857407132408,0 
								</coordinates>
							</LinearRing>
						</outerBoundaryIs>
					</Polygon>
					<Polygon>
						<outerBoundaryIs>
							<LinearRing>
								<coordinates>
									36.55695363385369,36.74567481004396,0 36.5570223246824,36.7456868241841,0 36.55708860155042,36.74570567327836,0 36.55715142238866,36.74573105834413,0 36.55720979538459,36.74576257869151,0 36.55726279780694,36.74579973861808,0 36.55730959376876,36.74584195227957,0 36.55734944740008,36.74588855207084,0 36.55738172902035,36.74593880587571,0 36.5574059318977,36.74599191831177,0 36.5574216715645,36.74604705234577,0 36.55742870002471,36.74610334039981,0 36.55742690546972,36.74615989335772,0 36.55741631845208,36.74621581781539,0 36.55739710566288,36.74627023578019,0 36.55736956878545,36.74632228554903,0 36.55733414369691,36.74637114692695,0 36.55729138672501,36.74641605085886,0 36.55724197436319,36.74645628843692,0 36.55718668605515,36.74649122406588,0 36.557126391484,36.74652030782009,0 36.55706204259496,36.74654307978643,0 36.55699465528802,36.7465591823061,0 36.55692529142463,36.74656836230929,0 36.5568550453678,36.7465704719401,0 36.5567850223453,36.74656547982846,0 36.55671633193293,36.74655346464753,0 36.55665005218292,36.7465346161792,0 36.55658723197504,36.74650923175709,0 36.55652885987904,36.74647770931778,0 36.55647585738152,36.74644054906361,0 36.55642905925499,36.74639833683649,0 36.55638920598069,36.74635173585043,0 36.55635692486597,36.7463014817967,0 36.55633272375859,36.74624836919568,0 36.55631698596616,36.74619323506948,0 36.55630995831815,36.7461369469802,0 36.55631175254353,36.74608039494689,0 36.55632234036236,36.74602446971476,0 36.55634155383017,36.74597005194746,0 36.55636909013037,36.745918002412,0 36.55640451670928,36.74586914135627,0 36.55644727271062,36.74582423862518,0 36.55649668616359,36.74578400139695,0 36.55655197424022,36.74574906607798,0 36.55661226839105,36.74571998259743,0 36.55667661563532,36.74569720902693,0 36.55674400332423,36.74568110758367,0 36.55681336636911,36.74567192855695,0 36.55688361163287,36.74566981801959,0 36.55695363385369,36.74567481004396,0 
								</coordinates>
							</LinearRing>
						</outerBoundaryIs>
					</Polygon>
					<Polygon>
						<outerBoundaryIs>
							<LinearRing>
								<coordinates>
									36.57909902023611,36.7518268294127,0 36.57916772174491,36.75183883289526,0 36.57923400997579,36.75185766911552,0 36.57929684256751,36.75188304288177,0 36.57935522977115,36.75191455282703,0 36.57940824748401,36.75195170429124,0 36.57945505966259,36.75199390887578,0 36.57949493230656,36.75204050275231,0 36.57952723113556,36.75209074931856,0 36.57955144897683,36.75214385868151,0 36.5795672045336,36.75219899123663,0 36.57957425074589,36.75225527676401,0 36.57957247204389,36.75231183059444,0 36.57956190096839,36.75236775935517,0 36.57954270076067,36.75242218044291,0 36.57951517725116,36.75247423578474,0 36.57947976279463,36.75252310412884,0 36.57943701355135,36.7525680163108,0 36.57938760926134,36.75260826245951,0 36.57933232472506,36.75264320854091,0 36.57927203293474,36.75267230363222,0 36.57920768461553,36.75269508941989,0 36.57914029579967,36.752711203552,0 36.57907092828801,36.75272039546358,0 36.5790006741773,36.75272251975306,0 36.57893064564355,36.75271754048072,0 36.5788619445221,36.75270553685817,0 36.57879565343693,36.75268670036389,0 36.57873282038428,36.75266132631784,0 36.57867443514202,36.7526298161046,0 36.57862141735325,36.75259266431277,0 36.57857460306621,36.75255045936157,0 36.57853473298864,36.75250386523626,0 36.57850243357379,36.75245361749735,0 36.57847821520718,36.75240050972467,0 36.57846246040558,36.75234537705393,0 36.57845541730073,36.7522890897351,0 36.57845719455432,36.75223253680629,0 36.57846776749386,36.75217660909483,0 36.57848696838079,36.75212218820427,0 36.57851449358051,36.7520701322407,0 36.57854990843732,36.75202126329496,0 36.57859265559171,36.75197635229122,0 36.57864206097369,36.75193610649221,0 36.57869734527916,36.751901160721,0 36.57875763664969,36.75187206590361,0 36.57882198326722,36.75184928031366,0 36.5788893724939,36.75183316635749,0 36.57895874036316,36.75182397364428,0 36.57902899135687,36.75182185110508,0 36.57909902023611,36.7518268294127,0 
								</coordinates>
							</LinearRing>
						</outerBoundaryIs>
					</Polygon>
					<Polygon>
						<outerBoundaryIs>
							<LinearRing>
								<coordinates>
									36.59808414256221,36.75080255155545,0 36.5982714098876,36.7511401721424,0 36.59799205988728,36.75222999430697,0 36.59791243172278,36.75276872724438,0 36.59774617721806,36.75325173359439,0 36.59773831817385,36.7533045447676,0 36.59772277821873,36.75335624095234,0 36.59769977575015,36.75340610375663,0 36.59766962928656,36.75345343663722,0 36.59763275920108,36.75349758115745,0 36.59758968310439,36.75353792140055,0 36.59754099650801,36.75357389349323,0 36.59748737911865,36.75360499925186,0 36.59742958154703,36.75363080140832,0 36.5973684067524,36.75365094396419,0 36.59730470811236,36.75366514223827,0 36.59723937428108,36.7536732014874,0 36.59717331379911,36.75367500758303,0 36.59711209771668,36.75367105882581,0 36.59705178619043,36.75366173975623,0 36.59699310721129,36.75364715881599,0 36.59693676530949,36.75362749427129,0 36.59688343970885,36.75360298155801,0 36.59683377187354,36.75357391753597,0 36.5967883580098,36.7535406495223,0 36.59674309228665,36.75349876044885,0 36.59670457235016,36.75345270963669,0 36.59667338337481,36.7534031974713,0 36.59664999926547,36.75335097255857,0 36.59663477370392,36.75329683154338,0 36.59662793869844,36.7532415938451,0 36.59662959910109,36.75318609794152,0 36.59663972961665,36.75313118959213,0 36.59665817545049,36.75307770112259,0 36.59668465485779,36.75302644156263,0 36.5967840107735,36.75246455146797,0 36.59689377407999,36.7516297907796,0 36.59695180513217,36.75119459007571,0 36.59705559152568,36.75071739190453,0 36.59766127246695,36.75067955069929,0 36.59808414256221,36.75080255155545,0 
								</coordinates>
							</LinearRing>
						</outerBoundaryIs>
					</Polygon>
					<Polygon>
						<outerBoundaryIs>
							<LinearRing>
								<coordinates>
									36.54782002514219,36.75335578857216,0 36.54788872212052,36.75336780910164,0 36.54795500405778,36.75338666435277,0 36.5480178277608,36.75341205343626,0 36.54807620128616,36.75344357828649,0 36.5481292029955,36.75348074315265,0 36.5481759993195,36.75352295947057,0 36.54821585319576,36.75356956225843,0 36.54824813167426,36.75361981748284,0 36.54827232913562,36.75367293154945,0 36.54828806229887,36.75372806742175,0 36.54829508330956,36.75378435570538,0 36.54829328266884,36.75384090822696,0 36.54828268874743,36.7538968333449,0 36.54826346632371,36.75395124673427,0 36.54823592143595,36.75400329491912,0 36.54820048686172,36.75405215407233,0 36.54815772022552,36.75409705431049,0 36.54810829705424,36.75413728676093,0 36.54805299909744,36.75417221864291,0 36.54799269403716,36.75420129735575,0 36.54792833841503,36.75422406405852,0 36.54786094155686,36.75424016103784,0 36.54779156884335,36.75424933447933,0 36.54772131579358,36.7542514393411,0 36.54765128783066,36.75424644164038,0 36.54758259121137,36.7542344218713,0 36.54751630863026,36.7542155672919,0 36.54745348337652,36.75419017700452,0 36.54739511181346,36.75415865188665,0 36.54734210779072,36.75412148664661,0 36.54729531159777,36.75407927000769,0 36.54725546028887,36.75403266697182,0 36.54722318122575,36.75398241057485,0 36.54719898550622,36.75392929724411,0 36.54718325197936,36.75387416123366,0 36.54717623178121,36.75381787291495,0 36.54717803321164,36.75376132134115,0 36.5471886279059,36.75370539634958,0 36.54720785106568,36.75365098135659,0 36.54723539649539,36.75359893342833,0 36.547270831412,36.75355007547508,0 36.54731359819647,36.75350517646089,0 36.54736302024887,36.75346494341363,0 36.54741831909313,36.75343001186479,0 36.54747862149419,36.75340093337945,0 36.54754297877166,36.7533781669429,0 36.54761037492079,36.75336207011628,0 36.54767974572469,36.75335289672739,0 36.54774999907176,36.75335079188258,0 36.54782002514219,36.75335578857216,0 
								</coordinates>
							</LinearRing>
						</outerBoundaryIs>
					</Polygon>
					<Polygon>
						<outerBoundaryIs>
							<LinearRing>
								<coordinates>
									36.56107313505797,36.75604198644913,0 36.56114183576937,36.75605400035567,0 36.56120812370842,36.75607284661164,0 36.5612709531779,36.75609822979902,0 36.56132933559775,36.75612974842539,0 36.56138234694003,36.75616690769328,0 36.56142915238158,36.75620911910399,0 36.56146901356853,36.75625571863068,0 36.56150130308191,36.75630596971818,0 36.56152551055506,36.75635908233395,0 36.56154125378212,36.7564142158991,0 36.56154828466483,36.7564705037434,0 36.56154649357715,36.75652705679958,0 36.56153590873916,36.75658298341765,0 36.56151669587631,36.75663740017286,0 36.56148915759328,36.75668945168029,0 36.56145372990322,36.75673831412914,0 36.56141096805536,36.75678321842457,0 36.56136155190401,36.7568234575085,0 36.56130625649297,36.75685839567048,0 36.561245955014,36.75688748122639,0 36.56118159834497,36.75691025601299,0 36.56111420256546,36.75692636053988,0 36.5610448285796,36.756935540782,0 36.56097457298922,36.7569376534001,0 36.56090454128586,36.75693266338863,0 36.56083583981412,36.75692065021965,0 36.56076955125955,36.75690180373492,0 36.56070672021022,36.75687642024454,0 36.56064833866154,36.75684490042677,0 36.56059532718684,36.75680774263247,0 36.56054852078517,36.75676552997707,0 36.56050866104604,36.75671893017906,0 36.56047637206684,36.75666867794188,0 36.56045216518769,36.75661556693932,0 36.56043642162542,36.75656043233525,0 36.5604293926746,36.75650414447858,0 36.56043118234221,36.75644759142335,0 36.5604417701919,36.75639166497734,0 36.56046098370523,36.75633724932029,0 36.56048852255913,36.75628519716861,0 36.56052395176855,36.75623633414134,0 36.56056671155518,36.75619143012324,0 36.56061612991728,36.7561511914122,0 36.56067142280124,36.75611625531573,0 36.56073172385982,36.75608717003361,0 36.56079608106518,36.75606439549026,0 36.56086347616434,36.75604829021562,0 36.56093284826911,36.75603910912581,0 36.56100310415673,36.75603699652488,0 36.56107313505797,36.75604198644913,0 
								</coordinates>
							</LinearRing>
						</outerBoundaryIs>
					</Polygon>
					<Polygon>
						<outerBoundaryIs>
							<LinearRing>
								<coordinates>
									36.58290428455675,36.76121320781358,0 36.58297299399015,36.76122520848374,0 36.58303929346768,36.76124404292949,0 36.58310213488947,36.76126941587404,0 36.58316052951469,36.76130092509964,0 36.58321355542883,36.761338073315,0 36.58326037629017,36.76138027754836,0 36.58330025476244,36.76142686941969,0 36.58333255858113,36.76147711599221,0 36.58335678282894,36.76153022382937,0 36.58337254380255,36.76158535599335,0 36.58337959210726,36.76164164312592,0 36.58337781674022,36.76169819614834,0 36.58336724452644,36.76175412427492,0 36.58334804534968,36.76180854683538,0 36.58332051955778,36.76186060203162,0 36.58328510274087,36.76190947317123,0 36.58324235238442,36.76195438569288,0 36.58319294142453,36.76199463407331,0 36.58313765267958,36.76202958081345,0 36.5830773546639,36.76205867757728,0 36.58301299937683,36.76208146424623,0 36.58294560284784,36.76209758204298,0 36.58287622713998,36.76210677586983,0 36.58280596562669,36.76210889941713,0 36.58273592818336,36.76210392297365,0 36.58266721689823,36.76209192211803,0 36.58260091792398,36.76207308746655,0 36.58253807486496,36.76204771602073,0 36.58247968111004,36.76201620560359,0 36.58242665402868,36.76197905613709,0 36.58237983438846,36.76193685250598,0 36.58233995627237,36.76189025943945,0 36.58230765183951,36.76184001259487,0 36.58228342824248,36.76178690456928,0 36.58226766799604,36.76173177319023,0 36.58226062159512,36.76167548694532,0 36.58226239783752,36.76161893216803,0 36.5822729685577,36.76156300502236,0 36.58229216841406,36.76150858265908,0 36.58231969477723,36.76145652681834,0 36.58235511305752,36.76140765690126,0 36.58239786471151,36.76136274472557,0 36.58244727449654,36.76132249755009,0 36.58250256418669,36.76128754934168,0 36.58256286066309,36.76125845282916,0 36.58262721536755,36.76123566638082,0 36.58269461227896,36.76121954966079,0 36.58276398716826,36.76121035681096,0 36.58283424679649,36.76120823143418,0 36.58290428455675,36.76121320781358,0 
								</coordinates>
							</LinearRing>
						</outerBoundaryIs>
					</Polygon>
					<Polygon>
						<outerBoundaryIs>
							<LinearRing>
								<coordinates>
									36.60076013806022,36.76390494992072,0 36.60082885441383,36.76391693867205,0 36.60089516104783,36.76393576519293,0 36.60095800997353,36.76396112715485,0 36.60101641550451,36.76399262795596,0 36.60106945112208,36.76402976944733,0 36.60111628372857,36.7640719670435,0 36.60115617465437,36.76411855334706,0 36.60118849370583,36.76416879465402,0 36.60121273007967,36.76422190018581,0 36.60122850330585,36.76427703042081,0 36.60123556377882,36.76433331603097,0 36.60123380244103,36.7643898706942,0 36.60122324490641,36.76444579998834,0 36.60120405630141,36.76450022582249,0 36.60117654238584,36.76455228645982,0 36.60114113418717,36.76460116234408,0 36.60109839231095,36.7646460815945,0 36.60104898961629,36.76468633678058,0 36.60099370421867,36.76472129379384,0 36.60093341142914,36.76475039889591,0 36.60086905971178,36.76477319535773,0 36.60080166284672,36.76478932330183,0 36.60073228512339,36.7647985275154,0 36.60066202104841,36.76480066154733,0 36.6005919794191,36.7647956954982,0 36.60052326350842,36.76478370480564,0 36.60045695732111,36.76476487988048,0 36.60039410569471,36.7647395175937,0 36.60033570215275,36.76470801562358,0 36.6002826642196,36.76467087375934,0 36.60023583171447,36.76462867674258,0 36.60019594223554,36.76458209016693,0 36.60016362483642,36.76453184773235,0 36.60013938796556,36.76447874288993,0 36.60012361437523,36.76442361251626,0 36.60011655471491,36.76436732687002,0 36.60011831799112,36.76431077227549,0 36.60012887744706,36.7642548422287,0 36.60014806561261,36.76420041656888,0 36.60017558004358,36.76414835708818,0 36.60021098861508,36.76409948150288,0 36.60025373181755,36.76405456169752,0 36.60030313448563,36.76401430683853,0 36.60035841738601,36.76397935099119,0 36.60041871087559,36.76395024618593,0 36.60048306313016,36.7639274499676,0 36.60055045701974,36.76391132303261,0 36.60061983510038,36.76390211801762,0 36.60069009728975,36.76389998215672,0 36.60076013806022,36.76390494992072,0 
								</coordinates>
							</LinearRing>
						</outerBoundaryIs>
					</Polygon>
					<Polygon>
						<outerBoundaryIs>
							<LinearRing>
								<coordinates>
									36.57058770893273,36.76660949444673,0 36.5706564208422,36.76662150143348,0 36.57072272146277,36.76664034369549,0 36.57078556281791,36.76666572134327,0 36.57084395599855,36.76669723746068,0 36.5708969791694,36.76673439286058,0 36.5709437972922,36.76677660000581,0 36.57098366841612,36.76682319665573,0 36.57101596830619,36.76687344636864,0 36.57104018430657,36.76692655549967,0 36.5710559372476,36.76698168896863,0 36.57106297677014,36.76703797647304,0 36.5710611908622,36.76709452980619,0 36.57105060991191,36.76715045645841,0 36.57103140060001,36.76720487571481,0 36.57100386556031,36.7672569294633,0 36.57096843735709,36.7673057955906,0 36.57092567688345,36.76735070327107,0 36.57087625614349,36.76739094613411,0 36.57082095699099,36.76742588674518,0 36.57076065032509,36.76745497690988,0 36.57069628940131,36.76747775663676,0 36.57062888477588,36.76749386714442,0 36.57055950200888,36.76750305261766,0 36.57048923669328,36.76750517051232,0 36.57041919447335,36.76750018573979,0 36.57035048185998,36.76748817768939,0 36.57028418056645,36.767469337,0 36.57022133880715,36.76744395727088,0 36.57016294529255,36.767412442641,0 36.570109922046,36.7673752869133,0 36.57006310634942,36.76733307769127,0 36.57002323325806,36.76728648250248,0 36.56999093387366,36.76723623254031,0 36.56996671746187,36.7671831213968,0 36.56995096639614,36.76712798783516,0 36.56994392765811,36.76707170119587,0 36.56994571438504,36.76701514790944,0 36.56995629386999,36.76695922133744,0 36.56997550610038,36.76690480232423,0 36.57000304168292,36.76685274883209,0 36.57003846911024,36.76680388388186,0 36.57008123090958,36.76675897564692,0 36.57013065047408,36.76671873398878,0 36.57018594942377,36.76668379278737,0 36.57024625566933,36.76665470289666,0 36.57031061712957,36.76663192341316,0 36.57037802101745,36.76661581395926,0 36.57044740193122,36.76660662673798,0 36.57051766863489,36.76660450978413,0 36.57058770893273,36.76660949444673,0 
								</coordinates>
							</LinearRing>
						</outerBoundaryIs>
					</Polygon>
					<Polygon>
						<outerBoundaryIs>
							<LinearRing>
								<coordinates>
									36.58177989034894,36.76966998386949,0 36.58184860816923,36.76968198546636,0 36.58191491338869,36.76970082074837,0 36.58197776121413,36.76972619269202,0 36.58203616266336,36.76975770357029,0 36.58208919245774,36.76979485331017,0 36.58213601756302,36.76983705809725,0 36.58217589942836,36.76988365042076,0 36.5822082080027,36.76993389648155,0 36.58223243264744,36.76998700542588,0 36.58224819307822,36.77004213767867,0 36.58225523986281,36.77009842478049,0 36.58225346424381,36.77015497769835,0 36.58224289191985,36.77021090652637,0 36.58222368841839,36.77026532780517,0 36.58219615850299,36.77031738343596,0 36.58216073682209,36.77036625310826,0 36.58211797976217,36.77041116404831,0 36.58206856364963,36.77045141261274,0 36.58201326698022,36.77048635942182,0 36.58195296178993,36.77051545441919,0 36.58188860007864,36.77053824110268,0 36.58182119477734,36.77055435613763,0 36.58175181016818,36.77056354898998,0 36.58168154201463,36.77056567250995,0 36.5816114958926,36.77056069510895,0 36.5815427784592,36.77054869337204,0 36.58147647262337,36.77052985786149,0 36.58141362436481,36.77050448473725,0 36.58135522258148,36.77047297534655,0 36.58130219271104,36.77043582527887,0 36.58125536773584,36.77039362017048,0 36.58121548510732,36.77034702662895,0 36.5811831781863,36.77029677944089,0 36.58115895419262,36.77024367030807,0 36.58114319336981,36.77018853881742,0 36.58113614625037,36.77013225255773,0 36.58113792495587,36.77007569883125,0 36.58114849802536,36.7700197710297,0 36.58116770220666,36.76996534994814,0 36.58119523266525,36.76991329457361,0 36.58123065471851,36.7698644252005,0 36.58127341201324,36.76981951278247,0 36.58132282804197,36.7697792663465,0 36.58137812336096,36.76974431982502,0 36.58143842927899,36.76971522422389,0 36.58150279037913,36.76969243866177,0 36.5815701949997,36.76967632287948,0 36.58163957660749,36.76966712915729,0 36.58170984502971,36.76966500655535,0 36.58177989034894,36.76966998386949,0 
								</coordinates>
							</LinearRing>
						</outerBoundaryIs>
					</Polygon>
					<Polygon>
						<outerBoundaryIs>
							<LinearRing>
								<coordinates>
									36.5589679645775,36.7705534854162,0 36.55903667998969,36.77056550012399,0 36.55910297962031,36.77058434885498,0 36.55916581996902,36.77060973170899,0 36.55922420987519,36.77064125252846,0 36.55927723086814,36.77067841300707,0 36.55932404236437,36.77072062541313,0 36.55936391037481,36.77076722579565,0 36.55939620291277,36.77081747749448,0 36.55942041178496,36.77087059051301,0 36.55943615807578,36.77092572523517,0 36.55944318819013,36.77098201126994,0 36.55944139458291,36.77103856500011,0 36.55943080565626,36.77109449027597,0 36.55941158599518,36.77114890635868,0 36.5593840405899,36.77120095611823,0 36.55934860436155,36.77124981843615,0 36.55930583386952,36.77129472245551,0 36.55925640582116,36.77133495926702,0 36.55920109870282,36.77136989595226,0 36.55914078594827,36.77139897904913,0 36.55907641745463,36.77142175219767,0 36.55900900841483,36.77143785501009,0 36.55893962100424,36.77144703531253,0 36.5588693510878,36.77144914436639,0 36.55879930752435,36.77144415356705,0 36.5587305935903,36.77143213964266,0 36.55866429219567,36.77141329156045,0 36.55860145035229,36.7713879057013,0 36.55854305904983,36.77135638454494,0 36.55849004019199,36.77131922468509,0 36.55844322655896,36.77127701281246,0 36.55840335999681,36.77123041215847,0 36.55837106690255,36.77118015838622,0 36.5583468586248,36.77112704698087,0 36.55833111535771,36.77107191128864,0 36.55832408381748,36.77101562517257,0 36.55832587821528,36.77095907238996,0 36.55833646906361,36.77090314636268,0 36.55835568940415,36.77084873047761,0 36.55838323538067,36.77079668007396,0 36.5584186719236,36.77074781985677,0 36.55846144259311,36.77070291616084,0 36.55851087061352,36.77066267967648,0 36.55856617750025,36.77062774330153,0 36.55862648989122,36.77059865867729,0 36.55869085777287,36.77057588664977,0 36.55875826613179,36.77055978308967,0 36.55882765269436,36.77055060466448,0 36.55889792184532,36.77054849380347,0 36.5589679645775,36.7705534854162,0 
								</coordinates>
							</LinearRing>
						</outerBoundaryIs>
					</Polygon>
					<Polygon>
						<outerBoundaryIs>
							<LinearRing>
								<coordinates>
									36.55223219352641,36.77134974080947,0 36.55230090724891,36.77136175937525,0 36.55236720574688,36.77138061002518,0 36.55243004421898,36.77140599908202,0 36.55248843290975,36.77143752225022,0 36.55254144988415,36.77147468560682,0 36.55258825911121,36.77151690056565,0 36.55262812217711,36.77156350304389,0 36.55266041163366,36.77161375643998,0 36.55268461711459,36.77166687068483,0 36.55270035529756,36.77172200605147,0 36.55270738273807,36.77177829234465,0 36.55270558301199,36.77183484575965,0 36.55269498910745,36.77189076934293,0 36.55267576557367,36.77194518597059,0 36.5526482153828,36.77199723398355,0 36.55261277347422,36.7720460940922,0 36.55256999986641,36.7720909946425,0 36.55252056677008,36.77213122937584,0 36.55246525732557,36.77216616191002,0 36.55240494045768,36.77219524144434,0 36.55234056946908,36.77221801174375,0 36.55227315740998,36.77223411063221,0 36.55220376872455,36.77224328604341,0 36.55213349921277,36.77224539200375,0 36.5520634556194,36.77224039632328,0 36.55199474225554,36.77222837851787,0 36.55192844207951,36.77220952581457,0 36.55186560196992,36.77218413825572,0 36.55180721305985,36.77215261297224,0 36.55175419710119,36.77211545021146,0 36.5517073869143,36.77207323400771,0 36.55166752412009,36.77202663303634,0 36.55163523631797,36.7719763785136,0 36.55161103148877,36.77192326408069,0 36.55159529182301,36.7718681285527,0 36.55158826749208,36.77181184046911,0 36.55159006574095,36.77175528885636,0 36.55160066153857,36.77169936542249,0 36.55161988575176,36.77164494899255,0 36.55164743760465,36.77159290125933,0 36.55168287873664,36.77154404232775,0 36.55172565255036,36.7714991412003,0 36.55177508558986,36.77145890769476,0 36.55183039595071,36.77142397459323,0 36.55189071242629,36.77139489443214,0 36.55195508165448,36.77137212613126,0 36.552022493004,36.77135602739569,0 36.55209188089844,36.7713468520603,0 36.55216214961619,36.77134474519335,0 36.55223219352641,36.77134974080947,0 
								</coordinates>
							</LinearRing>
						</outerBoundaryIs>
					</Polygon>
					<Polygon>
						<outerBoundaryIs>
							<LinearRing>
								<coordinates>
									36.59400385124437,36.77355730504888,0 36.59407257368911,36.77356929974274,0 36.5941388866749,36.7735881293469,0 36.59420174312042,36.77361349509518,0 36.59426015168661,36.77364499931316,0 36.59431319026705,36.77368214388796,0 36.59436002574578,36.77372434328503,0 36.59439991598293,36.77377093269877,0 36.59443223307287,36.77382117663383,0 36.59445646849219,36.77387428342865,0 36.59447223956482,36.77392941349685,0 36.59447929553304,36.77398570017846,0 36.59447752752269,36.77404225354616,0 36.59446696336222,36.77409818283152,0 36.59444776724647,36.77415260723324,0 36.5944202427871,36.77420466589258,0 36.59438482788775,36.77425353851888,0 36.59434207540227,36.77429845491221,0 36.59429266281761,36.77433870777718,0 36.59423736846087,36.77437366125484,0 36.59417706438761,36.77440276339647,0 36.59411270266455,36.7744255548993,0 36.59404529717365,36.77444167775123,0 36.59397591009133,36.7744508776613,0 36.59390563716349,36.77445300916962,0 36.59383558631891,36.77444803881973,0 36.59376686316939,36.77443604306256,0 36.59370055065829,36.77441721415334,0 36.59363769377909,36.77439184722455,0 36.59357928490682,36.77436034359355,0 36.59352624515847,36.77432319776757,0 36.5934794120768,36.7742809971938,0 36.59343952101965,36.77423440836336,0 36.59340720443495,36.77418416417874,0 36.59338296966656,36.77413105719523,0 36.5933671993497,36.77407592701101,0 36.59336014416639,36.77401964119409,0 36.59336191302426,36.77396308697198,0 36.5933724779588,36.7739071578122,0 36.59339167475475,36.77385273360756,0 36.59341919751852,36.77380067515905,0 36.59345461502988,36.77375180287717,0 36.59349736657436,36.77370688678452,0 36.59354678025181,36.77366663426935,0 36.593602074378,36.77363168110222,0 36.5936623768837,36.77360258011289,0 36.59372673919999,36.77357978705223,0 36.59379414398196,36.77356366435386,0 36.59386353024543,36.77355446542108,0 36.59393380235061,36.77355233390757,0 36.59400385124437,36.77355730504888,0 
								</coordinates>
							</LinearRing>
						</outerBoundaryIs>
					</Polygon>
					<Polygon>
						<outerBoundaryIs>
							<LinearRing>
								<coordinates>
									36.56175868196378,36.77759603214997,0 36.56182740189526,36.77760804543279,0 36.56189370830084,36.7776268919344,0 36.56195655634019,36.77765227535524,0 36.56201495377133,36.77768379503132,0 36.56206797975497,36.77772095352941,0 36.56211479806117,36.77776316412709,0 36.5621546689854,36.77780976367384,0 36.56218696829667,36.77786001568267,0 36.56221118106927,36.77791312822796,0 36.56222692944592,36.77796826172407,0 36.56223396193452,36.77802454853266,0 36.56223216994705,36.7780811014129,0 36.56222158174627,36.7781370278169,0 36.56220236196215,36.77819144520097,0 36.56217481561517,36.7782434955281,0 36.56213937652171,36.77829235764791,0 36.56209660571887,36.77833726168452,0 36.56204717429967,36.77837750040136,0 36.56199186312795,36.7784124382082,0 36.5619315445533,36.77844152250287,0 36.56186717075764,36.77846429785275,0 36.56179975486341,36.77848040110167,0 36.5617303624386,36.77848958192453,0 36.56166008485271,36.77849169507137,0 36.56159003468254,36.77848670387836,0 36.56152131401846,36.77847469043233,0 36.56145500587702,36.77845584367883,0 36.56139215846766,36.77843046090137,0 36.5613337618792,36.7783989409343,0 36.56128073582007,36.77836178210823,0 36.56123391770173,36.77831956938793,0 36.56119404486706,36.77827296950074,0 36.5611617483012,36.7782227172886,0 36.56113753500362,36.77816960633338,0 36.56112178853147,36.77811447184413,0 36.56111475576523,36.77805818407654,0 36.56111654745251,36.77800163122021,0 36.56112713860935,36.77794570678964,0 36.56114635683399,36.77789128955725,0 36.56117390375243,36.77783923858607,0 36.56120934321784,36.77779037676574,0 36.5612521164661,36.77774547219791,0 36.56130154670928,36.77770523468597,0 36.56135685762084,36.77767029809017,0 36.56141717583177,36.77764121226824,0 36.5614815489868,36.77761843894015,0 36.56154896422849,36.777602334043,0 36.56161835695325,36.77759315421976,0 36.56168863141988,36.77759104282249,0 36.56175868196378,36.77759603214997,0 
								</coordinates>
							</LinearRing>
						</outerBoundaryIs>
					</Polygon>
					<Polygon>
						<outerBoundaryIs>
							<LinearRing>
								<coordinates>
									36.55338169742117,36.77927264081288,0 36.55337110149455,36.77932856615146,0 36.55335187633041,36.77938298097435,0 36.55332432248771,36.77943502988104,0 36.55328887844746,36.77948388914751,0 36.55324610080652,36.77952879065257,0 36.55319666419234,36.77956902458035,0 36.55314134837438,36.77960395718026,0 36.55308102457055,36.77963303859698,0 36.5530166485571,36.7796558081366,0 36.55294923003652,36.77967190625405,0 36.55287983464647,36.77968108180472,0 36.55280955829277,36.77968318881276,0 36.55273950673657,36.77967819416221,0 36.55267078669291,36.77966617561133,0 36.55260448002036,36.7796473230637,0 36.55254163596794,36.77962193570452,0 36.55248324128775,36.7795904105702,0 36.55243021782275,36.77955324790568,0 36.5523834051652,36.77951103278197,0 36.55234353728736,36.77946443010843,0 36.55231124503892,36.77941417657239,0 36.55228703877783,36.77936106315746,0 36.55227129852382,36.77930592773059,0 36.5522642710592,36.77924964056206,0 36.55226607044601,36.77919308811381,0 36.55227666711785,36.77913716380225,0 36.55229589299028,36.77908274827647,0 36.55232344737573,36.77903069962654,0 36.5523588917877,36.77898184065962,0 36.55240166960601,36.7789369394781,0 36.55245110619203,36.77889670587756,0 36.55250642292638,36.77886177271042,0 36.55256674289294,36.77883269329983,0 36.55263112168148,36.7788099240497,0 36.55269853954954,36.77879382428389,0 36.5527679330287,36.77878464878605,0 36.55283820962174,36.77878254359638,0 36.55290825925534,36.77878753813649,0 36.55297697856646,36.77879955652401,0 36.55304328468026,36.77881840704129,0 36.55308412693942,36.77883490752986,0 36.55308452461389,36.77882240475687,0 36.55309512174772,36.77876648036832,0 36.5531143469408,36.77871206468221,0 36.55314189836795,36.77866001666873,0 36.55317734326634,36.77861115565112,0 36.55322012149588,36.77856625507083,0 36.55326955745228,36.77852602020223,0 36.5533248723833,36.77849108840676,0 36.55338519291346,36.77846200767925,0 36.55344957007731,36.77843923704029,0 36.55351698629411,36.7784231385691,0 36.55358638051406,36.77841396169919,0 36.55365665680155,36.77841185511136,0 36.55372670505987,36.77841684913569,0 36.55379542528891,36.77842886796671,0 36.55386173131493,36.77844771802395,0 36.55392457484814,36.77847310647144,0 36.55398296939454,36.77850462909198,0 36.55403599180708,36.77854179194817,0 36.55408280708861,36.77858400648482,0 36.55412267450826,36.77863060858005,0 36.55415496766887,36.77868086166139,0 36.5541791750547,36.77873397474101,0 36.5541949165976,36.77878910996613,0 36.55420194545927,36.77884539707505,0 36.55420014751741,36.77890194960846,0 36.55418955227707,36.77895787414641,0 36.55417032664401,36.77901229000723,0 36.55414277575961,36.77906433827742,0 36.55410733123297,36.77911319959456,0 36.55406455318081,36.77915810049842,0 36.55401511719627,36.77919833569425,0 36.55395980200476,36.77923326870075,0 36.55389948108218,36.77926234880157,0 36.5538351033632,36.77928511876025,0 36.55376768637934,36.77930121918567,0 36.55369829254505,36.77931039435322,0 36.55362801652559,36.7793125018588,0 36.5535579652537,36.77930750680036,0 36.55348924423483,36.77929548960729,0 36.55342293876966,36.77927663754276,0 36.55338209502498,36.77926013893867,0 36.55338169742117,36.77927264081288,0 
								</coordinates>
							</LinearRing>
						</outerBoundaryIs>
					</Polygon>
					<Polygon>
						<outerBoundaryIs>
							<LinearRing>
								<coordinates>
									36.57398412094316,36.77934739178898,0 36.57405284588311,36.77935939724756,0 36.5741191582774,36.77937823710991,0 36.57418201096979,36.77940361513572,0 36.57424041507084,36.77943512812661,0 36.57429344728365,36.7794722822975,0 36.57434027467755,36.77951448927526,0 36.57438015521135,36.77956108503479,0 36.57441246228077,36.77961133310315,0 36.57443668415104,36.77966444257194,0 36.57445244052556,36.77971957564508,0 36.57445948318394,36.77977586297233,0 36.57445770009296,36.77983241544911,0 36.57444711931862,36.77988834232106,0 36.57442790980666,36.77994276201478,0 36.57440036976136,36.77999481541964,0 36.57436493845193,36.78004368235132,0 36.57432217126853,36.78008859095689,0 36.57427274478177,36.7801288349422,0 36.5742174386579,36.78016377861097,0 36.574157122945,36.78019286922324,0 36.57409275089999,36.78021565126951,0 36.57402533561707,36.78023176148818,0 36.57395594262679,36.78024095034472,0 36.57388566563153,36.78024306982066,0 36.57381561155057,36.78023808572613,0 36.57374688587777,36.78022608010455,0 36.57368057289533,36.78020723911278,0 36.57361771968471,36.7801818626082,0 36.57355931536308,36.78015034750208,0 36.57350628189793,36.78011319478171,0 36.57345945581088,36.78007098570411,0 36.57341957445747,36.78002439052772,0 36.57338727013326,36.77997414225571,0 36.57336304779487,36.7799210325756,0 36.5733472921766,36.77986589938681,0 36.57334025033165,36.77980961202391,0 36.57334203312247,36.77975305957091,0 36.57335261581899,36.77969713194715,0 36.57337182601101,36.77964271245085,0 36.57339936545149,36.77959066018025,0 36.57343479825293,36.77954179357078,0 36.5734775645515,36.77949688346451,0 36.57352699098239,36.7794566407071,0 36.57358229793788,36.77942169917298,0 36.57364261440676,36.77939260705642,0 36.57370698581165,36.77936982703211,0 36.57377439932224,36.77935371514254,0 36.57384379258428,36.77934452818643,0 36.57391406875659,36.77934240870493,0 36.57398412094316,36.77934739178898,0 
								</coordinates>
							</LinearRing>
						</outerBoundaryIs>
					</Polygon>
					<Polygon>
						<outerBoundaryIs>
							<LinearRing>
								<coordinates>
									36.58563999833933,36.78376915820482,0 36.58570872827355,36.78378115710127,0 36.58577504649579,36.78379999156689,0 36.58583790806403,36.78382536280395,0 36.58589632049448,36.78385687124151,0 36.58594936271125,36.78389401962355,0 36.58599619817166,36.78393622318846,0 36.58603608813321,36.78398281534544,0 36.5860684035468,36.78403306143389,0 36.58609263594383,36.78408616885767,0 36.58610840263996,36.78414129980766,0 36.58611545409389,36.7841975867318,0 36.58611367816166,36.78425413963132,0 36.58610310501837,36.78431006779032,0 36.58608390122184,36.78436449047007,0 36.58605636943144,36.78441654591617,0 36.5860209419909,36.7844654173643,0 36.58597817992256,36.78451032941555,0 36.58592875514288,36.78455057921907,0 36.58587344962553,36.78458552744346,0 36.58581313439804,36.78461462488802,0 36.5857487628512,36.7846374114461,0 36.58568134679979,36.7846535291384,0 36.58561194970643,36.78466272377801,0 36.58554166859487,36.78466485001101,0 36.5854716093294,36.78465987351834,0 36.58540287754224,36.78464787443632,0 36.58533655758338,36.78462903971934,0 36.58527369667301,36.784603668225,0 36.58521528508451,36.78457215949631,0 36.5851622416717,36.78453501076357,0 36.58511540628479,36.78449280867852,0 36.58507551665144,36.78444621622677,0 36.58504320065208,36.78439596896535,0 36.58501897002621,36.78434286137565,0 36.58500320408631,36.78428773030977,0 36.58499615456567,36.78423144337249,0 36.58499792910643,36.78417488957324,0 36.5850085030241,36.78411896154006,0 36.58502770747275,36.78406453995822,0 36.58505524095482,36.78401248389056,0 36.58509066873989,36.78396361364241,0 36.58513343104321,36.78391870011329,0 36.58518285459122,36.78387845331631,0 36.58523815990593,36.78384350450181,0 36.5852984747132,36.78381440733162,0 36.58536284682489,36.78379162011642,0 36.58543026328659,36.78377550260038,0 36.58549965846906,36.7837663080145,0 36.58556993987723,36.7837641817989,0 36.58563999833933,36.78376915820482,0 
								</coordinates>
							</LinearRing>
						</outerBoundaryIs>
					</Polygon>
					<Polygon>
						<outerBoundaryIs>
							<LinearRing>
								<coordinates>
									36.59202156293065,36.83704921955402,0 36.59209034239203,36.83706121735026,0 36.59215670881874,36.8370800489479,0 36.59221961420155,36.83710541823716,0 36.5922780687088,36.83713692574563,0 36.59233114953667,36.83717407242206,0 36.59237801841304,36.83721627350912,0 36.59241793823561,36.83726286428727,0 36.59245028063318,36.83731310923969,0 36.59247453226563,36.83736621569806,0 36.59249031126538,36.83742134589116,0 36.59249736899938,36.83747763230131,0 36.59249559544718,36.83753418498291,0 36.59248501737576,36.8375901140563,0 36.5924658026536,36.83764453520266,0 36.5924382527947,36.83769659294525,0 36.59240280508782,36.83774546429783,0 36.59236001289904,36.83779037909444,0 36.59231055777219,36.83783062744509,0 36.59225521522039,36.83786557796898,0 36.59219485923637,36.83789467698546,0 36.59213044270639,36.83791746524105,0 36.59206297922698,36.83793358565266,0 36.59199353528835,36.8379427822485,0 36.59192320419047,36.83794490955323,0 36.59185309584372,36.83793993598645,0 36.59178431788816,36.83792793807265,0 36.591717950871,36.83790910534545,0 36.59165504502491,36.83788373577573,0 36.59159658909013,36.83785222883081,0 36.59154350818554,36.8378150818258,0 36.59149663831876,36.8377728803939,0 36.59145671770449,36.83772628929764,0 36.59142437802651,36.83767604504115,0 36.59140012816754,36.83762293841632,0 36.59138434998245,36.83756780630562,0 36.59137729076654,36.83751152161526,0 36.59137906519715,36.83745496717868,0 36.59138964398857,36.83739904003246,0 36.59140886057008,36.83734461730498,0 36.59143640982549,36.83729256069706,0 36.59147186011911,36.83724369059036,0 36.59151465024603,36.83719877607236,0 36.59156410649475,36.8371585271717,0 36.59161944993576,36.83712357698174,0 36.59167980547041,36.83709447914087,0 36.59174422144413,36.83707169020602,0 36.59181168309186,36.83705556992563,0 36.59188112732961,36.83704637432998,0 36.59195145650997,36.83704424609672,0 36.59202156293065,36.83704921955402,0 
								</coordinates>
							</LinearRing>
						</outerBoundaryIs>
					</Polygon>
				</MultiGeometry>
			</Placemark>
			<Placemark id="ID_40004">
				<name>Erzin İsos Termal</name>
				<visibility>0</visibility>
				<Snippet maxLines="0"></Snippet>
				<description><![CDATA[<html xmlns:fo="http://www.w3.org/1999/XSL/Format" xmlns:msxsl="urn:schemas-microsoft-com:xslt">

<head>

<META http-equiv="Content-Type" content="text/html">

<meta http-equiv="content-type" content="text/html; charset=UTF-8">

</head>

<body style="margin:0px 0px 0px 0px;overflow:auto;background:#FFFFFF;">

<table style="font-family:Arial,Verdana,Times;font-size:12px;text-align:left;width:100%;border-collapse:collapse;padding:3px 3px 3px 3px">

<tr style="text-align:center;font-weight:bold;background:#9CBCE2">

<td>Erzin İsos Termal</td>

</tr>

<tr>

<td>

<table style="font-family:Arial,Verdana,Times;font-size:12px;text-align:left;width:100%;border-spacing:0px; padding:3px 3px 3px 3px">

<tr>

<td>SHAPE</td>

<td>Polygon</td>

</tr>

<tr bgcolor="#D4E4F3">

<td>Adi</td>

<td>Erzin İsos Termal</td>

</tr>

<tr>

<td>SHAPE_Length</td>

<td>6092.234913</td>

</tr>

<tr bgcolor="#D4E4F3">

<td>SHAPE_Area</td>

<td>1938997.23216</td>

</tr>

</table>

</td>

</tr>

</table>

</body>

</html>]]></description>
				<styleUrl>#PolyStyle40</styleUrl>
				<MultiGeometry>
					<Polygon>
						<outerBoundaryIs>
							<LinearRing>
								<coordinates>
									36.26407151744179,36.96278688006822,0 36.26162283667228,36.96054647305397,0 36.25980190761611,36.95908980555369,0 36.25747441898054,36.95745629503679,0 36.25532537055286,36.9561039269913,0 36.2533514841377,36.95495651248776,0 36.25148476624168,36.95409221284867,0 36.25052311062474,36.9538324807815,0 36.24950750349547,36.9534216375673,0 36.24826936538687,36.95280708063968,0 36.2475780045061,36.95219661623101,0 36.24731715592859,36.95165065272828,0 36.24748195106796,36.95105489289188,0 36.24789058550331,36.95060503754614,0 36.24856598466563,36.95028138301881,0 36.25021456034662,36.94993106602647,0 36.25217331034632,36.9496103690772,0 36.2542040601429,36.94930673683432,0 36.25576575838767,36.94914945141193,0 36.2569754713816,36.94909717209056,0 36.25781109528411,36.94918866234698,0 36.25860656069585,36.94945290245833,0 36.25988812755045,36.94997079390634,0 36.26260023406501,36.95115501751173,0 36.26422637034349,36.95194947135794,0 36.26600147352821,36.95289237881599,0 36.2677291465765,36.95383656618834,0 36.26935946587047,36.95472619359218,0 36.27067634309958,36.9555100049981,0 36.27233454836404,36.95649418236298,0 36.27358761825141,36.95745137248213,0 36.27447566332433,36.95820882900127,0 36.27481692561128,36.95896230394425,0 36.2747063449691,36.95970917923775,0 36.27433626920321,36.96050136314303,0 36.27342181671269,36.96134671553321,0 36.27226505366291,36.96208431227313,0 36.2709126393162,36.9626937863553,0 36.26865401096717,36.96323285998621,0 36.26725661646616,36.96334765015576,0 36.26597058568351,36.96328770551592,0 36.26472389255963,36.96303593982257,0 36.26407151744179,36.96278688006822,0 
								</coordinates>
							</LinearRing>
						</outerBoundaryIs>
					</Polygon>
				</MultiGeometry>
			</Placemark>
		</Folder>
		<Folder id="FeatureLayer5">
			<name>birinci_derece_koruma_alani_37</name>
			<visibility>0</visibility>
			<Snippet maxLines="0"></Snippet>
			<Placemark id="ID_50000">
				<name>Burnaz Kaynakları</name>
				<visibility>0</visibility>
				<Snippet maxLines="0"></Snippet>
				<description><![CDATA[<html xmlns:fo="http://www.w3.org/1999/XSL/Format" xmlns:msxsl="urn:schemas-microsoft-com:xslt">

<head>

<META http-equiv="Content-Type" content="text/html">

<meta http-equiv="content-type" content="text/html; charset=UTF-8">

</head>

<body style="margin:0px 0px 0px 0px;overflow:auto;background:#FFFFFF;">

<table style="font-family:Arial,Verdana,Times;font-size:12px;text-align:left;width:100%;border-collapse:collapse;padding:3px 3px 3px 3px">

<tr style="text-align:center;font-weight:bold;background:#9CBCE2">

<td>Burnaz Kaynakları</td>

</tr>

<tr>

<td>

<table style="font-family:Arial,Verdana,Times;font-size:12px;text-align:left;width:100%;border-spacing:0px; padding:3px 3px 3px 3px">

<tr>

<td>SHAPE</td>

<td>Polygon</td>

</tr>

<tr bgcolor="#D4E4F3">

<td>Adi</td>

<td>Burnaz Kaynakları</td>

</tr>

<tr>

<td>SHAPE_Length</td>

<td>47091.877454</td>

</tr>

<tr bgcolor="#D4E4F3">

<td>SHAPE_Area</td>

<td>75093918.504849</td>

</tr>

</table>

</td>

</tr>

</table>

</body>

</html>]]></description>
				<styleUrl>#PolyStyle50000</styleUrl>
				<MultiGeometry>
					<Polygon>
						<outerBoundaryIs>
							<LinearRing>
								<coordinates>
									36.12390250125736,37.00953846772372,0 36.12324433645507,37.00873350377262,0 36.12198646979287,37.00819037600572,0 36.11906488134766,37.00761874949399,0 36.11651099785797,37.00754475731387,0 36.11003932695981,37.00572891099943,0 36.09040871293225,37.00521551396613,0 36.08999855707561,37.0175270784268,0 36.08965756641725,37.01944990842046,0 36.08914681086959,37.0203672079906,0 36.08889643093401,37.0206948479876,0 36.08846326333469,37.02113720889538,0 36.08756662342202,37.02153752247037,0 36.08664412129965,37.02185728127758,0 36.08590628626963,37.02234377144801,0 36.08556024751177,37.02316428781442,0 36.08554015273737,37.02398380433478,0 36.08580991920313,37.02486451222367,0 36.08666962029822,37.02589488338077,0 36.08772069268512,37.02662357188535,0 36.08915183130939,37.02740663864605,0 36.09048675477491,37.02806117191761,0 36.09135422316707,37.02859608997878,0 36.09238968490997,37.02944149975983,0 36.09316381535205,37.03036159375985,0 36.09384964733346,37.03182919645841,0 36.09406098355174,37.03277153244981,0 36.09423897942706,37.03370403977407,0 36.09438132993201,37.03439237317609,0 36.09455943104239,37.03502751589371,0 36.09463887077342,37.03559716272163,0 36.09466284928467,37.03614742808741,0 36.09438420956659,37.03696962118032,0 36.09398512405242,37.03770776102963,0 36.09376536803422,37.03845930683234,0 36.09367830869504,37.03926817196297,0 36.09358379470055,37.03997773201238,0 36.09355940864081,37.04061692244114,0 36.09360917000083,37.04137507502859,0 36.09349895537252,37.04220139413338,0 36.09292082627241,37.04291711704641,0 36.09196163693787,37.04330810113425,0 36.09028160309709,37.04373545231557,0 36.08891648312787,37.04386413613343,0 36.08779271395383,37.04385455620396,0 36.08678559824347,37.04402805413201,0 36.08568884037813,37.0444876941935,0 36.08468404914997,37.04548123920073,0 36.08374164828334,37.04689983046085,0 36.08262970529167,37.04834127394275,0 36.08143338640456,37.04963645140201,0 36.08021766915714,37.05085003840566,0 36.07930204738752,37.05156638763273,0 36.07797739000035,37.05210143657595,0 36.07654471620042,37.05222830890341,0 36.07528484563279,37.05195393054203,0 36.07419329910193,37.0513953403692,0 36.07298705831325,37.05031126755788,0 36.07218533951286,37.04952552878396,0 36.07118309215043,37.04781570370957,0 36.07082496998419,37.04689673911959,0 36.07060493854149,37.04560272223147,0 36.07080544796434,37.04448129624586,0 36.07125698441147,37.04355530395369,0 36.07150443954367,37.04296668809068,0 36.07156981602684,37.04185093271602,0 36.07143147122648,37.04106355346364,0 36.07123490158119,37.04032880186536,0 36.07082704201401,37.03953476301636,0 36.07026731675259,37.03889015768051,0 36.06947677176709,37.03840204306063,0 36.06862212159114,37.03811959233655,0 36.06749775970733,37.03812782860859,0 36.06643731035284,37.03822774622802,0 36.06524708931099,37.03848664048932,0 36.06427660051758,37.03887711888714,0 36.063512751079,37.03915556444633,0 36.06276012621749,37.03943428307183,0 36.06208645281638,37.03970594244427,0 36.06117659824423,37.03998075402595,0 36.06028561018378,37.04005778368947,0 36.05937216083064,37.04013424943018,0 36.05889887254712,37.0404559160188,0 36.05846598149585,37.0408957263636,0 36.05810498583257,37.04122017595982,0 36.05751336980623,37.0414037347914,0 36.0566837313887,37.04134709443211,0 36.05598458406116,37.04111346872131,0 36.05553519059207,37.04052560204941,0 36.05507039788547,37.04004548341929,0 36.05435481661309,37.03994660534042,0 36.05374457292154,37.0400305613272,0 36.053112650944,37.04038430563737,0 36.05265692002331,37.04083253732713,0 36.05211960197414,37.04193654197515,0 36.05172469693866,37.04284584368021,0 36.05140231279696,37.04333343044697,0 36.05090476865014,37.04369951557388,0 36.05021309005461,37.04385351467022,0 36.0491889591403,37.04359373934297,0 36.04841887969024,37.04316006129196,0 36.0477115896519,37.04255673320014,0 36.04723525776416,37.0420853082031,0 36.04596078204408,37.04103531273478,0 36.04498291126853,37.04016390700429,0 36.04415983341426,37.0393594302517,0 36.04366073456171,37.03889643477495,0 36.04290506110848,37.03809363062138,0 36.04222451407694,37.03738280623252,0 36.04160646146342,37.03679969157275,0 36.0408985845887,37.03621433172892,0 36.03988858185922,37.03559439125954,0 36.03895614929936,37.03500341291269,0 36.03802513120107,37.03437641884116,0 36.03701062610794,37.03387348486096,0 36.03604877677078,37.03346196871234,0 36.03515676219006,37.03298911456592,0 36.03422404906021,37.03240710398057,0 36.03290466300039,37.03165321176709,0 36.03164565309267,37.03079268527302,0 36.03022175957029,37.0301262570312,0 36.02928701488077,37.02959822362364,0 36.02840000365193,37.02899929173088,0 36.02722459216003,37.0283030124764,0 36.02627375828883,37.02761235511556,0 36.02510365890446,37.02678102420102,0 36.02420093694525,37.02601045932051,0 36.0234185706979,37.02532400823446,0 36.02283620046563,37.02469664023124,0 36.02215947673474,37.0238956914196,0 36.02169467446122,37.02313610649126,0 36.02137093638685,37.02221786654497,0 36.02119875242958,37.02144760890484,0 36.02091184172743,37.02073754514368,0 36.0206887775367,37.02011919470841,0 36.02066929515018,37.01860486327336,0 36.02064239318776,37.01756792631655,0 36.02050847565821,37.01668148655089,0 36.02040296162802,37.015930924865,0 36.02013712025637,37.01525743260395,0 36.0196004564025,37.01461317659853,0 36.01898275790584,37.01402995778204,0 36.01824929237795,37.01353393438816,0 36.01755756987892,37.01312005522853,0 36.0168820108636,37.01258042532004,0 36.01629520790343,37.01207005800151,0 36.01565193387376,37.01156727757403,0 36.01525386196257,37.01111572099327,0 36.01505155575192,37.01054293792576,0 36.01518394025957,37.00974429484585,0 36.01555728124505,37.00910490265243,0 36.01610911121635,37.00878538449251,0 36.016893490029,37.00855281286938,0 36.01778448090705,37.00846709275692,0 36.0186701916988,37.00851639770725,0 36.01947838508876,37.0085367147225,0 36.02035920440873,37.00842368656317,0 36.02114740949825,37.0083804130598,0 36.02202154676154,37.00843841317258,0 36.02275536373917,37.00863705949814,0 36.02337412401398,37.00890490102878,0 36.02400024972769,37.00927204505582,0 36.0243387432779,37.00952383640931,0 36.02461935723947,37.0098192294287,0 36.02494979071087,37.00998971800317,0 36.02534056540912,37.010053587618,0 36.02558016696824,37.00967212571437,0 36.02555704490928,37.00882451304652,0 36.02545359298235,37.00801994020134,0 36.0253543558425,37.00710734110515,0 36.02515058758205,37.00628222943674,0 36.02508011292184,37.00549650542561,0 36.02503909913023,37.00481965230214,0 36.02492618646906,37.00396978651178,0 36.02483853288353,37.00304846636615,0 36.02475088065565,37.00212714612572,0 36.02458501367909,37.001194852348,0 36.02449385399636,37.000363553737,0 36.02448617660969,36.99940819576023,0 36.02459388211866,36.9986629855465,0 36.02489413812661,36.99787755081285,0 36.02528066397589,36.99718438909281,0 36.02580431729969,36.99643158800562,0 36.02617399432897,36.99559382435811,0 36.02649315793516,36.994898968879,0 36.0266218771617,36.99419032679269,0 36.02660294360428,36.99352303770745,0 36.02645705508648,36.99265432341914,0 36.02620210123806,36.99170177516036,0 36.02596468626032,36.99087582027273,0 36.02580477918779,36.99007884166504,0 36.02559086922279,36.98922644245378,0 36.02539975828636,36.98836560365943,0 36.0253440099762,36.98777848988315,0 36.02571749468506,36.98741840512703,0 36.02649215505731,36.98742881808044,0 36.02735974895983,36.98764880857021,0 36.02813091254634,36.988037585847,0 36.02896802292138,36.98875240682346,0 36.03015865502145,36.98962025126993,0 36.0306513972685,36.98994797440776,0 36.03128721638859,36.99006301253974,0 36.03228705358993,36.99006100222798,0 36.03305084904,36.98977373709209,0 36.03386967423032,36.98922652338595,0 36.0347382729824,36.9885543937642,0 36.03546901209145,36.9876715579308,0 36.03590481849146,36.98686244610647,0 36.03599204086392,36.98606264377825,0 36.03603790549862,36.98546005055388,0 36.03580497696595,36.98480543491376,0 36.0353532496736,36.98428952668641,0 36.03410862566341,36.98336631812107,0 36.03363657445343,36.98279582921948,0 36.03338612872908,36.982014616587,0 36.03331734973271,36.98147223427643,0 36.03322505370467,36.98066794368408,0 36.03290204476267,36.98002008057668,0 36.03246685709021,36.97965776326191,0 36.03130090587411,36.97902484802197,0 36.03029451380044,36.9783328393134,0 36.02981445200819,36.9776810361212,0 36.02985158659432,36.97701514968849,0 36.03017658033457,36.97616723897278,0 36.03000264323164,36.97573035440723,0 36.0293886712934,36.97534552766827,0 36.02845317706231,36.97485352241444,0 36.02763655275628,36.97419327910831,0 36.02732518037508,36.97324832930345,0 36.02741421896143,36.97240352374296,0 36.02813715578972,36.97143042423987,0 36.03012083270532,36.97009240475871,0 36.03177036144441,36.96925961952987,0 36.03328032976609,36.96854947504612,0 36.03394674191434,36.96787228850901,0 36.03403080324785,36.96715350616104,0 36.03352760414645,36.96623080784612,0 36.03264962522456,36.96512752363245,0 36.03189964724923,36.9641986457754,0 36.03161351345864,36.9634706025201,0 36.03179503049937,36.96255601701058,0 36.0323534415635,36.96205635705806,0 36.0334566729576,36.96198482773494,0 36.034141019133,36.96229029219384,0 36.03520857930462,36.96284862895593,0 36.03577788102362,36.96264658965186,0 36.03616624768286,36.96218771765006,0 36.03631619041511,36.96150662278578,0 36.03578073856376,36.96054708362293,0 36.03470016541363,36.95945677451468,0 36.03207152747071,36.95775103119378,0 36.0301662276098,36.95679323568589,0 36.02859501380705,36.95533014807781,0 36.02779327877241,36.95400346332568,0 36.02759273748592,36.95309733405149,0 36.027402716647,36.9522094901191,0 36.02732837860926,36.95152278752946,0 36.02721652880332,36.95064591283935,0 36.02711098377397,36.94960699697472,0 36.02700123873535,36.94867610837591,0 36.02701312156935,36.94779332255226,0 36.02704498437951,36.94697411465729,0 36.02695452215679,36.94612480848093,0 36.02692295245351,36.94549324329098,0 36.02686228765374,36.94474380523243,0 36.02693445915969,36.94404275086974,0 36.02725056765156,36.94341989660811,0 36.02786036962939,36.94275033183082,0 36.02841200307289,36.94242172746045,0 36.02956396429421,36.94166660792656,0 36.03001811909562,36.9409570904588,0 36.03068319802348,36.93973020701304,0 36.03118431590283,36.93925614763463,0 36.03229944636963,36.93886953251219,0 36.03339007869171,36.9388247153007,0 36.03442572540504,36.93903983527635,0 36.03560756731766,36.9395379422985,0 36.03676564967267,36.9403598436229,0 36.0380363126618,36.94146388807101,0 36.03874798436871,36.94250891498115,0 36.03953475734332,36.94393427743347,0 36.04033125522813,36.94481921210752,0 36.04118448226075,36.94539917918792,0 36.04193287852883,36.94578729395836,0 36.04273032589862,36.94606849352146,0 36.04354630731543,36.94616091659423,0 36.04433525671512,36.94608144984279,0 36.04496048911063,36.94588075629686,0 36.0453140188545,36.94544801633128,0 36.04526829737876,36.94488818948202,0 36.04519310461983,36.94421949546062,0 36.04531666274838,36.9436368505627,0 36.04562879592764,36.94311296743012,0 36.04614071669465,36.94264812364551,0 36.04671331645351,36.94235599880541,0 36.04734833701128,36.94219157990291,0 36.04795823512788,36.94238697697931,0 36.04850719316513,36.942707010735,0 36.04906841395849,36.9430003136479,0 36.04970675898011,36.94333157606149,0 36.05026138934641,36.9437959207848,0 36.05083002063965,36.94418852207802,0 36.05144247952366,36.94460924318603,0 36.05195077109725,36.94482011750741,0 36.05277311155287,36.9450387905971,0 36.0535288552384,36.94523778209648,0 36.05448151916641,36.94527945717503,0 36.0555799926391,36.94532474293276,0 36.05646848365918,36.94528370946064,0 36.05771623294142,36.94524256715865,0 36.05947645570814,36.94530422418701,0 36.06065656345184,36.9452703856934,0 36.06180579096954,36.94516368164182,0 36.06303525764495,36.94501389675095,0 36.06410062902228,36.94475190520016,0 36.06521707856206,36.94432896659575,0 36.06609729142345,36.94391819862641,0 36.06671573099522,36.94360007574083,0 36.06722717095145,36.94372986261621,0 36.06766526741152,36.94430839251198,0 36.06797015875643,36.94484758482017,0 36.06831991874897,36.94538788497949,0 36.06865777683205,36.94594591243958,0 36.06903377598923,36.94638773613904,0 36.06947638728681,36.94684922620815,0 36.07005601662753,36.94725102008957,0 36.07070571110949,36.94758245174535,0 36.07154747218118,36.94788257578122,0 36.07244704716668,36.94813906461096,0 36.0733412719233,36.94824222499915,0 36.07444654810865,36.94840464959053,0 36.07551817964223,36.94856623470191,0 36.076464022157,36.94878778907737,0 36.07726198726383,36.94905976048533,0 36.07806339994585,36.94924169980281,0 36.07900994755106,36.94944522913115,0 36.07987901437734,36.94961981062282,0 36.08053943471048,36.94967210691312,0 36.08128056521315,36.94937494901038,0 36.08223927735314,36.94896599167732,0 36.08317451545348,36.94858348286127,0 36.08434323501776,36.94826077107498,0 36.0853739123753,36.94802476865812,0 36.08638478819478,36.94801355068402,0 36.08741603946614,36.94805689138234,0 36.08832895228684,36.94825952077965,0 36.08910589742986,36.94849485245306,0 36.09002489643693,36.94883278622604,0 36.09082600034366,36.94902364329192,0 36.09160741523622,36.94914192278861,0 36.09250922134409,36.94904687841908,0 36.09335665288312,36.94890543911849,0 36.09411468881043,36.94875279318696,0 36.09472785381868,36.94886693151049,0 36.09510847059399,36.94919164269476,0 36.09532794683828,36.94962054255797,0 36.09538251710301,36.95025266306148,0 36.09546020661376,36.95086732704056,0 36.09558960872345,36.95130303265201,0 36.09588932485993,36.95168883962001,0 36.0964378788959,36.95202666831977,0 36.09703069108501,36.95208622990089,0 36.09791761424793,36.95179253408328,0 36.09849796472648,36.95129308823952,0 36.09904300645696,36.95054046205717,0 36.09947717552076,36.95004644814823,0 36.10013294764283,36.9496299383924,0 36.10092258258464,36.94953208835187,0 36.101683978228,36.94958673401451,0 36.10230326121566,36.94983615123058,0 36.10276107159947,36.95019876852718,0 36.10315358708645,36.95080309307912,0 36.10354133192592,36.95153345709583,0 36.1038067147912,36.95223379952559,0 36.10390179115111,36.95298405189492,0 36.10378070304821,36.9535127584282,0 36.10363205936999,36.95417596044469,0 36.1035065309527,36.95482170403216,0 36.10341499520516,36.95545926605697,0 36.10333331055532,36.95613311331739,0 36.10323869945916,36.95685170092813,0 36.10324099957123,36.95738341895963,0 36.1033442643844,36.95791760201606,0 36.10347201489994,36.95839831545924,0 36.10374390065301,36.9589276034972,0 36.10405046932426,36.95943070387635,0 36.10440191639072,36.95993489882506,0 36.10493760444748,36.9606148018844,0 36.1053985219102,36.96119375500074,0 36.10589446708934,36.96173751600865,0 36.1064346132333,36.962300375525,0 36.10705193717563,36.96290115953612,0 36.10761590165378,36.96342854981054,0 36.1080707485588,36.96387217669654,0 36.10875234725254,36.9645556199624,0 36.10934794974881,36.96513784069584,0 36.1099775604466,36.96571187579853,0 36.11056671078302,36.96646514673333,0 36.11108516543334,36.96700943519648,0 36.11164918751813,36.96753680847193,0 36.11224925961133,36.96800197812134,0 36.11298227721522,36.96851543638454,0 36.11391522472173,36.96908782170739,0 36.11480636655291,36.96957808209319,0 36.11572710015638,36.9698798195654,0 36.11648191687644,36.97011443859699,0 36.11724218205212,36.97050237627247,0 36.11799021559746,36.97091704573867,0 36.11868996712875,36.97112327949164,0 36.11944854142062,36.97125884761227,0 36.12036761834332,36.97160556560848,0 36.12105991712901,36.97200985195512,0 36.12146082626815,36.97239805286346,0 36.12187875214737,36.97293084519187,0 36.12221370256573,36.97328139840498,0 36.12230078023198,36.97365297170465,0 36.12218282942236,36.97410067240125,0 36.12172214061877,36.97470225971168,0 36.12128115021599,36.97507904213954,0 36.1206211655883,36.97530632760606,0 36.11994316506716,36.9757133965926,0 36.11958104781461,36.9760830760573,0 36.11960146679054,36.9764350099411,0 36.11982149138276,36.97685486904468,0 36.12034449426658,36.97728208318345,0 36.12076583141236,36.97772484994385,0 36.12113787468883,36.97828356499268,0 36.12125727810563,36.97898933899224,0 36.12117195751495,36.97946486369514,0 36.12080778991978,36.97988856414505,0 36.12060174175347,36.98028906803555,0 36.12066399682114,36.98072311826715,0 36.12094014772642,36.98114433780052,0 36.12144074105725,36.98157100360524,0 36.12209844859363,36.98200147939883,0 36.12279901628293,36.98248705868338,0 36.12334248214643,36.98296882405359,0 36.12374040446482,36.98343804665676,0 36.12408869383156,36.98403222187952,0 36.12437850211276,36.98468805699805,0 36.12454045814688,36.98545793811402,0 36.12464593295782,36.98593809036985,0 36.12462253279649,36.98655929814257,0 36.12441750136828,36.98693279933245,0 36.1240886773301,36.98731230986044,0 36.12344151107448,36.98749486355436,0 36.1226365195738,36.98739423705948,0 36.12183628320048,36.98716756336096,0 36.12117855231088,36.98703445541684,0 36.12071434337258,36.98713132232734,0 36.1204106635129,36.98743934286834,0 36.12038381678725,36.98785320727583,0 36.12048960713964,36.98832435910689,0 36.12085490263794,36.98906313582409,0 36.12132053432918,36.98982236917551,0 36.12187358475681,36.9906468006847,0 36.12248072721638,36.99152660942271,0 36.12301169392938,36.99234148889245,0 36.12340185393583,36.99301778276711,0 36.12377025164158,36.99367552523081,0 36.12407063354211,36.99434963979889,0 36.12425878060315,36.99502103234178,0 36.12455815364054,36.99572215493842,0 36.12467692699794,36.99644593219667,0 36.12497096998595,36.99818321489004,0 36.12524516688519,36.99865844501338,0 36.12612189959024,37.00043688135432,0 36.126550311933,37.00188905723961,0 36.12695591335468,37.0030523200081,0 36.12791402053706,37.00476062540504,0 36.12838170112356,37.00551144225741,0 36.12866629422472,37.00596832288634,0 36.12907296259321,37.00710457097492,0 36.12938301324514,37.00812133312137,0 36.12928516043006,37.00892997392137,0 36.12858685305132,37.00957088601584,0 36.12789493773135,37.00974336548404,0 36.1270039657752,37.00953254753578,0 36.12569621726947,37.00875292680661,0 36.12489269604176,37.00860729131667,0 36.12390250125736,37.00953846772372,0 
								</coordinates>
							</LinearRing>
						</outerBoundaryIs>
					</Polygon>
				</MultiGeometry>
			</Placemark>
			<Placemark id="ID_50001">
				<name>Tatarlı Kaynakları</name>
				<visibility>0</visibility>
				<Snippet maxLines="0"></Snippet>
				<description><![CDATA[<html xmlns:fo="http://www.w3.org/1999/XSL/Format" xmlns:msxsl="urn:schemas-microsoft-com:xslt">

<head>

<META http-equiv="Content-Type" content="text/html">

<meta http-equiv="content-type" content="text/html; charset=UTF-8">

</head>

<body style="margin:0px 0px 0px 0px;overflow:auto;background:#FFFFFF;">

<table style="font-family:Arial,Verdana,Times;font-size:12px;text-align:left;width:100%;border-collapse:collapse;padding:3px 3px 3px 3px">

<tr style="text-align:center;font-weight:bold;background:#9CBCE2">

<td>Tatarlı Kaynakları</td>

</tr>

<tr>

<td>

<table style="font-family:Arial,Verdana,Times;font-size:12px;text-align:left;width:100%;border-spacing:0px; padding:3px 3px 3px 3px">

<tr>

<td>SHAPE</td>

<td>Polygon</td>

</tr>

<tr bgcolor="#D4E4F3">

<td>Adi</td>

<td>Tatarlı Kaynakları</td>

</tr>

<tr>

<td>SHAPE_Length</td>

<td>7010.326967</td>

</tr>

<tr bgcolor="#D4E4F3">

<td>SHAPE_Area</td>

<td>2613333.376274</td>

</tr>

</table>

</td>

</tr>

</table>

</body>

</html>]]></description>
				<styleUrl>#PolyStyle50000</styleUrl>
				<MultiGeometry>
					<Polygon>
						<outerBoundaryIs>
							<LinearRing>
								<coordinates>
									36.03867937084277,37.1189694493948,0 36.03782422412511,37.11838445958045,0 36.03732027742382,37.11502726776541,0 36.0362481683301,37.11178399377593,0 36.03818081493129,37.10981417115992,0 36.04089237270033,37.10894370124375,0 36.04325256314291,37.10850000699172,0 36.04570688498641,37.10886281469174,0 36.04892288968435,37.11008225944273,0 36.05117784847124,37.11234996831477,0 36.05323976994525,37.11528300317741,0 36.05514890756605,37.11784361270969,0 36.05655233581096,37.11941988317891,0 36.05780395741317,37.12079658297252,0 36.05934243311067,37.12315685112127,0 36.05951286754436,37.12405172932993,0 36.05968231407304,37.12494139965534,0 36.05911179572158,37.12752160058632,0 36.05806211031727,37.12906613080213,0 36.05613346053007,37.130601034636,0 36.05505124938874,37.1311289554855,0 36.05262255530715,37.12880302368888,0 36.05240337005067,37.12754589378747,0 36.05184428361815,37.1257933411006,0 36.0511803536487,37.12506632562889,0 36.05030935317438,37.12449645462677,0 36.044631942714,37.1218091149106,0 36.04056379784704,37.12072895285385,0 36.03867937084277,37.1189694493948,0 
								</coordinates>
							</LinearRing>
						</outerBoundaryIs>
					</Polygon>
				</MultiGeometry>
			</Placemark>
			<Placemark id="ID_50002">
				<name>Narin-1 Jeotermal Kuyusu</name>
				<visibility>0</visibility>
				<Snippet maxLines="0"></Snippet>
				<description><![CDATA[<html xmlns:fo="http://www.w3.org/1999/XSL/Format" xmlns:msxsl="urn:schemas-microsoft-com:xslt">

<head>

<META http-equiv="Content-Type" content="text/html">

<meta http-equiv="content-type" content="text/html; charset=UTF-8">

</head>

<body style="margin:0px 0px 0px 0px;overflow:auto;background:#FFFFFF;">

<table style="font-family:Arial,Verdana,Times;font-size:12px;text-align:left;width:100%;border-collapse:collapse;padding:3px 3px 3px 3px">

<tr style="text-align:center;font-weight:bold;background:#9CBCE2">

<td>Narin-1 Jeotermal Kuyusu</td>

</tr>

<tr>

<td>

<table style="font-family:Arial,Verdana,Times;font-size:12px;text-align:left;width:100%;border-spacing:0px; padding:3px 3px 3px 3px">

<tr>

<td>SHAPE</td>

<td>Polygon</td>

</tr>

<tr bgcolor="#D4E4F3">

<td>Adi</td>

<td>Narin-1 Jeotermal Kuyusu</td>

</tr>

<tr>

<td>SHAPE_Length</td>

<td>5743.157989</td>

</tr>

<tr bgcolor="#D4E4F3">

<td>SHAPE_Area</td>

<td>1472106.417232</td>

</tr>

</table>

</td>

</tr>

</table>

</body>

</html>]]></description>
				<styleUrl>#PolyStyle50000</styleUrl>
				<MultiGeometry>
					<Polygon>
						<outerBoundaryIs>
							<LinearRing>
								<coordinates>
									36.17049923431886,36.26318965302555,0 36.17049933519071,36.26286058992474,0 36.17284555789954,36.26116109604887,0 36.17340267853695,36.26073551904992,0 36.17389958120838,36.26034666839296,0 36.17610763289161,36.25888229356124,0 36.17602610167736,36.25820315786304,0 36.17503541029824,36.25758838092188,0 36.17374738098119,36.25672811122438,0 36.17301972314844,36.25600507955834,0 36.17266998971823,36.25525283124146,0 36.17271766237241,36.25491058611993,0 36.17286660132344,36.25404613671358,0 36.17323506071475,36.25362563491941,0 36.17383678411141,36.25326787593576,0 36.17492667245222,36.25243520705002,0 36.17556127468754,36.25214498374636,0 36.17713398863777,36.2516384610157,0 36.17770676395787,36.25175690691713,0 36.17866337096461,36.25200840690091,0 36.18396881602067,36.25347840167706,0 36.18465483373098,36.25372347885285,0 36.18503266071986,36.25435235982051,0 36.18576192477657,36.25536150368887,0 36.18604180020557,36.25675112862127,0 36.18706770961192,36.26098161576949,0 36.18709620051039,36.26445418184678,0 36.18618586350195,36.26520534373066,0 36.18541270434616,36.26541605419511,0 36.18447409782853,36.26564193704572,0 36.18298134017888,36.26588336678774,0 36.18209241876199,36.26570980031524,0 36.18145566647508,36.26556601929305,0 36.18047620992146,36.26479893896776,0 36.17985666873902,36.26434079716113,0 36.17767871955968,36.26104164296876,0 36.17321517726804,36.2638119043815,0 36.1724857692541,36.26395202872551,0 36.17206057089229,36.26398489027559,0 36.17104810068875,36.26364616927774,0 36.17049923431886,36.26318965302555,0 
								</coordinates>
							</LinearRing>
						</outerBoundaryIs>
					</Polygon>
				</MultiGeometry>
			</Placemark>
			<Placemark id="ID_50003">
				<name>Mazmanlı Kaynakları</name>
				<visibility>0</visibility>
				<Snippet maxLines="0"></Snippet>
				<description><![CDATA[<html xmlns:fo="http://www.w3.org/1999/XSL/Format" xmlns:msxsl="urn:schemas-microsoft-com:xslt">

<head>

<META http-equiv="Content-Type" content="text/html">

<meta http-equiv="content-type" content="text/html; charset=UTF-8">

</head>

<body style="margin:0px 0px 0px 0px;overflow:auto;background:#FFFFFF;">

<table style="font-family:Arial,Verdana,Times;font-size:12px;text-align:left;width:100%;border-collapse:collapse;padding:3px 3px 3px 3px">

<tr style="text-align:center;font-weight:bold;background:#9CBCE2">

<td>Mazmanlı Kaynakları</td>

</tr>

<tr>

<td>

<table style="font-family:Arial,Verdana,Times;font-size:12px;text-align:left;width:100%;border-spacing:0px; padding:3px 3px 3px 3px">

<tr>

<td>SHAPE</td>

<td>Polygon</td>

</tr>

<tr bgcolor="#D4E4F3">

<td>Adi</td>

<td>Mazmanlı Kaynakları</td>

</tr>

<tr>

<td>SHAPE_Length</td>

<td>45341.185978</td>

</tr>

<tr bgcolor="#D4E4F3">

<td>SHAPE_Area</td>

<td>79819524.519351</td>

</tr>

</table>

</td>

</tr>

</table>

</body>

</html>]]></description>
				<styleUrl>#PolyStyle50000</styleUrl>
				<MultiGeometry>
					<Polygon>
						<outerBoundaryIs>
							<LinearRing>
								<coordinates>
									36.54631763911088,36.7345460729211,0 36.54477524377239,36.73541269108753,0 36.54265451686799,36.73598702161365,0 36.53999547126227,36.7380980184718,0 36.53798158950131,36.73967582718838,0 36.53664944209473,36.74022053018129,0 36.53590384009096,36.74083698484372,0 36.53505237042995,36.74105779364522,0 36.53470825729932,36.73977493831996,0 36.53490457094701,36.7389820576214,0 36.53490033207094,36.73895750657649,0 36.53465120205838,36.7386868742537,0 36.53416644118492,36.73832961151096,0 36.53369618375515,36.73793211174462,0 36.53329042615645,36.73741984330329,0 36.53318428153143,36.73711962881762,0 36.53309484187606,36.73577635313922,0 36.53292695624052,36.7356600810457,0 36.53288979760425,36.73501817355599,0 36.53279817131244,36.73451816709519,0 36.5326066692765,36.73404677493593,0 36.53235753865333,36.73376464542123,0 36.53199403987397,36.73352827113437,0 36.53150164916801,36.73337189224114,0 36.53100201365809,36.7333188887863,0 36.53049462377197,36.73343251061287,0 36.5300548118262,36.73357725188777,0 36.5299229821021,36.733620636837,0 36.52942259123032,36.73379163963267,0 36.52908683669291,36.73385963894364,0 36.52865857611245,36.73381826708948,0 36.52841607170862,36.73372013665794,0 36.52820943656135,36.73354150467266,0 36.52807443660102,36.73328850223325,0 36.52808956007117,36.73300124449315,0 36.52830482631279,36.73258836608588,0 36.5285853305125,36.73183672402302,0 36.52869396002925,36.7312453380022,0 36.52861759053321,36.73045257134054,0 36.52854083966992,36.72978031280277,0 36.52859221314253,36.72924629759417,0 36.52894410490793,36.72848328927003,0 36.52950274400472,36.72782990157986,0 36.53004713853915,36.72719363889341,0 36.53006795444061,36.72713825566262,0 36.53021964263325,36.72673463245156,0 36.53026364565704,36.72629236768992,0 36.53002963841492,36.72571161409201,0 36.52975213295862,36.72536060519176,0 36.52918975219033,36.72468133740387,0 36.52868461703535,36.72403682299041,0 36.52817248305665,36.72331168592996,0 36.52796660239634,36.72288617345971,0 36.52791760503682,36.72252417152322,0 36.52789060380756,36.72192102906979,0 36.52781397775625,36.72120851651089,0 36.5273877222459,36.72037450150678,0 36.52683258671123,36.71976423635121,0 36.52649057970922,36.71948185846663,0 36.52615606648891,36.71909621929123,0 36.52610082405059,36.71897858813867,0 36.52511616905382,36.71816882158124,0 36.52410402763673,36.71756893844668,0 36.52308626345597,36.7171484419779,0 36.52211790549455,36.71674834446723,0 36.51864902327036,36.71531500380979,0 36.51742999859623,36.71472036315285,0 36.51703262048714,36.71451108862703,0 36.51669584814128,36.71433373169807,0 36.51602583703239,36.71401034551596,0 36.51531956811833,36.71386484330266,0 36.51524359831138,36.71385626929157,0 36.51459180425546,36.7137827107289,0 36.51392840913365,36.7135972042275,0 36.51251700186932,36.71294456543012,0 36.5115826032356,36.71274693898206,0 36.51031969589485,36.71257718152853,0 36.50577433205758,36.71234153919475,0 36.50474731335577,36.71214365594446,0 36.50397741712768,36.7118430269096,0 36.50324352680953,36.7114275139274,0 36.50234600972385,36.710845127002,0 36.50136335841198,36.71011310427273,0 36.50058034519655,36.70945059579163,0 36.49990047426069,36.70872570075021,0 36.49969882749218,36.70853445244298,0 36.499697444014,36.7085334509357,0 36.4982814159318,36.70741017236468,0 36.49711964830021,36.70635527432871,0 36.49591437223701,36.70523762223189,0 36.49427583278439,36.70366346174724,0 36.49264149574769,36.70161987482957,0 36.49160439920765,36.70032301579808,0 36.49049500833274,36.698746480061,0 36.48952298993581,36.69732382383148,0 36.48871197355159,36.69627880987043,0 36.48784520743653,36.69537728948021,0 36.48736282288543,36.69502990104144,0 36.4898066367451,36.69273674239756,0 36.48992251899247,36.69289087193547,0 36.4905171587525,36.69302550376332,0 36.49224419611101,36.69272487093587,0 36.49358686465627,36.69188135471598,0 36.49467838864496,36.69093584707433,0 36.49512690253813,36.69073309453905,0 36.49632681299256,36.69062971334481,0 36.49779609658528,36.69101797630016,0 36.49897149538367,36.69073285580039,0 36.49950001562205,36.69032884662143,0 36.49969751931924,36.6896535843093,0 36.49969902659982,36.68964857806803,0 36.5033935926077,36.6900157334055,0 36.50474094985192,36.69039193743146,0 36.5058865475222,36.68992572849907,0 36.5055804189863,36.68967209669135,0 36.5054311638097,36.68946496724525,0 36.50536054042545,36.68919471776358,0 36.50538316910011,36.68876957720679,0 36.50542679222728,36.68843069711544,0 36.50539929467729,36.68806281305352,0 36.5053070479332,36.68789606258807,0 36.50513616784093,36.6877405619711,0 36.50487290586852,36.68747555502616,0 36.50460265643913,36.68715329405291,0 36.504382655664,36.68675628951334,0 36.50430477654851,36.68650327932895,0 36.50419164842086,36.68612377106393,0 36.5040852703428,36.68589939285705,0 36.50393576718385,36.68578414753263,0 36.50346563289589,36.6855302588635,0 36.50306650062436,36.68536837854663,0 36.50258198806687,36.68513175619078,0 36.50227560175439,36.68496425109176,0 36.50202660357306,36.68474536448507,0 36.50183459489355,36.6844807400199,0 36.50161446888624,36.68411235846698,0 36.50141558673779,36.68376134961572,0 36.50123070993399,36.68354834544298,0 36.50091744931382,36.68335220809918,0 36.50037593780336,36.68307520679679,0 36.4996990544079,36.6827366955584,0 36.49969754687529,36.68273632501887,0 36.49794613018241,36.68241318255225,0 36.49770149989638,36.68225393453653,0 36.49749250116955,36.68207155435502,0 36.49727599714829,36.68186630390046,0 36.49699385727365,36.6815295393324,0 36.49669610920445,36.68106666104302,0 36.49653435616468,36.68060314441696,0 36.49644297763759,36.680047638094,0 36.49645835920864,36.67943412274845,0 36.49650310832579,36.67890661827785,0 36.49650024030135,36.6786201122914,0 36.49645398881983,36.67827635189137,0 36.49634398672724,36.67799609974088,0 36.49622748432734,36.67778459230388,0 36.49587947917748,36.67728758019262,0 36.49581347114333,36.67711595653862,0 36.49578947269977,36.6768753213703,0 36.49583022451834,36.67665157249112,0 36.49600423553331,36.6761864362873,0 36.49614249019621,36.67571568260864,0 36.49619486547635,36.67523391672567,0 36.49614836773151,36.67486729103102,0 36.49593448763355,36.67419776956653,0 36.49572198946372,36.67368863763711,0 36.49472184523169,36.67227785367221,0 36.49424220613644,36.67148921389988,0 36.49389919804037,36.67077444977942,0 36.49360644824299,36.67008231153779,0 36.49346694879608,36.66969330778829,0 36.49344169156876,36.66932079896908,0 36.49357445647613,36.66828839885279,0 36.4935679564848,36.66764639484254,0 36.49348495876542,36.66720550339662,0 36.49338957545962,36.66695387420647,0 36.49314282812999,36.6665653663981,0 36.49295444477374,36.66631398337263,0 36.49274444364653,36.66602847802247,0 36.49260643811756,36.66581134739148,0 36.49256143509815,36.66559384261988,0 36.49252268853329,36.66528433966588,0 36.49264494449918,36.66465332851809,0 36.49338522301349,36.66290716824464,0 36.49350985357674,36.66250529349205,0 36.49360498192467,36.66200627916297,0 36.49516514885743,36.66197124249517,0 36.49628445935441,36.66213786495725,0 36.49813273117472,36.66225969423969,0 36.499456970001,36.66196610335413,0 36.50206779870222,36.66268859299135,0 36.5044278714519,36.66292886278906,0 36.50717247745692,36.66317713915477,0 36.50984603518295,36.66287542070835,0 36.51083169067044,36.66167992209456,0 36.51367115005597,36.66173926730842,0 36.51668761379455,36.66089611230122,0 36.51903648093686,36.66056356723314,0 36.5214692405908,36.66130576640646,0 36.5248823146403,36.66378518139839,0 36.5289517037376,36.6661112100316,0 36.52989673100395,36.66617851805653,0 36.53172089756944,36.66559637693438,0 36.53509389094523,36.66378247937402,0 36.53831051879934,36.66129757433041,0 36.53934954795954,36.66119983118527,0 36.54171656634978,36.66215487002175,0 36.54396987216237,36.66296444486412,0 36.54633252511572,36.66499235719125,0 36.54999361542411,36.6652823815686,0 36.55224231440321,36.66437482358978,0 36.55585334186872,36.66063372500013,0 36.56078762461805,36.65959034869922,0 36.56143602709782,36.66117744832447,0 36.56292269809725,36.66283894010199,0 36.56473809913423,36.66383946164721,0 36.56551209499425,36.66407467576421,0 36.57022970589129,36.66621262211498,0 36.57547631258765,36.66799113204247,0 36.5883526349658,36.66908849052731,0 36.58900483703446,36.66918078615452,0 36.58947635491323,36.66919866500927,0 36.59038752175008,36.66910772938145,0 36.5905866418615,36.66911175765828,0 36.59101129124373,36.66918437030833,0 36.59131277323496,36.66923592127738,0 36.59179932237969,36.66953184359183,0 36.59193686636057,36.66959248894301,0 36.59215459814549,36.66980339888468,0 36.59328665729068,36.67089998892453,0 36.59384012996527,36.67110103181872,0 36.59420311497704,36.67127978134676,0 36.59462580396515,36.67110947987882,0 36.59527476509621,36.67085596262587,0 36.59608226350776,36.67112933853193,0 36.59636243601705,36.67137579945418,0 36.59739111666573,36.67199640223421,0 36.5983126119126,36.67217502506877,0 36.5990165074243,36.67242122947241,0 36.59974505395156,36.67269865169587,0 36.6003306057295,36.67301063743867,0 36.60071561445765,36.67341952144142,0 36.60071779754028,36.67342570842556,0 36.6009429957206,36.67406415869743,0 36.60120388223024,36.67469158535774,0 36.60184928866319,36.67556895784109,0 36.60211177635379,36.67598201094582,0 36.60231147011501,36.67641525921978,0 36.60267203824409,36.67681597865024,0 36.60356629916193,36.67724298125715,0 36.60425919260262,36.67750286016351,0 36.60483057734274,36.67771636965602,0 36.60528070841256,36.67779761493924,0 36.60603160483338,36.67763761696296,0 36.60661124665094,36.67732198380625,0 36.60688427329134,36.67717604906012,0 36.60724041754338,36.67707656740632,0 36.60740576236116,36.67708403098146,0 36.60772303158431,36.67722863121372,0 36.60832122654096,36.67765216694056,0 36.60873796428602,36.67796099812824,0 36.60875309847135,36.67861944756506,0 36.60851491444354,36.67966004182968,0 36.60878052705702,36.68060158858049,0 36.60869425451661,36.68111180705117,0 36.60854518362129,36.6814441438511,0 36.60946296998608,36.681795669216,0 36.61037947609319,36.68251282336769,0 36.61099521472454,36.68320099086552,0 36.61163186084704,36.68374926869113,0 36.6121441065383,36.68441769411478,0 36.61226954687942,36.68495674308304,0 36.61183608031917,36.68545509612417,0 36.61186377412418,36.68601451071161,0 36.61188327938319,36.68664835360349,0 36.61265172490558,36.68724645921079,0 36.61303699278647,36.68790320831103,0 36.61341638418468,36.68837062900301,0 36.61302594314362,36.68886621586225,0 36.61318324995474,36.68930309367453,0 36.61271146857981,36.68962270390276,0 36.61247936605665,36.68994711936539,0 36.61239314895516,36.69083167340202,0 36.61300106655771,36.69184649291383,0 36.61414508172692,36.69267033969662,0 36.61498561547074,36.69306633700552,0 36.61604709089492,36.69345214022675,0 36.61662024293315,36.6933494715509,0 36.61714093260091,36.69346005086622,0 36.61838685061277,36.69390421331072,0 36.61881549219568,36.69405434689327,0 36.61900849209147,36.69415234353041,0 36.61932249821084,36.69438872749545,0 36.61938650348632,36.69464172966777,0 36.61946319001604,36.69506605077248,0 36.61950477765245,36.69558097440023,0 36.61988978598492,36.69617398153375,0 36.62053302273796,36.69685778014201,0 36.62131854292182,36.69739954058871,0 36.62162848354515,36.69802092918977,0 36.62179065688827,36.69870213910767,0 36.62220106304547,36.69904343652023,0 36.62271716734208,36.69959266489325,0 36.62320491589997,36.70048589856565,0 36.62359138291561,36.70142081679762,0 36.62444204081328,36.70221009576751,0 36.62625230136571,36.70394476803958,0 36.62747013421793,36.70496676463512,0 36.62822246699081,36.7056727631312,0 36.62861122321006,36.70668638861477,0 36.62940751150751,36.7082403153044,0 36.63082838396476,36.71122557505599,0 36.6307978504451,36.71263180263484,0 36.63121837552379,36.71436900073807,0 36.63058733287284,36.71485040725973,0 36.63034223758927,36.71609353076897,0 36.62992711619956,36.71687094333877,0 36.63039606649998,36.71744357759511,0 36.63047168074608,36.71888697780187,0 36.6301566281548,36.71952240421808,0 36.63009757460656,36.71999814286617,0 36.63022086795659,36.72031402400515,0 36.62919212982549,36.72006356192061,0 36.62840212639134,36.71999924485853,0 36.62799688949532,36.71992050698348,0 36.62738270350157,36.72014671839558,0 36.62680659169352,36.72025536906524,0 36.62645570413566,36.72044462195503,0 36.62571627484739,36.72087653676178,0 36.62510146103131,36.72160348438696,0 36.62390103169057,36.72306987614309,0 36.62293765342421,36.72405215146561,0 36.62228973648971,36.72489020015529,0 36.62105702189613,36.72643937353967,0 36.61979898432023,36.72736803857065,0 36.61913036870487,36.72791503403742,0 36.61871707591645,36.72834790647112,0 36.61852140237465,36.72892821037169,0 36.61837344791283,36.72940216322407,0 36.61848234436551,36.72987691627791,0 36.61890997384629,36.73050442983882,0 36.61895884626987,36.73112531437376,0 36.61882724687585,36.73178151408989,0 36.61876983373952,36.73208937960549,0 36.61860533254514,36.73252734309233,0 36.61774971535122,36.73386313104848,0 36.61727925432079,36.7344188523905,0 36.61693759996913,36.73512022553241,0 36.61679692049226,36.73593292954075,0 36.61724106237496,36.73766587225607,0 36.61681612873367,36.73847288291441,0 36.61625300540838,36.73882858409407,0 36.61534483494759,36.73977398350333,0 36.61480321310592,36.74031448590665,0 36.61486183096725,36.74050998497351,0 36.61499721340075,36.74072861376578,0 36.61492192368001,36.74108893881284,0 36.61515692890816,36.74153718095075,0 36.61520118378424,36.74211751860537,0 36.6148643300447,36.7426941588146,0 36.61371117482034,36.74342754041737,0 36.61306652289019,36.74388017573268,0 36.61276227133433,36.74412942801242,0 36.61223564355228,36.74457820799421,0 36.61030719088499,36.74465870478604,0 36.6089108083377,36.74430276151416,0 36.60713967323689,36.74408829811745,0 36.60572019067776,36.74328474623363,0 36.6047961435923,36.74273779333336,0 36.60397243150872,36.74275862357557,0 36.60352204135978,36.74271175083186,0 36.60281452104586,36.74249774396865,0 36.60203588184151,36.74220886072687,0 36.60112811387595,36.74201735630832,0 36.60012721162185,36.74196360629517,0 36.59930481620661,36.74206522513942,0 36.5987681739636,36.74219635391511,0 36.59839629286093,36.74224160437324,0 36.59798178053088,36.74218323136157,0 36.59771039654847,36.74201022508306,0 36.59754652412813,36.74174559065185,0 36.59754951882741,36.74171459320021,0 36.59751077075142,36.74176858841361,0 36.59719713692585,36.74133683062854,0 36.59677663127317,36.74077281825034,0 36.59644874509764,36.74031243711237,0 36.59617024632929,36.74012218335262,0 36.59572023102992,36.73994892839315,0 36.59531322381396,36.73975267533308,0 36.59487721306241,36.73971154316565,0 36.59457670768622,36.73979704914503,0 36.59411868926971,36.73998004584389,0 36.5937178016997,36.7402435524298,0 36.59347392337279,36.74058206048382,0 36.59335129536485,36.74103582176934,0 36.59322866831877,36.74149520037622,0 36.59304940513012,36.74177645273111,0 36.59274152010563,36.74198258079235,0 36.59247664617833,36.74216596057389,0 36.5923402607974,36.74234383776159,0 36.59226838768819,36.74251609020204,0 36.59228201109781,36.74281484849912,0 36.59231750883977,36.74295860237183,0 36.59249513843296,36.74342435989335,0 36.59319140061545,36.74532777938882,0 36.59354752920851,36.74589741676025,0 36.59379015797899,36.74612204381581,0 36.59408304207435,36.74621467279047,0 36.59425454210303,36.74624366811256,0 36.59439742062165,36.74631305318816,0 36.59449717248729,36.74645679747811,0 36.59456117779005,36.74660067487532,0 36.59468955233756,36.74673880364634,0 36.59486093814284,36.74683680976269,0 36.59516844060921,36.74680868423229,0 36.59546170006849,36.74671167864995,0 36.59568358163997,36.74665468225624,0 36.59599821542604,36.74666693405067,0 36.59618371340255,36.74679368856378,0 36.59624771940724,36.74696043969403,0 36.59619721295126,36.74714419185345,0 36.59608233851,36.74735082520891,0 36.59585270271953,36.74771233064728,0 36.59565907073944,36.74801645551955,0 36.59549419750135,36.74819995898088,0 36.59520768853946,36.74839471247626,0 36.59473542542182,36.74857759463315,0 36.59428466477329,36.74866859234549,0 36.59386990443556,36.74875959028887,0 36.59347638850374,36.7488448467177,0 36.5929533835358,36.74883371799862,0 36.59265086765718,36.74904172478441,0 36.59195672989101,36.74924084552111,0 36.59127327470424,36.74935325143543,0 36.59024832938163,36.74803031046172,0 36.58856587100298,36.74687546894663,0 36.58716639111938,36.74520174165008,0 36.58549647317054,36.74459555956603,0 36.58311292894662,36.74407023513064,0 36.58159069097431,36.74253702413909,0 36.58049651659397,36.74058328390014,0 36.58034720880659,36.73779032015761,0 36.58044748631591,36.73459706006101,0 36.5808765189433,36.73319889890555,0 36.58114852711349,36.73208369126564,0 36.58112253996452,36.73008013624762,0 36.58105840632909,36.72929192858087,0 36.57968941586866,36.72854871517043,0 36.57769651247033,36.72786431827712,0 36.57454944049108,36.72808633578651,0 36.57238530923203,36.72813757194128,0 36.56994422000895,36.72851694574468,0 36.56787791688235,36.72828395090713,0 36.56508230399118,36.72863212983124,0 36.56323703038272,36.7289043343126,0 36.56066124518475,36.73166530257183,0 36.55914322655004,36.7328264326466,0 36.55595876303126,36.7332856400346,0 36.55298604829494,36.73360604578411,0 36.54957528179953,36.73372659076609,0 36.54710811418197,36.7339857258952,0 36.54631763911088,36.7345460729211,0 
								</coordinates>
							</LinearRing>
						</outerBoundaryIs>
					</Polygon>
				</MultiGeometry>
			</Placemark>
			<Placemark id="ID_50004">
				<name>Erzin İsos Termal</name>
				<visibility>0</visibility>
				<Snippet maxLines="0"></Snippet>
				<description><![CDATA[<html xmlns:fo="http://www.w3.org/1999/XSL/Format" xmlns:msxsl="urn:schemas-microsoft-com:xslt">

<head>

<META http-equiv="Content-Type" content="text/html">

<meta http-equiv="content-type" content="text/html; charset=UTF-8">

</head>

<body style="margin:0px 0px 0px 0px;overflow:auto;background:#FFFFFF;">

<table style="font-family:Arial,Verdana,Times;font-size:12px;text-align:left;width:100%;border-collapse:collapse;padding:3px 3px 3px 3px">

<tr style="text-align:center;font-weight:bold;background:#9CBCE2">

<td>Erzin İsos Termal</td>

</tr>

<tr>

<td>

<table style="font-family:Arial,Verdana,Times;font-size:12px;text-align:left;width:100%;border-spacing:0px; padding:3px 3px 3px 3px">

<tr>

<td>SHAPE</td>

<td>Polygon</td>

</tr>

<tr bgcolor="#D4E4F3">

<td>Adi</td>

<td>Erzin İsos Termal</td>

</tr>

<tr>

<td>SHAPE_Length</td>

<td>7922.316586</td>

</tr>

<tr bgcolor="#D4E4F3">

<td>SHAPE_Area</td>

<td>3736620.168474</td>

</tr>

</table>

</td>

</tr>

</table>

</body>

</html>]]></description>
				<styleUrl>#PolyStyle50000</styleUrl>
				<MultiGeometry>
					<Polygon>
						<outerBoundaryIs>
							<LinearRing>
								<coordinates>
									36.24817341513095,36.95502212214402,0 36.24669045202629,36.95367996030344,0 36.24568329565115,36.95234860235092,0 36.24503728028907,36.9511265595142,0 36.24489972831096,36.94998596814534,0 36.24515497027227,36.94900151741889,0 36.24592571553368,36.94826521094739,0 36.24676590221552,36.94776540507854,0 36.247998862927,36.94742172581292,0 36.24944455730801,36.94719141043338,0 36.25095565869879,36.94710232916193,0 36.25327896943134,36.94725320521094,0 36.25557667355115,36.94750010070568,0 36.25803187244633,36.94795719111617,0 36.26025482246702,36.94853981720148,0 36.26256884545514,36.94916757656974,0 36.26481220691167,36.9502263642151,0 36.26739625776691,36.95160949247856,0 36.26968572855254,36.95304836357108,0 36.27216249211498,36.95469658667635,0 36.27394363861413,36.95605402970796,0 36.27573403789562,36.9576257538874,0 36.27722676024929,36.95918183253576,0 36.27799000582387,36.96035276576949,0 36.27861410409089,36.96174210333948,0 36.27889443000493,36.96273565308684,0 36.27878285909275,36.96359699293267,0 36.27848199132298,36.96420132108869,0 36.27760294563064,36.9651792326526,0 36.27608944956751,36.96591241996249,0 36.2738862302762,36.96649774457666,0 36.27252725677955,36.96667829090339,0 36.27095748417528,36.96679311423475,0 36.26891707711441,36.96632487590991,0 36.2667764616478,36.96559711617432,0 36.26256707902875,36.96373421216219,0 36.25834875127192,36.96165683340655,0 36.25506169707797,36.959815994708,0 36.25225463871454,36.95808110397758,0 36.25004825276249,36.9564965725129,0 36.24817341513095,36.95502212214402,0 
								</coordinates>
							</LinearRing>
						</outerBoundaryIs>
					</Polygon>
				</MultiGeometry>
			</Placemark>
		</Folder>
		<Folder id="FeatureLayer6">
			<name>ikinci_derece_koruma_alani_37</name>
			<visibility>0</visibility>
			<Snippet maxLines="0"></Snippet>
			<Placemark id="ID_60000">
				<name>Erzin İsos Kaynakları</name>
				<visibility>0</visibility>
				<Snippet maxLines="0"></Snippet>
				<description><![CDATA[<html xmlns:fo="http://www.w3.org/1999/XSL/Format" xmlns:msxsl="urn:schemas-microsoft-com:xslt">

<head>

<META http-equiv="Content-Type" content="text/html">

<meta http-equiv="content-type" content="text/html; charset=UTF-8">

</head>

<body style="margin:0px 0px 0px 0px;overflow:auto;background:#FFFFFF;">

<table style="font-family:Arial,Verdana,Times;font-size:12px;text-align:left;width:100%;border-collapse:collapse;padding:3px 3px 3px 3px">

<tr style="text-align:center;font-weight:bold;background:#9CBCE2">

<td>Erzin İsos Kaynakları</td>

</tr>

<tr>

<td>

<table style="font-family:Arial,Verdana,Times;font-size:12px;text-align:left;width:100%;border-spacing:0px; padding:3px 3px 3px 3px">

<tr>

<td>SHAPE</td>

<td>Polygon</td>

</tr>

<tr bgcolor="#D4E4F3">

<td>Adi</td>

<td>Erzin İsos Kaynakları</td>

</tr>

<tr>

<td>SHAPE_Length</td>

<td>16925.768216</td>

</tr>

<tr bgcolor="#D4E4F3">

<td>SHAPE_Area</td>

<td>21297001.345691</td>

</tr>

</table>

</td>

</tr>

</table>

</body>

</html>]]></description>
				<styleUrl>#PolyStyle60</styleUrl>
				<MultiGeometry>
					<Polygon>
						<outerBoundaryIs>
							<LinearRing>
								<coordinates>
									36.24115878195124,36.96786883834399,0 36.23944457729258,36.96596921240992,0 36.23784404011035,36.96421526660247,0 36.23609130574428,36.96174246600233,0 36.23464243648979,36.95908597849541,0 36.23377873206182,36.95668154845708,0 36.23369892955984,36.95396158795974,0 36.23410611742442,36.95091917639709,0 36.23569707363618,36.94799971590705,0 36.23732660247358,36.94565336222381,0 36.24050969098193,36.94305700125335,0 36.24343280398247,36.94107443254517,0 36.24688139806468,36.93934241119983,0 36.24954813351474,36.93826495530725,0 36.2519900843654,36.93769642303959,0 36.25602286097386,36.93788510690798,0 36.26011331460653,36.93812267104532,0 36.26520094083696,36.93871688263847,0 36.26999527360811,36.9392087572452,0 36.27448779346015,36.93983656711564,0 36.27968423208664,36.94071877902331,0 36.28547440717981,36.94161434630689,0 36.29071866581798,36.94283097837547,0 36.29476741989294,36.944258568477,0 36.29777851260567,36.94647307245356,0 36.29960581365633,36.9485651980172,0 36.30140966366444,36.95132437693073,0 36.30233652992879,36.95368210096954,0 36.30290553384468,36.95607937233293,0 36.30336086404259,36.95833099673637,0 36.30302751065106,36.96104156259673,0 36.30217991285977,36.96316819480784,0 36.30075530472796,36.96480482732042,0 36.29849593896086,36.96651781111211,0 36.29613120174244,36.96784685494361,0 36.29442633787544,36.96900015432539,0 36.29273155663948,36.96986753775001,0 36.28903988734636,36.9717383876403,0 36.28613528600701,36.97319794772482,0 36.28261976576069,36.9751203059827,0 36.2809196300872,36.97613045193116,0 36.27957917127571,36.97705344784738,0 36.27801811144222,36.97749450395615,0 36.2758037649249,36.97792053929413,0 36.27282245466709,36.97818584442008,0 36.26806971089185,36.97812417677426,0 36.26368184958747,36.9778323043551,0 36.26001351418061,36.97736614622217,0 36.25598548814766,36.97698692759937,0 36.25303331412493,36.97644174501773,0 36.25134542526239,36.97544892923361,0 36.24809541670842,36.97327539998095,0 36.24467948296927,36.97076412918793,0 36.24115878195124,36.96786883834399,0 
								</coordinates>
							</LinearRing>
						</outerBoundaryIs>
					</Polygon>
				</MultiGeometry>
			</Placemark>
			<Placemark id="ID_60001">
				<name>Burnaz Kaynakları</name>
				<visibility>0</visibility>
				<Snippet maxLines="0"></Snippet>
				<description><![CDATA[<html xmlns:fo="http://www.w3.org/1999/XSL/Format" xmlns:msxsl="urn:schemas-microsoft-com:xslt">

<head>

<META http-equiv="Content-Type" content="text/html">

<meta http-equiv="content-type" content="text/html; charset=UTF-8">

</head>

<body style="margin:0px 0px 0px 0px;overflow:auto;background:#FFFFFF;">

<table style="font-family:Arial,Verdana,Times;font-size:12px;text-align:left;width:100%;border-collapse:collapse;padding:3px 3px 3px 3px">

<tr style="text-align:center;font-weight:bold;background:#9CBCE2">

<td>Burnaz Kaynakları</td>

</tr>

<tr>

<td>

<table style="font-family:Arial,Verdana,Times;font-size:12px;text-align:left;width:100%;border-spacing:0px; padding:3px 3px 3px 3px">

<tr>

<td>SHAPE</td>

<td>Polygon</td>

</tr>

<tr bgcolor="#D4E4F3">

<td>Adi</td>

<td>Burnaz Kaynakları</td>

</tr>

<tr>

<td>SHAPE_Length</td>

<td>15388.421226</td>

</tr>

<tr bgcolor="#D4E4F3">

<td>SHAPE_Area</td>

<td>7799988.506101</td>

</tr>

</table>

</td>

</tr>

</table>

</body>

</html>]]></description>
				<styleUrl>#PolyStyle60</styleUrl>
				<MultiGeometry>
					<Polygon>
						<outerBoundaryIs>
							<LinearRing>
								<coordinates>
									36.12390250125736,37.00953846772372,0 36.12478032852796,37.01128990623693,0 36.12528047962824,37.01203193968298,0 36.12578847350176,37.0128642732678,0 36.12639955430395,37.01364503574854,0 36.12710249732096,37.01437395363106,0 36.12779660043478,37.01503957495316,0 36.12840395051236,37.01562199064553,0 36.12898101824388,37.01611355807199,0 36.12983775691217,37.01663892619322,0 36.13060807725659,37.01707208501333,0 36.13131171985348,37.01748560342963,0 36.13194834435647,37.01788848558515,0 36.13228352679415,37.01823901842979,0 36.13260003572974,37.01878734548465,0 36.13284275030752,37.01950510043041,0 36.13316203218867,37.02027877342613,0 36.13335775682076,37.02075208850777,0 36.13376444491059,37.02129358157003,0 36.13440455816265,37.02190379337615,0 36.13479489411773,37.02228268602751,0 36.13529277891758,37.02279033291363,0 36.13569949112547,37.02333182021944,0 36.13597011585512,37.02390606394329,0 36.13614036504261,37.02445986025816,0 36.13616971956078,37.02487508510958,0 36.13597862806658,37.02547422068362,0 36.13560070600572,37.02596070789664,0 36.13519463114126,37.02689707402615,0 36.13480761900089,37.0279240112054,0 36.13444942655087,37.02848306065614,0 36.13388165670464,37.02923528926391,0 36.13361159128417,37.02984152220996,0 36.1334562388349,37.0306848192044,0 36.13340804306264,37.03136850516916,0 36.13338196638978,37.03206173705349,0 36.13330820773084,37.03252853597946,0 36.13300235118967,37.03289059923052,0 36.13243341623961,37.03307508609061,0 36.13160818298721,37.03290193296355,0 36.13071044847158,37.03256481805457,0 36.12967220340151,37.03237748501031,0 36.128766004224,37.03226543039078,0 36.12820585298249,37.03191844946156,0 36.12788932815848,37.03137011075106,0 36.12789706710523,37.03056830243782,0 36.12795209677076,37.02970456129373,0 36.12795711959897,37.0289747765263,0 36.12790633661694,37.02823462866372,0 36.1274901254278,37.02764782934135,0 36.12704162180701,37.0273215706918,0 36.12634442078984,37.02733170817865,0 36.12574864308299,37.02763265832802,0 36.1254128452035,37.02819222213005,0 36.12504267611757,37.02876897377472,0 36.12468712680877,37.02925596683397,0 36.12396818250708,37.03013964727575,0 36.12343295220668,37.03062227740332,0 36.12300115769303,37.03104433675421,0 36.12234579176798,37.03143393460243,0 36.12170096044498,37.03154443802601,0 36.12118678606241,37.03117150717633,0 36.12119766257173,37.03058604495634,0 36.12125209471328,37.03003768496235,0 36.12142357662926,37.02936601035598,0 36.12166106855936,37.02873198264251,0 36.12186588967469,37.02807012770841,0 36.12180530686271,37.02759106455473,0 36.1214704763295,37.02723149992759,0 36.12103119729373,37.02725687889224,0 36.12078655245474,37.02748522878594,0 36.12048576671876,37.02800958348438,0 36.12022546986753,37.02865206602192,0 36.11990221729884,37.02917587329828,0 36.11940439983243,37.02956027084581,0 36.11877965688892,37.02973432484581,0 36.11793033642373,37.02960554793631,0 36.11748493743362,37.02890086008365,0 36.11744718779784,37.02811597062522,0 36.11751729882987,37.02745084862607,0 36.11791099475252,37.02684765975487,0 36.11825602599875,37.0263424095202,0 36.11867863073942,37.0258660768643,0 36.11934383119111,37.02521541334721,0 36.12001446253691,37.02442069888107,0 36.1205282255623,37.02361315959374,0 36.12092493664906,37.02292893217297,0 36.12124338458725,37.02223379192276,0 36.12147370322892,37.02149145524906,0 36.1212555874407,37.02072020912549,0 36.12079591570817,37.02009628749378,0 36.12009265125094,37.01967370527037,0 36.11933666095334,37.01945709527035,0 36.11870417716342,37.01954085074726,0 36.11829590055947,37.01993643212709,0 36.11762529452482,37.0207311383124,0 36.11706185272777,37.02136624484812,0 36.1165177923269,37.02208292037554,0 36.11607954154039,37.02267601036363,0 36.11564196502811,37.02325109261889,0 36.1150349376612,37.02384908367133,0 36.11439728332121,37.02436522551206,0 36.11349318805353,37.02509114542681,0 36.11285551285928,37.02560727798149,0 36.11209974591983,37.02627372029536,0 36.11139843332109,37.02668917177418,0 36.11094349184032,37.02683127671536,0 36.11041988159015,37.0264130146989,0 36.10938185817198,37.02563077511663,0 36.10845942762502,37.02565333841795,0 36.10738722433795,37.02606873120446,0 36.10650628479198,37.02618240288378,0 36.10051139756058,37.02453108974329,0 36.09665572362315,37.02337342454779,0 36.094730459203,37.02287570873443,0 36.09435752516411,37.02278215658586,0 36.09238166012863,37.02228647641511,0 36.08958345411593,37.02169517876455,0 36.08927433377159,37.02167101734915,0 36.08756662342202,37.02153752247037,0 36.08846326333469,37.02113720889538,0 36.08889643093401,37.0206948479876,0 36.08914681086959,37.0203672079906,0 36.08965756641725,37.01944990842046,0 36.08999855707561,37.0175270784268,0 36.09040871293225,37.00521551396613,0 36.11003932695981,37.00572891099943,0 36.11651099785797,37.00754475731387,0 36.11906488134766,37.00761874949399,0 36.12198646979287,37.00819037600572,0 36.12324433645507,37.00873350377262,0 36.12390250125736,37.00953846772372,0 
								</coordinates>
							</LinearRing>
						</outerBoundaryIs>
					</Polygon>
				</MultiGeometry>
			</Placemark>
			<Placemark id="ID_60002">
				<name>Tatarlı Kaynakları</name>
				<visibility>0</visibility>
				<Snippet maxLines="0"></Snippet>
				<description><![CDATA[<html xmlns:fo="http://www.w3.org/1999/XSL/Format" xmlns:msxsl="urn:schemas-microsoft-com:xslt">

<head>

<META http-equiv="Content-Type" content="text/html">

<meta http-equiv="content-type" content="text/html; charset=UTF-8">

</head>

<body style="margin:0px 0px 0px 0px;overflow:auto;background:#FFFFFF;">

<table style="font-family:Arial,Verdana,Times;font-size:12px;text-align:left;width:100%;border-collapse:collapse;padding:3px 3px 3px 3px">

<tr style="text-align:center;font-weight:bold;background:#9CBCE2">

<td>Tatarlı Kaynakları</td>

</tr>

<tr>

<td>

<table style="font-family:Arial,Verdana,Times;font-size:12px;text-align:left;width:100%;border-spacing:0px; padding:3px 3px 3px 3px">

<tr>

<td>SHAPE</td>

<td>Polygon</td>

</tr>

<tr bgcolor="#D4E4F3">

<td>Adi</td>

<td>Tatarlı Kaynakları</td>

</tr>

<tr>

<td>SHAPE_Length</td>

<td>29266.929216</td>

</tr>

<tr bgcolor="#D4E4F3">

<td>SHAPE_Area</td>

<td>44263950.961376</td>

</tr>

</table>

</td>

</tr>

</table>

</body>

</html>]]></description>
				<styleUrl>#PolyStyle60</styleUrl>
				<MultiGeometry>
					<Polygon>
						<outerBoundaryIs>
							<LinearRing>
								<coordinates>
									36.04089237270033,37.10894370124375,0 36.04119809923597,37.108242679978,0 36.04717535018919,37.10044395747522,0 36.06140213832101,37.09666204595386,0 36.06205991302849,37.09521326946643,0 36.06502948885053,37.09340074399837,0 36.06875153371259,37.09319546747142,0 36.07439748543346,37.09033096264942,0 36.0815957113613,37.08771899737074,0 36.09572697168922,37.09081397001561,0 36.10466298122685,37.09217707226436,0 36.11364514711366,37.09928143156525,0 36.12162896548388,37.10538845219897,0 36.12534040690497,37.10736490532749,0 36.12580787513697,37.10728326363732,0 36.12608984122502,37.10705829619099,0 36.12582559185931,37.10574602434159,0 36.12680887737604,37.10294071844103,0 36.1282821651775,37.10355111076594,0 36.12926831795996,37.10378999420222,0 36.12968132269381,37.1036286122196,0 36.13052385077597,37.102440093064,0 36.13127612076468,37.10168170094931,0 36.13333267012225,37.10320261397823,0 36.13394230679845,37.10372888030071,0 36.13400292559493,37.10435938677721,0 36.13301415686469,37.1049232713644,0 36.13285164704423,37.10521603231467,0 36.13304527665368,37.10540478005036,0 36.13726937497307,37.10651981904186,0 36.14007462239924,37.10551611485849,0 36.14339041290717,37.10468379841763,0 36.14473945189071,37.10337352444397,0 36.14545197020676,37.10314827054952,0 36.14638874194923,37.10343303435901,0 36.14836928341126,37.1065595984203,0 36.14879603737786,37.10884064591824,0 36.14976905483596,37.11052992814077,0 36.15054693682659,37.11174945772632,0 36.1506449400995,37.11269522683035,0 36.14966090637,37.11419350690013,0 36.14975191079746,37.11515065027968,0 36.14919450904235,37.11634404187829,0 36.1477177224406,37.11779156765927,0 36.14737345912336,37.11878383527877,0 36.13907410716535,37.12589825311648,0 36.13711510485485,37.12863447144235,0 36.13598614569698,37.13676288521651,0 36.13446609076021,37.14241386988065,0 36.13259905909345,37.14738969371172,0 36.13021740921543,37.15233425293711,0 36.12742575733459,37.15405120800569,0 36.11993856734897,37.15512103844027,0 36.11225181657635,37.15438547572325,0 36.10852900430592,37.15359130117977,0 36.10535952618437,37.1527390139321,0 36.09972830474617,37.1520051873905,0 36.09363734699599,37.15125433857631,0 36.09126866786847,37.15046518912141,0 36.08188007388802,37.14263924131294,0 36.07922157201435,37.14114321234374,0 36.07384341597432,37.13968605465966,0 36.07078150958763,37.13800106090247,0 36.06489575324105,37.13618643733049,0 36.05727597298407,37.1338480479458,0 36.05505124938874,37.1311289554855,0 36.05613346053007,37.130601034636,0 36.05806211031727,37.12906613080213,0 36.05911179572158,37.12752160058632,0 36.05968231407304,37.12494139965534,0 36.05951286754436,37.12405172932993,0 36.05934243311067,37.12315685112127,0 36.05780395741317,37.12079658297252,0 36.05655233581096,37.11941988317891,0 36.05514890756605,37.11784361270969,0 36.05323976994525,37.11528300317741,0 36.05117784847124,37.11234996831477,0 36.04892288968435,37.11008225944273,0 36.04570688498641,37.10886281469174,0 36.04325256314291,37.10850000699172,0 36.04089237270033,37.10894370124375,0 
								</coordinates>
							</LinearRing>
						</outerBoundaryIs>
					</Polygon>
				</MultiGeometry>
			</Placemark>
			<Placemark id="ID_60003">
				<name>Narin-1 Jeotermal Kuyusu</name>
				<visibility>0</visibility>
				<Snippet maxLines="0"></Snippet>
				<description><![CDATA[<html xmlns:fo="http://www.w3.org/1999/XSL/Format" xmlns:msxsl="urn:schemas-microsoft-com:xslt">

<head>

<META http-equiv="Content-Type" content="text/html">

<meta http-equiv="content-type" content="text/html; charset=UTF-8">

</head>

<body style="margin:0px 0px 0px 0px;overflow:auto;background:#FFFFFF;">

<table style="font-family:Arial,Verdana,Times;font-size:12px;text-align:left;width:100%;border-collapse:collapse;padding:3px 3px 3px 3px">

<tr style="text-align:center;font-weight:bold;background:#9CBCE2">

<td>Narin-1 Jeotermal Kuyusu</td>

</tr>

<tr>

<td>

<table style="font-family:Arial,Verdana,Times;font-size:12px;text-align:left;width:100%;border-spacing:0px; padding:3px 3px 3px 3px">

<tr>

<td>SHAPE</td>

<td>Polygon</td>

</tr>

<tr bgcolor="#D4E4F3">

<td>Adi</td>

<td>Narin-1 Jeotermal Kuyusu</td>

</tr>

<tr>

<td>SHAPE_Length</td>

<td>35702.128754</td>

</tr>

<tr bgcolor="#D4E4F3">

<td>SHAPE_Area</td>

<td>92759206.981293</td>

</tr>

</table>

</td>

</tr>

</table>

</body>

</html>]]></description>
				<styleUrl>#PolyStyle60</styleUrl>
				<MultiGeometry>
					<Polygon>
						<outerBoundaryIs>
							<LinearRing>
								<coordinates>
									36.19592197449227,36.30091390766509,0 36.1937465379516,36.302923064852,0 36.18251622510115,36.30750885948867,0 36.17948946043131,36.30810986789614,0 36.17658835285534,36.30865654072079,0 36.17078137646625,36.30987832232758,0 36.16929463011464,36.30992894182965,0 36.16733520538946,36.31034031959805,0 36.16595028423489,36.31050776904384,0 36.16365364333954,36.31046756420306,0 36.1601845222942,36.31009899838671,0 36.15937568836684,36.30997961760692,0 36.15373110911449,36.30818563336386,0 36.13416314500506,36.3057577156415,0 36.12335039776758,36.30465370799884,0 36.10206472729865,36.30236516975128,0 36.08831688135206,36.30131552346249,0 36.08740700823313,36.30059230849027,0 36.08617972555676,36.29937491315913,0 36.08540956559798,36.29869801159348,0 36.08485238489509,36.29799768903912,0 36.08444020684254,36.29720075545168,0 36.08406592775457,36.29586108642894,0 36.08390523642061,36.29495583533037,0 36.0837632697351,36.29402242643722,0 36.08352273095633,36.29241419112469,0 36.08323570457084,36.29110526325543,0 36.08257073182796,36.28855671915161,0 36.08107074215139,36.28328378428162,0 36.08049789174137,36.28063733270804,0 36.07637636532581,36.27507134962396,0 36.07471242179066,36.27184020531664,0 36.07241952208052,36.26424550241076,0 36.07225640304718,36.26167581471734,0 36.0721996250929,36.26035819480757,0 36.07286723320674,36.25730334742147,0 36.07365720061279,36.25570125036781,0 36.07433849115078,36.25511704206298,0 36.0780014940245,36.25225943934058,0 36.08822638001909,36.24400589987657,0 36.09528459775,36.23385277286146,0 36.10235431261637,36.22652509055489,0 36.10865892417169,36.222755215513,0 36.125615481811,36.21537862027927,0 36.13433173258981,36.21432880316506,0 36.14146981535052,36.21515778963915,0 36.14949167814726,36.21645094702692,0 36.15733958262045,36.21865509725443,0 36.16228790587091,36.22097595250578,0 36.17213870861459,36.22544429275116,0 36.17587033342947,36.22724936881358,0 36.18602131039506,36.23324025612004,0 36.19007655858561,36.23737030301165,0 36.19289996750431,36.2443470708626,0 36.19409649315961,36.25039854294936,0 36.19495709293511,36.26386760584047,0 36.19543520849992,36.27946898939189,0 36.19658219714294,36.28911376018326,0 36.19680933321851,36.29140824964721,0 36.19592197449227,36.30091390766509,0 
								</coordinates>
							</LinearRing>
						</outerBoundaryIs>
					</Polygon>
				</MultiGeometry>
			</Placemark>
		</Folder>
		<Folder id="FeatureLayer7">
			<name>isletme_sahasi_37</name>
			<visibility>0</visibility>
			<Snippet maxLines="0"></Snippet>
			<Placemark id="ID_70000">
				<name>Bahçe YAS İşletme Sahası</name>
				<visibility>0</visibility>
				<Snippet maxLines="0"></Snippet>
				<description><![CDATA[<html xmlns:fo="http://www.w3.org/1999/XSL/Format" xmlns:msxsl="urn:schemas-microsoft-com:xslt">

<head>

<META http-equiv="Content-Type" content="text/html">

<meta http-equiv="content-type" content="text/html; charset=UTF-8">

</head>

<body style="margin:0px 0px 0px 0px;overflow:auto;background:#FFFFFF;">

<table style="font-family:Arial,Verdana,Times;font-size:12px;text-align:left;width:100%;border-collapse:collapse;padding:3px 3px 3px 3px">

<tr style="text-align:center;font-weight:bold;background:#9CBCE2">

<td>Bahçe YAS İşletme Sahası</td>

</tr>

<tr>

<td>

<table style="font-family:Arial,Verdana,Times;font-size:12px;text-align:left;width:100%;border-spacing:0px; padding:3px 3px 3px 3px">

<tr>

<td>SHAPE</td>

<td>Polygon</td>

</tr>

<tr bgcolor="#D4E4F3">

<td>Adi</td>

<td>Bahçe YAS İşletme Sahası</td>

</tr>

<tr>

<td>SHAPE_Length</td>

<td>70733.831973</td>

</tr>

<tr bgcolor="#D4E4F3">

<td>SHAPE_Area</td>

<td>216033124.773697</td>

</tr>

</table>

</td>

</tr>

</table>

</body>

</html>]]></description>
				<styleUrl>#PolyStyle70000</styleUrl>
				<MultiGeometry>
					<Polygon>
						<outerBoundaryIs>
							<LinearRing>
								<coordinates>
									36.6380541213857,37.29460738799595,0 36.63774451047735,37.29477288697499,0 36.63743623933417,37.29489549105593,0 36.63718568544718,37.2948904865648,0 36.63681209119714,37.29481149002164,0 36.63644073687506,37.29466100267271,0 36.63596245131799,37.29449407176126,0 36.63525016866951,37.29436538032952,0 36.63476830469051,37.29431282647732,0 36.63426720180937,37.29430280580236,0 36.63389182173451,37.29428099151377,0 36.63315492658228,37.29436639645442,0 36.63267171961604,37.29435672798315,0 36.63190306501873,37.29431272894406,0 36.63119034485204,37.29419831161574,0 36.63056710856048,37.2940856824686,0 36.63019262879062,37.29403526094247,0 36.62973315672105,37.29384006750797,0 36.62918375612682,37.2936573771994,0 36.62865270394432,37.29346074497654,0 36.6280675170248,37.29327733214156,0 36.62744833719132,37.29303600759253,0 36.62720138573229,37.2929166010449,0 36.62684840595292,37.29275214616573,0 36.62639029922465,37.29251404747927,0 36.6258127681432,37.29208756272368,0 36.62512741841208,37.29167321788653,0 36.62479774209716,37.29133754369462,0 36.62434279933657,37.29099935388556,0 36.62382922523395,37.29081735857505,0 36.62329865788721,37.2906064061248,0 36.62271350717537,37.290422967929,0 36.62227062153479,37.29027099911543,0 36.62181119398813,37.29007577718846,0 36.62145598805707,37.2899827950686,0 36.62109943292331,37.28993270547564,0 36.6206721968049,37.28985257967848,0 36.62003202040431,37.28971094139021,0 36.61946342872259,37.28957074023873,0 36.61889393651281,37.28945913175163,0 36.6183262509737,37.28929032992127,0 36.61772322718647,37.28910650744865,0 36.61769239898993,37.28894851284333,0 36.61757705706266,37.28863144241444,0 36.61742908430316,37.28821356788198,0 36.61729900702627,37.28779605361103,0 36.6170101352997,37.28730380723669,0 36.61666171702034,37.28699634779599,0 36.61629179773305,37.28680290719539,0 36.61586593927161,37.28667987137983,0 36.61545707415783,37.28658579097787,0 36.61497482622357,37.2865474557937,0 36.61445633889063,37.2865226950601,0 36.61397635060444,37.28641286811835,0 36.61360463321788,37.28627660992823,0 36.61326780283944,37.28616966793587,0 36.61280616531564,37.28604589933558,0 36.61248858771115,37.28589642389006,0 36.61195989697498,37.28562823225063,0 36.6116982657689,37.28540834992847,0 36.61142281115594,37.28505942864728,0 36.61127126132809,37.28475592757524,0 36.61110543501766,37.28433768501698,0 36.61100847342143,37.28400667335125,0 36.6108009837446,37.28377357615906,0 36.6105921395749,37.28358337102115,0 36.61027412330277,37.28344818721411,0 36.60997128878453,37.28339914970461,0 36.60938034508838,37.28340151573885,0 36.60869902875527,37.28343066645665,0 36.60798283094017,37.28343049448412,0 36.6071046844149,37.28345565597515,0 36.60660456858548,37.28341692553595,0 36.60594567757911,37.28330344678668,0 36.60528678761847,37.28318996441023,0 36.60476832879076,37.28316516209824,0 36.60439347105292,37.28312895835918,0 36.60384466948018,37.28293185690761,0 36.60327480034658,37.28283447361601,0 36.60265669828668,37.28256442956229,0 36.60219782533434,37.2823548366367,0 36.60202524726645,37.28215104547557,0 36.60155347893685,37.28178381527648,0 36.60113948177416,37.28128899379747,0 36.60083239172798,37.28081064617714,0 36.60059460715486,37.28040523746964,0 36.60035092076078,37.2801856945551,0 36.60010723574782,37.27996615208125,0 36.59989297732404,37.27994749833617,0 36.59958471196337,37.28007000397758,0 36.5991842562236,37.28027647824165,0 36.59887053485844,37.28057055179723,0 36.59842656077517,37.28101935375549,0 36.59808675788359,37.28157041458434,0 36.59769326937241,37.2821203850631,0 36.59736907438747,37.28274329450022,0 36.59706822580252,37.28319499761648,0 36.59677419719503,37.28343223838177,0 36.59631912446425,37.28366620631697,0 36.59591044932232,37.28413002159336,0 36.59532009970613,37.28467598183305,0 36.59496737056616,37.28506939781444,0 36.5947480909586,37.2852080065241,0 36.59422370269922,37.28536902372886,0 36.5939378553711,37.28534890309631,0 36.59356436169033,37.28526977304549,0 36.59314037576252,37.28508946818072,0 36.59267604780074,37.28505140683795,0 36.59228147253354,37.28507199010504,0 36.59205990911333,37.2852820802337,0 36.59194525160874,37.28550865236387,0 36.59191960770929,37.28575134350296,0 36.59190957857616,37.28606588544093,0 36.59174579742781,37.28614839143855,0 36.59158611822745,37.28610222104415,0 36.59137321334179,37.28604065960024,0 36.59123234094338,37.28596625829451,0 36.59091298536712,37.2858739150787,0 36.59063135101248,37.28570724758569,0 36.5902589412395,37.28568774041749,0 36.58955847550467,37.28566154803574,0 36.58870851401333,37.28564422608975,0 36.58784402306682,37.28561468006925,0 36.58708353290122,37.28559917078052,0 36.58654290956962,37.28570736481284,0 36.58610818869321,37.28577002788099,0 36.58568647464972,37.28589256596898,0 36.58537447419498,37.28585043198802,0 36.58492788783839,37.28581747134462,0 36.58470535803284,37.2857771612415,0 36.58439450084924,37.28569928115139,0 36.58422127915804,37.28551691129206,0 36.58402090274561,37.28525053116699,0 36.58401933042224,37.28483322271883,0 36.58398641155321,37.28446296263365,0 36.5840222842884,37.28380797598926,0 36.58401956938687,37.28342641010828,0 36.58392433899286,37.2831383328401,0 36.58382796475837,37.28288599901991,0 36.58365513172381,37.28269171371731,0 36.58333319022538,37.28249438315354,0 36.58287705270584,37.2822943090164,0 36.58258493600596,37.28209758583238,0 36.5824140146406,37.28184372666044,0 36.58239486997407,37.28150951448381,0 36.58254241314209,37.2810952531385,0 36.5826440783797,37.28071582010534,0 36.58264823148403,37.28011979582277,0 36.58264437768827,37.279773973443,0 36.58253424588568,37.27948559056716,0 36.58239238849676,37.27925617045808,0 36.58200048977906,37.27891434013319,0 36.58171182067898,37.27861038561208,0 36.58134936752089,37.2782810767834,0 36.5812690619552,37.2779933025402,0 36.58116046358629,37.27765726118813,0 36.58096431408273,37.27725981840089,0 36.58079493439898,37.27695830079124,0 36.58059878846492,37.27656085748721,0 36.58056817705149,37.27611911062103,0 36.58059644078063,37.2757024120358,0 36.58064571811366,37.27509538782053,0 36.58068812729369,37.2747028227103,0 36.580854387481,37.27416972333496,0 36.58097477372463,37.27367145351747,0 36.58103056244769,37.27332685035019,0 36.58112379735553,37.27274456870894,0 36.58106336605993,37.27230221204678,0 36.58085117604648,37.27194020795782,0 36.58047461120651,37.27158676381801,0 36.57977234939477,37.2711551235402,0 36.57914234719151,37.27079649155981,0 36.57858727647938,37.27042746725591,0 36.57838428490459,37.27024447990883,0 36.57789879833625,37.27003186509524,0 36.57769695524876,37.26981313320046,0 36.57735099673524,37.26943646168113,0 36.57697293151706,37.26913066547443,0 36.57643088164391,37.26882150915819,0 36.57593355899904,37.26851326588871,0 36.5752890726676,37.26814239447524,0 36.57485024494118,37.26787111239432,0 36.57432541448897,37.26749076668187,0 36.57369546938806,37.26713210658134,0 36.57305330172281,37.26668973790596,0 36.57239432033384,37.26630663112936,0 36.57204381009465,37.26607291777867,0 36.5712625169698,37.26578267291738,0 36.57076370527294,37.26552206727661,0 36.57032644033528,37.26520311227708,0 36.56981579295412,37.26484688163539,0 36.56937700447216,37.2645755813862,0 36.56886291571388,37.26432657574952,0 36.56839585226943,37.26400700150124,0 36.56788752244385,37.26357927751196,0 36.56724580306876,37.26312496463538,0 36.56684029880009,37.26274703982318,0 36.56616001099269,37.26210117296835,0 36.56576827342221,37.26175929372194,0 36.56524007790357,37.26148613819924,0 36.56460715627464,37.26122274747334,0 36.5643021820322,37.26096610466362,0 36.56396970026847,37.26063736106052,0 36.56371213702759,37.26029823745116,0 36.56337927778422,37.25998140705222,0 36.56310604477678,37.25966580375265,0 36.5627720373196,37.25938471490241,0 36.56242351021162,37.25909140343788,0 36.56192976911751,37.25867587764409,0 36.56156634350021,37.25838225674221,0 36.56123426913756,37.2580415923862,0 36.56089113563147,37.25758147693072,0 36.5604880003974,37.25713204608459,0 36.56012035708989,37.2569694778207,0 36.5595329783945,37.25668315538528,0 36.55885540156086,37.25641881357557,0 36.55828370741007,37.25610896435812,0 36.55792146175493,37.25577959004963,0 36.55757643518118,37.25537903730769,0 36.55710188373337,37.25483274411292,0 36.55678321027703,37.25454003278649,0 36.55647713434407,37.25431911353194,0 36.55593489020433,37.25402178395682,0 36.55555621994817,37.2537397518726,0 36.55507206204364,37.2534913068378,0 36.55462915479041,37.25335101099984,0 36.55403642899335,37.25323146106754,0 36.55328013991037,37.25309660467853,0 36.55262741410247,37.25298772968998,0 36.55192881937357,37.25291366899867,0 36.55133687477616,37.25277027755578,0 36.55085235186107,37.25253372961111,0 36.55017407369759,37.25229316859444,0 36.54963225619441,37.25198389596702,0 36.54920774777629,37.25173666246756,0 36.54866593833815,37.25142738567188,0 36.54802443948084,37.25097297548706,0 36.54752967227795,37.25059313656782,0 36.54701961921386,37.25022490043218,0 36.5464954399232,37.24983252504345,0 36.54604617271778,37.24942977831856,0 36.54573375188256,37.24894641294682,0 36.54550727663063,37.24857212980655,0 36.54518111993587,37.24805271133543,0 36.54482554550717,37.24752076090521,0 36.54454023961104,37.24712141026969,0 36.54411654908084,37.24685033082587,0 36.54378266922645,37.24656919236303,0 36.54365937443957,37.24623281233018,0 36.54358349755118,37.24581396212151,0 36.54349736256972,37.24525183357621,0 36.54357090486275,37.24482416229321,0 36.54369225109735,37.24430210624988,0 36.5438269509886,37.24382801653358,0 36.54391345827168,37.24346022501791,0 36.5439999646158,37.2430924333879,0 36.54414646725262,37.24271396414903,0 36.54431251254765,37.24219283478302,0 36.54440172250012,37.24174164445661,0 36.54430978279699,37.24135822707454,0 36.54424726105098,37.2409873435349,0 36.54411216374299,37.24055534194488,0 36.54412686172582,37.24010260453827,0 36.54417329776511,37.23959091553969,0 36.54423695455704,37.23900805017283,0 36.5443017714242,37.23838944285678,0 36.5443321425038,37.23791318622439,0 36.54443354079849,37.2375457037659,0 36.54456474050382,37.23717883858775,0 36.54474141729764,37.23678907243232,0 36.54482211082835,37.23659999148408,0 36.54499066631069,37.23646042158901,0 36.54519327547471,37.23619041479424,0 36.54539704387184,37.23588466481668,0 36.54564589928923,37.23556792688144,0 36.54586611018201,37.23521482755758,0 36.54604045673853,37.23489654457338,0 36.54607914675046,37.23462313631696,0 36.54590613084189,37.2344407164054,0 36.54564139071005,37.2343279269538,0 36.54521389980702,37.23417599543222,0 36.54485975571507,37.23406134987791,0 36.54432834890764,37.23389533691877,0 36.54384164671438,37.23373025025326,0 36.54347260702865,37.23361529147294,0 36.54286825016507,37.23340006935381,0 36.54229493605679,37.23314733746517,0 36.54171462175759,37.23283484725798,0 36.54131218996329,37.23255466298953,0 36.5409652624711,37.23221840312632,0 36.54053079362332,37.23182309750018,0 36.54023797759595,37.23147365472067,0 36.53970041854596,37.23094744426711,0 36.53940807455114,37.23058370131824,0 36.53913500958721,37.23017743994657,0 36.53895181181972,37.22975873954315,0 36.53874794587293,37.2294254489219,0 36.53840848319917,37.22886043166461,0 36.53822575846798,37.22842743381627,0 36.53812778111615,37.22813926398514,0 36.53787261001544,37.22773337108675,0 36.53766503383913,37.22751445371904,0 36.53722874652066,37.22717632510836,0 36.53651011789464,37.22671786657224,0 36.53580937755594,37.22625977528954,0 36.5351439377233,37.22581672216951,0 36.5345133328203,37.22540300338348,0 36.53399187059877,37.22493432962998,0 36.53348596437503,37.22453751053868,0 36.53299654334296,37.22418395239136,0 36.53211752833275,37.22370781773972,0 36.53119903794894,37.22334530638919,0 36.5304725537108,37.2231298595261,0 36.52991879135748,37.22310399852179,0 36.52929444952262,37.22304804754257,0 36.52881126825542,37.22305226787682,0 36.52793383084843,37.22307686603635,0 36.52711142911804,37.22305968718413,0 36.52639629725609,37.22304474440516,0 36.52543414341252,37.22292448828681,0 36.52495704076467,37.22274283350871,0 36.52428468388102,37.22251417458488,0 36.52405834709093,37.22232345481004,0 36.52381413424406,37.22213236065168,0 36.52334031502777,37.22185062322047,0 36.52283121203057,37.22155383845669,0 36.52220118034762,37.2211257611374,0 36.5218200386088,37.22074581194479,0 36.52144358157921,37.22022289356343,0 36.52124543524917,37.21971801433448,0 36.52106282824362,37.21928499371487,0 36.52074891029913,37.21849155775926,0 36.52052110599421,37.21780007065156,0 36.52026785408101,37.21679330633518,0 36.52008002662877,37.21597389674169,0 36.52012982699879,37.21554574342501,0 36.52015136763181,37.21488809217587,0 36.52013902769056,37.21417250461727,0 36.51998133879343,37.21352540549051,0 36.5198574284878,37.21306450200156,0 36.51962870931182,37.21240160800925,0 36.51939343721223,37.21193886713697,0 36.51902835592389,37.21161647151675,0 36.51866515042862,37.21123688854636,0 36.51840779542787,37.21090244292386,0 36.51807987999331,37.21053790327334,0 36.51765977875117,37.21025727030204,0 36.51729190065665,37.2100206505403,0 36.5166761179463,37.20970729681928,0 36.51584818614639,37.20931795475063,0 36.5151406966778,37.20907420133331,0 36.51427703118669,37.20868409928138,0 36.51344959295906,37.20828044492262,0 36.51260429008447,37.2078764095182,0 36.51200782878712,37.20752051855432,0 36.51137750415965,37.2071066854552,0 36.51087136600955,37.20672407442194,0 36.51027351225505,37.20641106499902,0 36.50966107972548,37.20599759926152,0 36.50912862055653,37.20587194519194,0 36.50836803423895,37.20561272859124,0 36.50737321209637,37.20540580093554,0 36.50635675629015,37.20531286205057,0 36.50553832749131,37.20518116792506,0 36.50484831455646,37.20495202915284,0 36.50378531574253,37.20464348893114,0 36.50286672847459,37.20429506618113,0 36.50216121596076,37.2039940516295,0 36.5015224882122,37.20383750826272,0 36.50086353118044,37.20375206689577,0 36.500078517789,37.20369257318854,0 36.49918485043555,37.2036736983644,0 36.49848920672386,37.20361608197919,0 36.49791631703575,37.20363258931586,0 36.49721595133227,37.20371793046418,0 36.49641212502309,37.20368662786183,0 36.49585805269529,37.20367490911538,0 36.49544980330033,37.20358043440076,0 36.4949700620347,37.2034844446412,0 36.49459897943585,37.20334783332009,0 36.49449741534779,37.20317400599937,0 36.49429192284847,37.20289783253055,0 36.49406808665256,37.20263557744327,0 36.49366457567455,37.20239813134331,0 36.49313311842011,37.20224381403715,0 36.49240411548173,37.20211392335358,0 36.49174329191994,37.20208561730001,0 36.4913157645541,37.20203363927286,0 36.49112484541287,37.20185791564704,0 36.49100873285342,37.20158363078796,0 36.49096742638214,37.20121078669128,0 36.49101879672834,37.2007397603369,0 36.49092576740527,37.20030859288907,0 36.49079888895745,37.19981948261022,0 36.490606204631,37.1991572986597,0 36.4906613644245,37.19857190107334,0 36.49078943117989,37.19794512849316,0 36.49105005275518,37.19763590837604,0 36.49141648312412,37.19737184889661,0 36.49188493459713,37.19726732136885,0 36.492375042297,37.19704879900408,0 36.49321275077536,37.19659442371852,0 36.49377811993733,37.19626303630599,0 36.49425838191061,37.19580108522835,0 36.49439955700536,37.19531765117771,0 36.49469646157448,37.19445123508762,0 36.49491904044674,37.1936690849527,0 36.49535275435159,37.19299154746961,0 36.49573662838849,37.1921985004331,0 36.49620189628734,37.19110673613018,0 36.49643239896811,37.19062518798518,0 36.49658157618584,37.18989870814553,0 36.49677876801103,37.18880127247152,0 36.49704601617304,37.18774823652773,0 36.49726342390066,37.18657969430117,0 36.49739188134651,37.18593861446797,0 36.49749397192169,37.18555449517641,0 36.49774420471442,37.1850161333704,0 36.4979591685732,37.18446272042237,0 36.49813508699538,37.18400862693054,0 36.49819064289748,37.18340892483903,0 36.49815827079555,37.18276444548092,0 36.49816022051708,37.18216361064265,0 36.49816594451443,37.18144840256321,0 36.4981509677757,37.18081859765017,0 36.49818299012578,37.18039007656598,0 36.49820044757749,37.17986110182616,0 36.49829267616138,37.17923356085346,0 36.49837782692849,37.17882046910057,0 36.49858097269818,37.17862446878895,0 36.49892988745651,37.17834570729328,0 36.49928257094202,37.17795257128885,0 36.49947350260768,37.17758463186414,0 36.49968465816011,37.17714558640913,0 36.49982622770776,37.17664784480316,0 36.49977550384843,37.17601728383283,0 36.49980892763675,37.17554587289178,0 36.49965849839123,37.17522795168811,0 36.49942581035904,37.17469369425097,0 36.49936943145764,37.17423469321653,0 36.49940709945606,37.17363461175102,0 36.49964412331491,37.17295289981183,0 36.49996764246642,37.17235885317712,0 36.50025165624643,37.17187842385714,0 36.50015954247081,37.17141866865082,0 36.50003735325086,37.17078659873583,0 36.49984511897277,37.17011013041914,0 36.49945306919025,37.16952958887188,0 36.49902246678032,37.1690340717614,0 36.49849175202397,37.16832183929216,0 36.49780262257202,37.16753472476372,0 36.49708343863541,37.16657529235785,0 36.49678074973548,37.16599663085068,0 36.49639905797214,37.16564520387515,0 36.49582935879734,37.16503228179034,0 36.49541525288009,37.16458002120015,0 36.49493299975549,37.16402617081741,0 36.49455557605509,37.16354606904368,0 36.49401974587288,37.16299108161108,0 36.49346605960253,37.16243571392,0 36.49314129796605,37.16198533562002,0 36.49278506640663,37.16140553093771,0 36.49227185195452,37.16070794913171,0 36.49184654388355,37.16005514632489,0 36.49161773360957,37.15940650390635,0 36.4917457065376,37.1587797237864,0 36.4919789635632,37.1582123995662,0 36.49225332953139,37.15801654010822,0 36.49252929897059,37.15777917054255,0 36.49307603661066,37.15746169197067,0 36.49376519601702,37.15716153172265,0 36.49449149147678,37.15681923344873,0 36.49496582154744,37.15652882740378,0 36.49547964798539,37.15612480221888,0 36.49619514011364,37.15556766432864,0 36.49663561929818,37.15521930994797,0 36.49741782648156,37.15480664106114,0 36.49791565301317,37.15434504005911,0 36.49853850333441,37.15388607737007,0 36.49894653680119,37.15343688156,0 36.49932779536544,37.15271529344424,0 36.4996328900837,37.15213516200147,0 36.49987167905706,37.15193991000772,0 36.50052551162646,37.15162465609568,0 36.50119814166126,37.15128118256592,0 36.50233985444287,37.15080453067506,0 36.50381949967105,37.15037790842477,0 36.50464250930956,37.15035233032465,0 36.50539313540463,37.15035383453343,0 36.50634305094199,37.15027368957688,0 36.50781515337753,37.15007576619593,0 36.50941133743174,37.14990904601159,0 36.51041435707335,37.14984429105867,0 36.51139810909121,37.14982204426148,0 36.51277573614194,37.14977944637817,0 36.51451104787876,37.1497300313841,0 36.51588399300937,37.14983036630218,0 36.51711639485654,37.14985620614314,0 36.51795445552091,37.14991669024114,0 36.5191140148582,37.14998390174183,0 36.52009356587204,37.15009025483647,0 36.52124986233626,37.15025752482256,0 36.52272813095178,37.15041721071017,0 36.52322777610244,37.15044196579962,0 36.52420687320111,37.15056258180542,0 36.52499276553031,37.15057900596327,0 36.52563716607627,37.15054954850111,0 36.52631868724848,37.15047794292742,0 36.52650428906717,37.15026721795141,0 36.5266005840485,37.15005462871635,0 36.52708283347944,37.15006469703061,0 36.52766090806321,37.14987647063527,0 36.52825730797817,37.14967431655332,0 36.52916339155418,37.14929263221843,0 36.53026500518877,37.14894363139316,0 36.53084771628379,37.14861241802904,0 36.53179507607177,37.14805989210731,0 36.53293656374021,37.14758293610623,0 36.53409822178676,37.14703485433203,0 36.53529233398243,37.14658758415386,0 36.53592023250283,37.14651480673714,0 36.5372432931762,37.14649940109836,0 36.53824208405887,37.14656308274622,0 36.53970154133081,37.14675077861298,0 36.54135747378991,37.14694253574631,0 36.54242494087954,37.14709344763962,0 36.54365084559622,37.14731917013124,0 36.54487583338768,37.14757347465648,0 36.54610036785027,37.14784206359151,0 36.54718202432468,37.14810768143065,0 36.54817576916008,37.1483285497951,0 36.54881507086799,37.14845623471978,0 36.54938662247311,37.14846806081252,0 36.55029568926307,37.14854409215565,0 36.55131284677709,37.14859373652022,0 36.55234556217671,37.14871522829493,0 36.55335903732208,37.14887923376666,0 36.55449938830581,37.14898862273897,0 36.55555043661154,37.14909615787355,0 36.55681490467052,37.14923669963574,0 36.55797358948355,37.14933212700831,0 36.55899168588455,37.14935311209539,0 36.55967501433857,37.1492241234008,0 36.56043227499951,37.1491147502406,0 36.56115009737258,37.1490246153042,0 36.56188867081491,37.14903028162506,0 36.56241260246527,37.14904106467133,0 36.56333009666996,37.14904086561906,0 36.56409493394174,37.14897075540909,0 36.56496632595535,37.14892190627904,0 36.56549178668783,37.14888501781771,0 36.56584352515205,37.14869195017415,0 36.56633998561231,37.14844462830114,0 36.56702910068066,37.14813449573449,0 36.5677655352352,37.14783486891272,0 36.56824396921819,37.14777792600363,0 36.56918465422564,37.14779723383527,0 36.57018121673852,37.14793213466295,0 36.57119365480713,37.14794336016168,0 36.57223112847674,37.14791693808639,0 36.57289947010745,37.14788294488362,0 36.57385450465849,37.1478262064355,0 36.57482053225981,37.14779829823418,0 36.57605951823975,37.14780458186944,0 36.57721454398057,37.14782821176639,0 36.57830942549085,37.14786967639655,0 36.57946810171758,37.14777890267279,0 36.58013826442068,37.14768767801054,0 36.58049822402656,37.14760918943001,0 36.58113812985008,37.14734565882387,0 36.58138630195307,37.14703597478341,0 36.5816231718136,37.14670698292603,0 36.58204569822836,37.14653438793835,0 36.58253018764945,37.14628675263987,0 36.58278661457383,37.14609168851003,0 36.58308392171167,37.14573531384143,0 36.58339313336124,37.14537918122664,0 36.58381868241255,37.14511126147214,0 36.58429246309513,37.14482524901076,0 36.5846865311177,37.14442315285999,0 36.58514285842423,37.14393648375821,0 36.58546304938736,37.14360918309539,0 36.58577345348492,37.14321491599365,0 36.58612966265508,37.14287880918897,0 36.58665689545818,37.14278463415862,0 36.58713952863565,37.14259416834847,0 36.58776352603379,37.1424542696929,0 36.58795978753116,37.14227704520702,0 36.58836209629668,37.14198955962552,0 36.58891303203431,37.1415238768755,0 36.5891312859066,37.14140432580521,0 36.5895611339726,37.14137492085985,0 36.59006484071072,37.14127071341039,0 36.59061617321385,37.14116747245648,0 36.59137728656684,37.14121156412545,0 36.59202084705235,37.14120557096957,0 36.59254377181474,37.14114098891168,0 36.59352870772932,37.14107754396422,0 36.59430867626297,37.14090262646403,0 36.59522221256661,37.14074233719948,0 36.59598691366146,37.14057902144521,0 36.59657753954342,37.14026909927927,0 36.59773899547735,37.13980383627032,0 36.59872956541246,37.13956162519158,0 36.5996762332341,37.13929467043539,0 36.60043940540698,37.13917898420661,0 36.60118957448768,37.13900341713939,0 36.60213171351429,37.1388794208027,0 36.60287510546682,37.1389183103903,0 36.60431912369638,37.13893559814057,0 36.6052571233955,37.13894264034466,0 36.60616197651883,37.13905630770675,0 36.60708397008315,37.13909877977699,0 36.60799145720213,37.13912902887552,0 36.60889894430176,37.13915927102129,0 36.61004456263015,37.13919431057988,0 36.61090852813295,37.13918789241146,0 36.61188818634201,37.13929110180187,0 36.61276291611672,37.13941603451917,0 36.61348994106928,37.13950221754173,0 36.61422773308451,37.13971975951294,0 36.61428164992734,37.13989968350985,0 36.61443188766547,37.14033191826795,0 36.61449619666291,37.14065512088693,0 36.61466356661291,37.14101616561379,0 36.61493437464092,37.14140313762077,0 36.61542769002348,37.1418184330618,0 36.61583545112225,37.14211278012639,0 36.61632952423283,37.14250424224759,0 36.61669226744799,37.14280960349171,0 36.61683512143731,37.1430032367505,0 36.61717184048876,37.14318884755782,0 36.61756809679233,37.14337565482555,0 36.6182315189121,37.14359167762825,0 36.61886891356567,37.14368794900229,0 36.61971356693763,37.14382414862326,0 36.62067281366772,37.14410571351861,0 36.62120453573944,37.14424753973813,0 36.62180545297242,37.14455766727886,0 36.62237287660314,37.14498634513137,0 36.6226016961405,37.14528900059239,0 36.62277877520865,37.14581714370213,0 36.62276571555365,37.14623416923526,0 36.62272844200386,37.14694877173898,0 36.62256280182999,37.14748195960755,0 36.62241614848762,37.147884381648,0 36.62236029755781,37.14824093533758,0 36.62243915633914,37.14857634794003,0 36.62264825051779,37.14903359983168,0 36.62280414933996,37.14928710066871,0 36.62309028570808,37.14966244022637,0 36.62333027581693,37.15008454307674,0 36.62339089803343,37.15052689172675,0 36.62355497251608,37.15099516079068,0 36.62370005937457,37.15159419619744,0 36.62386895149034,37.15238446915566,0 36.62401702717574,37.1528881835405,0 36.62413346822761,37.15345087684095,0 36.62414421548427,37.15405913986707,0 36.62426028580902,37.15463374755866,0 36.62434621152858,37.15521967252657,0 36.62435845202823,37.15578027555313,0 36.62436513235668,37.15604270438085,0 36.62414814128287,37.15631256891676,0 36.62408299927656,37.15649009946061,0 36.6243055509907,37.15651840831853,0 36.62473577039388,37.15657472630914,0 36.62523893212582,37.15668019501685,0 36.625801640689,37.1567868552065,0 36.62621399416867,37.15693819027909,0 36.62674805145021,37.15700850398621,0 36.62722666149116,37.15694655798474,0 36.62778417432286,37.15674311990666,0 36.62795388748919,37.15655575851382,0 36.62815672417457,37.15626175845723,0 36.62850693517536,37.15601839771009,0 36.6288977087836,37.15590699542023,0 36.62942320298413,37.15577444413188,0 36.63024382067322,37.15573125212524,0 36.63088542833084,37.15569639611987,0 36.63149317124191,37.15579200797321,0 36.63202536762416,37.15592187340041,0 36.63245150168853,37.15610922931539,0 36.63321854279898,37.15635108601973,0 36.63394278806983,37.15653247012789,0 36.6346078605285,37.15670074615208,0 36.63527145085363,37.15691667878929,0 36.63602436643002,37.15713439055703,0 36.63671848025756,37.15732707941205,0 36.63709997306588,37.15751352812083,0 36.63762699889678,37.15781018110248,0 36.63828652995654,37.15815716293736,0 36.6388891119047,37.1584195499227,0 36.63952592222078,37.15853954443072,0 36.63987765463357,37.15872539124426,0 36.64022864654447,37.15893506724747,0 36.64088782816294,37.15929395171667,0 36.64150346551946,37.15961619761634,0 36.64219428609297,37.15991609116401,0 36.6431199805977,37.1603279584394,0 36.64425781179489,37.1606248122278,0 36.64508671018105,37.16079628836632,0 36.64609426443735,37.16097130855449,0 36.64693805826739,37.16114306785425,0 36.64741446571311,37.16115253154961,0 36.64818973676321,37.16113216003708,0 36.64859613714254,37.1609971579814,0 36.64902074697293,37.1607552138852,0 36.64952099717404,37.16047120411289,0 36.64981304042938,37.16027670085417,0 36.65021847158168,37.15988414702495,0 36.6504547983443,37.15956454159758,0 36.65056188500235,37.15918514465744,0 36.65095362558726,37.15884954494675,0 36.65122508576106,37.15854971044679,0 36.65161445993257,37.15829036665564,0 36.65216437447926,37.15823450154624,0 36.65260474178893,37.15825276715309,0 36.65334975174022,37.1584392140207,0 36.65398934460976,37.15856634079394,0 36.65466732176593,37.15860838061548,0 36.65534588895252,37.15863135329068,0 36.65585713023352,37.15867008652675,0 36.65654996401941,37.15861702942848,0 36.65676728561411,37.15852594784926,0 36.65723589033699,37.15840168458048,0 36.65783403044145,37.15832767104752,0 36.65816603478304,37.15838192577084,0 36.65907780040787,37.15857163363337,0 36.6597769561825,37.15869990642567,0 36.66029864055237,37.15878651695589,0 36.66059638921153,37.15879239811238,0 36.66113498057108,37.15871719173365,0 36.66187985810655,37.15852205969934,0 36.6624318249628,37.15839942124903,0 36.66278220325707,37.15824418829907,0 36.66329550230704,37.15821616396589,0 36.66374807686459,37.15822509054634,0 36.66413229897518,37.15851881022304,0 36.66449035761143,37.15888831723623,0 36.66496898545328,37.15921250999109,0 36.66544820515022,37.15951763573208,0 36.66564715736673,37.15963601402826,0 36.66602241591371,37.15983417072273,0 36.66648192747851,37.16000537099016,0 36.66705068535003,37.16011195525532,0 36.66751547584023,37.16011157070372,0 36.66806568887281,37.16004610006927,0 36.66857177556902,37.15986530111843,0 36.66890096425682,37.15962379090273,0 36.66935013111545,37.15935602539368,0 36.66987798172973,37.15924241598184,0 36.67050248428639,37.15947407500299,0 36.67103024719435,37.15975151885723,0 36.67145922239233,37.16014147649664,0 36.6720720385956,37.16075442029818,0 36.6724647081031,37.16116273673669,0 36.6726691537874,37.16149104815767,0 36.67298890516037,37.1619456203174,0 36.67340335979455,37.16242112786679,0 36.67403857021785,37.16308219279974,0 36.67447452182388,37.16363442339994,0 36.67459209987642,37.16407548322157,0 36.67455629753843,37.16446584134241,0 36.67441592622458,37.16476830331658,0 36.67420730223557,37.16496450691643,0 36.67397595145408,37.16551317114237,0 36.67382366432938,37.16581539919172,0 36.67388460724838,37.16615996682384,0 36.67394350566811,37.16657126035933,0 36.6741947393359,37.16692910238409,0 36.67467346081159,37.16725325868439,0 36.67515306289408,37.16754881607622,0 36.67570705751891,37.16775045021781,0 36.67630087967467,37.16781933098956,0 36.67670149052798,37.16797026085973,0 36.677006226419,37.16813838575665,0 36.67727201862193,37.1684106640731,0 36.67741402536517,37.1688331243202,0 36.67761238257911,37.16936160821224,0 36.67776601287215,37.16979383436295,0 36.67791877042304,37.17025465660626,0 36.67805003890569,37.17063875283381,0 36.67816215557041,37.17086986442881,0 36.67825885784549,37.17121513095469,0 36.6783520592978,37.17167478598054,0 36.67845513159027,37.17220139961236,0 36.67857940396105,37.17281427248939,0 36.67874782491149,37.17354246682824,0 36.67900663963639,37.17404351901948,0 36.67923929835332,37.17462036258957,0 36.67947166872074,37.1752067375537,0 36.67966280869337,37.17558246760028,0 36.67986732174233,37.17591076915225,0 36.68015201763813,37.17634555895261,0 36.68041464114732,37.17672268807943,0 36.68077898566291,37.17689197030183,0 36.68133306359273,37.17709358156569,0 36.681754645488,37.1773402859639,0 36.68223492118607,37.17761675283127,0 36.68290493623456,37.17792554376027,0 36.6834683200609,37.1782131701719,0 36.68369813931967,37.17849426922997,0 36.68378499983865,37.1787725718663,0 36.68394217612939,37.17909040235204,0 36.68403600291491,37.17953098845696,0 36.68407928861866,37.17967490648052,0 36.68402260779729,37.17996947760355,0 36.68393047768677,37.18025381788201,0 36.6838729232274,37.18057698700606,0 36.68372384490603,37.18077437037358,0 36.68371656428372,37.18101267982159,0 36.68378714508083,37.18143373543824,0 36.68403381271506,37.1819440777537,0 36.68427497638447,37.18224447349557,0 36.6846698568302,37.18258602699854,0 36.68511181406036,37.18294757538845,0 36.68543405379125,37.18332585908446,0 36.685497387892,37.18359416310876,0 36.68563539183306,37.18415006848488,0 36.68568737871196,37.18479013459727,0 36.68569230756501,37.18501914433699,0 36.68562255035009,37.18535161315843,0 36.68539645006897,37.18572871716409,0 36.68505991477266,37.18620857964491,0 36.68493958446111,37.1866354404995,0 36.68472218754268,37.18711763100352,0 36.68462626567582,37.1875258927944,0 36.68446147411314,37.1878469640556,0 36.68429114769253,37.18834915080924,0 36.68418010172577,37.18886203410988,0 36.68396790849705,37.18956370038526,0 36.68399316777813,37.18990756465392,0 36.68394952942863,37.19055529887172,0 36.68380564415966,37.19097215900782,0 36.6836184369084,37.19163616132254,0 36.68344401583295,37.19227179823284,0 36.68331958545092,37.19283210942682,0 36.68327710400363,37.19344171303381,0 36.68326428058295,37.19386113645955,0 36.68312938696116,37.19437355155115,0 36.68301511608141,37.19499128943478,0 36.68290317495949,37.19553276750253,0 36.68281827085453,37.19596985598142,0 36.68258308492782,37.19664245439731,0 36.68242289028851,37.19720206411251,0 36.68198745210003,37.19779443698847,0 36.68166421400338,37.19822685816523,0 36.68131567928052,37.1987064739408,0 36.68101889124029,37.1990535685442,0 36.68068897771997,37.1993141717574,0 36.68036951829343,37.19962266885229,0 36.6803255974917,37.199888873636,0 36.68016917260994,37.2003245584051,0 36.68007320475298,37.20073281424057,0 36.67996356736236,37.20119802958669,0 36.67973820998591,37.20193757967348,0 36.67948959854764,37.20265759850457,0 36.67937995418307,37.20312281295387,0 36.67914442045532,37.20380493372548,0 36.67887313089931,37.20448635381424,0 36.67862543740127,37.20478671504436,0 36.67834812564752,37.20488619574315,0 36.67797167544936,37.20510772556298,0 36.67718535523997,37.2054738225921,0 36.67680422224802,37.20584786494152,0 36.67628877503569,37.20632418901014,0 36.67619599399672,37.20662758433944,0 36.67596714630398,37.20709045518738,0 36.67565889011264,37.20780929381933,0 36.67538638309705,37.20852883253759,0 36.67514209481739,37.20910585486175,0 36.67494605973857,37.20966474755594,0 36.67476750039234,37.21004276177328,0 36.67467119586847,37.21046054289052,0 36.67460165391517,37.21078346885901,0 36.67466028530793,37.21120429310631,0 36.67473639553757,37.21144423844925,0 36.67495991756373,37.2115440083083,0 36.67533750021985,37.21167541714906,0 36.67585605833861,37.21187635909477,0 36.6763275297615,37.21205729790734,0 36.67671762105437,37.21216987213405,0 36.67715743380956,37.21221665407448,0 36.67798763503093,37.21236647284612,0 36.67867481745601,37.21251348067678,0 36.67945080690709,37.21268130204206,0 36.68022126645563,37.21293246785044,0 36.68074012526984,37.21322162066804,0 36.68116087837371,37.21350169590047,0 36.68167449183504,37.21396242685872,0 36.68227009575644,37.21437468545488,0 36.68268801567129,37.2147476961314,0 36.68321430477411,37.2150870583195,0 36.68390716519246,37.21553698007525,0 36.68446006401289,37.21588401120643,0 36.684908320146,37.21614315096801,0 36.68544553434496,37.21641833590706,0 36.68605993152897,37.21680233001793,0 36.68657796601197,37.21712005580761,0 36.68695188149025,37.21747073053398,0 36.68729810659763,37.21784947821274,0 36.68760116585059,37.21817730625823,0 36.68789900044131,37.21838342287865,0 36.68841552562402,37.21875118589959,0 36.68877332262144,37.21904431284003,0 36.68904761036085,37.21943595764452,0 36.68928832301093,37.21975541058743,0 36.68950679507768,37.22021750070312,0 36.68969409095923,37.22052875737645,0 36.68989817662348,37.22087610934622,0 36.69014478349302,37.22129582565542,0 36.69040120564834,37.22168711880261,0 36.69067398425371,37.22212880506598,0 36.69096442735204,37.22257798905227,0 36.69134253201487,37.22308611037639,0 36.69163494575896,37.22347094910045,0 36.69200935015608,37.22380731120325,0 36.69251611966671,37.22420348079668,0 36.69264063655926,37.22452066291994,0 36.69269777725259,37.22499390909985,0 36.69268666211154,37.22535852191176,0 36.69258810470932,37.22565704813274,0 36.69240101113014,37.22592523504197,0 36.69219363808624,37.22627171495768,0 36.69194155916032,37.22661732186838,0 36.69169253139158,37.22686283951187,0 36.69139727136054,37.22715752946049,0 36.69113428203219,37.22756730377529,0 36.69082614995439,37.22799050340984,0 36.69058212716112,37.22836487936812,0 36.69026221232188,37.22888084367311,0 36.68998896012537,37.22933333655152,0 36.68965464650138,37.22973456150358,0 36.68953316720997,37.23019716833814,0 36.68939118558374,37.23074521714446,0 36.68933054451706,37.23126623951288,0 36.68922519664159,37.23178638901571,0 36.68917589607386,37.23222894400097,0 36.68905768502825,37.23258431208806,0 36.6890131859941,37.23286958351003,0 36.68900336108823,37.23319129887056,0 36.68900093786041,37.23385652804858,0 36.68898609064929,37.23434267619208,0 36.68902052548071,37.23497285705901,0 36.68904754721113,37.23555281867495,0 36.68908002783967,37.23595404937281,0 36.68914173628777,37.23627716124508,0 36.68921674279424,37.23675075694849,0 36.6893140019857,37.23708171653671,0 36.68953142594609,37.23757955267888,0 36.68968778699468,37.23802612206148,0 36.68985309306338,37.23847286582941,0 36.68989670356422,37.23880277867152,0 36.68991043151137,37.23923225621061,0 36.68996494947835,37.23949799996514,0 36.68994160751182,37.23967638177257,0 36.68987202668973,37.23990393639195,0 36.68972109194512,37.24015851614666,0 36.68943405722903,37.2404748197754,0 36.68908267696951,37.24084709536242,0 36.6886588795455,37.24124656968989,0 36.6881035493788,37.24185092358101,0 36.68796395067848,37.24202703384997,0 36.68767864955341,37.24228613955597,0 36.68727272182351,37.24268595774017,0 36.6869106288602,37.24311524433184,0 36.6865153856055,37.24345804045289,0 36.68603506107293,37.24394939482023,0 36.68594845321612,37.24414799890266,0 36.68604767293032,37.24441461816046,0 36.68615146341998,37.24482439694581,0 36.68622582403512,37.245026148192,0 36.68625525382269,37.2452341747295,0 36.68632458533282,37.24560035813817,0 36.68633306789943,37.24590812384231,0 36.68645127049116,37.24613934607421,0 36.68663447951158,37.24629315140479,0 36.68699173921102,37.24660773417784,0 36.68742992524172,37.24690958980201,0 36.68787683940395,37.24721876899808,0 36.68814708121361,37.2474529598685,0 36.68832898583622,37.24764965688021,0 36.68846311711774,37.24794557014231,0 36.68865003428497,37.24827112735057,0 36.68871808408115,37.24838691257575,0 36.68882081402779,37.24853914192622,0 36.68906073798404,37.24888719488133,0 36.68946578211435,37.2493958480738,0 36.68978401815716,37.24981696320342,0 36.68999101616617,37.25007137568326,0 36.69035921490843,37.25032178115232,0 36.69068379077656,37.25053556557207,0 36.69103345312107,37.25080706758529,0 36.6914202010219,37.25103637141798,0 36.69153428414064,37.251110131535,0 36.69196226492839,37.25116139987107,0 36.69239722666411,37.25127718464312,0 36.69296677847541,37.25138128420726,0 36.69346543851968,37.25146253903821,0 36.69388469725178,37.2515064767179,0 36.69426643766977,37.25160691096242,0 36.69491387274636,37.25179836084086,0 36.69580912051733,37.25208047386791,0 36.69647140273924,37.25237235320807,0 36.69697226794632,37.25267539516695,0 36.6972608798123,37.25289561570452,0 36.6975346729992,37.25330869293396,0 36.6976921978912,37.25371950669676,0 36.69782572291805,37.25403685829127,0 36.69786959142814,37.25435961936544,0 36.69797891793623,37.25488395048253,0 36.69804047740841,37.25550750290464,0 36.69815896828261,37.25602485923898,0 36.69826568686311,37.25663498240412,0 36.69834664168452,37.25691554303376,0 36.69862545838082,37.25716418394281,0 36.69913924721769,37.25763199908833,0 36.69951232578924,37.2580183873057,0 36.69962011910955,37.25829946884605,0 36.6999541611907,37.25879239937864,0 36.70016233260284,37.2593043439658,0 36.70032966613525,37.25974813871874,0 36.70195097287452,37.26042761650918,0 36.70331151512198,37.26101200305132,0 36.70428632291586,37.26133136545641,0 36.70470742487493,37.26161136680261,0 36.70494746315238,37.26195939070805,0 36.70516961227681,37.26230706720996,0 36.70552707107569,37.26291489292643,0 36.70570650204905,37.26349065184979,0 36.70576374149621,37.26396389169958,0 36.70566083552644,37.26440541417441,0 36.70539474312395,37.26491530595032,0 36.70510988892698,37.26545344723344,0 36.70499038815342,37.26585172554858,0 36.7050306012753,37.26629602215572,0 36.70518119992708,37.26664231083829,0 36.70549325220872,37.26697742279148,0 36.70599820300247,37.26744503672727,0 36.70651888199104,37.26798448903787,0 36.7070037861435,37.26852324494051,0 36.70759344222669,37.26914987153582,0 36.70818571083908,37.26969070277107,0 36.70872431269022,37.27023049278368,0 36.70942654931047,37.27068760520808,0 36.71016284607389,37.27120260175778,0 36.71063423580795,37.27159801216927,0 36.71084994047348,37.27216015778253,0 36.71083781211522,37.27256051922188,0 36.71087329646866,37.27316209938883,0 36.71052684017145,37.27337000097994,0 36.71000448850175,37.27347434850772,0 36.70955630761585,37.27349428737531,0 36.70923163944622,37.27357384406089,0 36.70892009572925,37.2738110308345,0 36.70864173335987,37.27413470060654,0 36.70854576509959,37.27434744695679,0 36.70853980760132,37.27513421566519,0 36.70858319349645,37.27606500924741,0 36.70867407430689,37.2766104343209,0 36.70848646712397,37.27689294039965,0 36.70836826492715,37.27724832602575,0 36.70816319485536,37.27751618581601,0 36.70769980562568,37.27803656688889,0 36.70727566715983,37.27844325144044,0 36.70663115656147,37.27903165266077,0 36.70616948385372,37.27949483257808,0 36.70587319347213,37.2798181475092,0 36.70554111168455,37.28014076843051,0 36.70511781947459,37.28051884628518,0 36.70482977453025,37.28057048667817,0 36.70439466490539,37.28074803546812,0 36.70388971454528,37.28086700010018,0 36.70335245236672,37.28087087842494,0 36.70292473029584,37.28080534753522,0 36.70240840630867,37.28070947958281,0 36.70189817452583,37.28041343070255,0 36.70144641430301,37.27996113918439,0 36.7008013079903,37.27939063369411,0 36.70000870840892,37.2789603266075,0 36.69910744905396,37.27857082259761,0 36.69859158260466,37.27846064057658,0 36.69801593665053,37.27854959015296,0 36.69770302956997,37.27882964037086,0 36.69754462775299,37.27932730098316,0 36.69734782139935,37.27991005576725,0 36.69722607393857,37.28037981524116,0 36.69731818334174,37.2808823510463,0 36.69746397761473,37.28138593069405,0 36.69762592400093,37.2819470533117,0 36.69803883199103,37.2824987516109,0 36.69829025853056,37.28306161435677,0 36.6983134122393,37.28347696587689,0 36.69845616751919,37.28408063445497,0 36.69867878148992,37.2844140241852,0 36.69909301775514,37.28492282426125,0 36.69945575035242,37.28535908605448,0 36.7000930574508,37.28618697298408,0 36.70016903682027,37.2866319650301,0 36.70003288232291,37.28698699115394,0 36.69975094748312,37.28742502449006,0 36.69945503308871,37.28773402291662,0 36.69915650255821,37.28812881150525,0 36.6989291172784,37.28853928966444,0 36.69867816868661,37.28913529909092,0 36.69843200944281,37.28957402487076,0 36.69806362389539,37.28991022346695,0 36.69780827970948,37.29006263070252,0 36.69740802047037,37.29026944464807,0 36.69691609609563,37.29054600791407,0 36.69658829031021,37.29072561561487,0 36.69614612345855,37.29113190567542,0 36.69593573550272,37.29157132247413,0 36.6958995144372,37.29217150732816,0 36.69568432321138,37.29276820603433,0 36.69527356841652,37.29331817386687,0 36.69472268652543,37.29376526129068,0 36.69421239528253,37.29405576036254,0 36.69349126316791,37.29421338519656,0 36.69278977466938,37.29431416094487,0 36.69199879644037,37.29441318651725,0 36.69149723413383,37.29441770606352,0 36.6909581287094,37.29447871930812,0 36.69015187501106,37.29449159266994,0 36.68947090229018,37.29450690760404,0 36.68898504915429,37.29458325841365,0 36.68819362663275,37.29469655708871,0 36.68756327863324,37.29481299838334,0 36.68704337985205,37.29483144790083,0 36.68676008845849,37.29472576039419,0 36.68664181673203,37.29449453760817,0 36.68652661242541,37.29416322576606,0 36.68659081778309,37.29382111698812,0 36.68670652421316,37.29355154857199,0 36.68680827477338,37.29315294521582,0 36.68680395641276,37.29270934732515,0 36.68682323029398,37.29208022108977,0 36.68663819391149,37.2916903169379,0 36.68637894475414,37.29138480267503,0 36.68609741960086,37.29122192054672,0 36.68582246842166,37.29084456285934,0 36.68544496326971,37.29030782319,0 36.68490552226115,37.28979652634251,0 36.684416706184,37.28938636700144,0 36.6838017470669,37.28900234893991,0 36.68314705525167,37.28874631240197,0 36.68255649232315,37.28873474496045,0 36.68191048576491,37.28877931585488,0 36.68124438853723,37.28889502357473,0 36.68048749214363,37.28905186843447,0 36.67986025700356,37.28906818227533,0 36.67922083778964,37.28889826429231,0 36.67872502875123,37.28871685443535,0 36.67812888060102,37.28830456347276,0 36.67753010080583,37.28797805848892,0 36.67698017477424,37.28780988545371,0 36.67651928934087,37.28765776608962,0 36.67586287464414,37.28745888255145,0 36.67527628591723,37.28731859521515,0 36.67483110189455,37.28723831198239,0 36.67440557457999,37.28710118587533,0 36.67391331158418,37.28680537146871,0 36.67352666270316,37.28656885789142,0 36.67333862480278,37.28627902354262,0 36.67302840662693,37.28588663601732,0 36.67273256224788,37.28560898661403,0 36.67236866428829,37.28521554229758,0 36.67199904208241,37.28500797356517,0 36.67141953330189,37.28463889716398,0 36.67080556312725,37.28422621834216,0 36.67035088688994,37.28387390183884,0 36.66993332766458,37.28347939261354,0 36.66962225499074,37.28311559428295,0 36.6694866006329,37.28286970609499,0 36.66939202784314,37.28245294423188,0 36.66937123933978,37.28196610088489,0 36.66929544578426,37.28152109505469,0 36.66905375457908,37.28123019618415,0 36.66859380766959,37.28104945124447,0 36.66764543386914,37.28103075844531,0 36.66659014014477,37.28099564282481,0 36.66578270867792,37.28105124978143,0 36.66524147515721,37.28118363886878,0 36.66473779513723,37.28125953915192,0 36.66412852003291,37.28127612486507,0 36.66333942221763,37.28131776969143,0 36.66237403940676,37.28127008482431,0 36.6610865700855,37.28121602580072,0 36.6595320248075,37.28111374840549,0 36.65833669017768,37.28097564089033,0 36.65715570581126,37.28095226050159,0 36.65600917978073,37.28097247029439,0 36.65452356087933,37.28095733395087,0 36.65361098561197,37.28093923915502,0 36.652398218248,37.28078641868128,0 36.6517043686323,37.28064388706616,0 36.65076090250097,37.28046778218831,0 36.6499968199088,37.28028092586579,0 36.64935132120379,37.28031102229284,0 36.64893354234459,37.28050301660051,0 36.6487618199851,37.28084296740333,0 36.64868143644549,37.28169977803941,0 36.64872541681488,37.28258767395344,0 36.64877874527224,37.28317531225367,0 36.64886919740874,37.28372076910629,0 36.6491873828283,37.28442812534796,0 36.64929706881993,37.28493104216126,0 36.64940631107024,37.28544825823545,0 36.64946186944852,37.28596440664885,0 36.64958322457481,37.28666785077038,0 36.64969024588395,37.28725655614071,0 36.64985006420075,37.2878749230563,0 36.64983182139267,37.28846113964321,0 36.64984081688447,37.28874745419308,0 36.64992638683833,37.28945018686616,0 36.64986122715587,37.2903931407661,0 36.6497831599197,37.29175073478996,0 36.64967454218638,37.29236376819515,0 36.64920754832018,37.29298398735447,0 36.64836783633761,37.29349664818403,0 36.64757103334637,37.29378124794506,0 36.64679791567105,37.29388032522974,0 36.64629502734177,37.2939275473547,0 36.64554292370274,37.29392688725027,0 36.64434652734438,37.29381722832485,0 36.64340068730411,37.29371254826292,0 36.64206023469927,37.29362860991449,0 36.64105803073139,37.29360862845687,0 36.64032382887741,37.29360829215477,0 36.64001735513212,37.29367371177811,0 36.63947598994952,37.29380597797478,0 36.63918562223414,37.29392894400213,0 36.6388205374188,37.29415056593295,0 36.63845679323149,37.29432929262797,0 36.6380541213857,37.29460738799595,0 
								</coordinates>
							</LinearRing>
						</outerBoundaryIs>
					</Polygon>
				</MultiGeometry>
			</Placemark>
		</Folder>
	</Folder>
</Document>
</kml>
